x1;y1;x2;y2;class;manufacturer;type;class_name;manufacturer_name;type_name;image
39;116;569;375;14;3;1;Audi TTS Coupe 2012;Audi;Coupe;00001.jpg
36;116;868;587;3;1;4;Acura TL Sedan 2012;Acura;Sedan;00002.jpg
85;109;601;381;91;12;6;Dodge Dakota Club Cab 2007;Dodge;Truck;00003.jpg
621;393;1484;1096;134;22;4;Hyundai Sonata Hybrid Sedan 2012;Hyundai;Sedan;00004.jpg
14;36;133;99;106;17;6;Ford F-450 Super Duty Crew Cab 2012;Ford;Truck;00005.jpg
259;289;515;416;123;19;0;Geo Metro Convertible 1993;Geo;Convertible;00006.jpg
88;80;541;397;89;12;5;Dodge Journey SUV 2012;Dodge;SUV;00007.jpg
73;79;591;410;96;12;4;Dodge Charger Sedan 2012;Dodge;Sedan;00008.jpg
20;126;1269;771;167;35;4;Mitsubishi Lancer Sedan 2012;Mitsubishi;Sedan;00009.jpg
21;110;623;367;58;9;5;Chevrolet Traverse SUV 2012;Chevrolet;SUV;00010.jpg
51;93;601;393;49;7;4;Buick Verano Sedan 2012;Buick;Sedan;00011.jpg
6;62;499;286;186;45;5;Toyota Sequoia SUV 2012;Toyota;SUV;00012.jpg
30;36;418;307;135;22;4;Hyundai Elantra Sedan 2007;Hyundai;Sedan;00013.jpg
31;246;778;540;85;12;3;Dodge Caravan Minivan 1997;Dodge;Minivan;00014.jpg
32;77;589;379;193;47;2;Volvo C30 Hatchback 2012;Volvo;Hatchback;00015.jpg
27;49;611;396;172;37;1;Plymouth Neon Coupe 1999;Plymouth;Coupe;00016.jpg
39;52;233;150;14;3;1;Audi TTS Coupe 2012;Audi;Coupe;00017.jpg
3;8;190;147;73;9;4;Chevrolet Malibu Sedan 2007;Chevrolet;Sedan;00018.jpg
247;287;1366;761;192;46;2;Volkswagen Beetle Hatchback 2012;Volkswagen;Hatchback;00019.jpg
17;281;961;596;57;9;1;Chevrolet Corvette Ron Fellows Edition Z06 2007;Chevrolet;Coupe;00020.jpg
17;156;695;375;79;10;4;Chrysler 300 SRT-8 2010;Chrysler;Sedan;00021.jpg
212;538;1893;1131;36;4;0;BMW M6 Convertible 2010;BMW;Convertible;00022.jpg
11;28;476;234;120;18;5;GMC Yukon Hybrid SUV 2012;GMC;SUV;00023.jpg
53;126;973;621;170;36;2;Nissan Juke Hatchback 2012;Nissan;Hatchback;00024.jpg
34;87;567;343;194;47;4;Volvo 240 Sedan 1993;Volvo;Sedan;00025.jpg
30;174;598;379;134;22;4;Hyundai Sonata Hybrid Sedan 2012;Hyundai;Sedan;00026.jpg
80;107;606;336;184;43;4;Suzuki SX4 Sedan 2012;Suzuki;Sedan;00027.jpg
45;115;585;382;86;12;6;Dodge Ram Pickup 3500 Crew Cab 2010;Dodge;Truck;00028.jpg
28;139;1564;1126;180;42;1;Spyker C8 Coupe 2009;Spyker;Coupe;00029.jpg
82;109;874;521;194;47;4;Volvo 240 Sedan 1993;Volvo;Sedan;00030.jpg
55;318;446;564;154;28;5;Land Rover Range Rover SUV 2012;Land Rover;SUV;00031.jpg
12;31;471;350;139;22;2;Hyundai Elantra Touring Hatchback 2012;Hyundai;Hatchback;00032.jpg
34;197;1011;656;66;9;4;Chevrolet Cobalt SS 2010;Chevrolet;Sedan;00033.jpg
37;63;614;397;133;22;5;Hyundai Veracruz SUV 2012;Hyundai;SUV;00034.jpg
223;87;1111;670;154;28;5;Land Rover Range Rover SUV 2012;Land Rover;SUV;00035.jpg
138;41;521;223;104;15;1;Ferrari 458 Italia Coupe 2012;Ferrari;Coupe;00036.jpg
31;87;616;344;38;4;0;BMW Z4 Convertible 2012;BMW;Convertible;00037.jpg
16;89;459;326;97;12;4;Dodge Charger SRT-8 2009;Dodge;Sedan;00038.jpg
53;113;614;350;105;16;4;Fisker Karma Sedan 2012;Fisker;Sedan;00039.jpg
214;110;660;403;142;23;5;Infiniti QX56 SUV 2011;Infiniti;SUV;00040.jpg
61;55;566;408;13;3;1;Audi A5 Coupe 2012;Audi;Coupe;00041.jpg
28;61;622;371;191;46;2;Volkswagen Golf Hatchback 1991;Volkswagen;Hatchback;00042.jpg
22;39;588;362;119;18;7;GMC Savana Van 2012;GMC;Van;00043.jpg
220;193;537;364;38;4;0;BMW Z4 Convertible 2012;BMW;Convertible;00044.jpg
12;108;489;297;186;45;5;Toyota Sequoia SUV 2012;Toyota;SUV;00045.jpg
28;80;759;466;25;3;1;Audi TT RS Coupe 2012;Audi;Coupe;00046.jpg
84;248;1102;899;194;47;4;Volvo 240 Sedan 1993;Volvo;Sedan;00047.jpg
142;69;753;451;177;40;4;Rolls-Royce Phantom Sedan 2012;Rolls-Royce;Sedan;00048.jpg
166;543;887;903;173;38;4;Porsche Panamera Sedan 2012;Porsche;Sedan;00049.jpg
20;96;564;341;42;5;1;Bentley Continental GT Coupe 2012;Bentley;Coupe;00050.jpg
41;181;607;465;91;12;6;Dodge Dakota Club Cab 2007;Dodge;Truck;00051.jpg
39;29;774;395;148;26;5;Jeep Grand Cherokee SUV 2012;Jeep;SUV;00052.jpg
58;562;1528;1081;97;12;4;Dodge Charger SRT-8 2009;Dodge;Sedan;00054.jpg
80;120;582;391;42;5;1;Bentley Continental GT Coupe 2012;Bentley;Coupe;00055.jpg
32;48;472;267;53;8;6;Cadillac Escalade EXT Crew Cab 2007;Cadillac;Truck;00056.jpg
260;138;972;439;44;5;4;Bentley Continental Flying Spur Sedan 2007;Bentley;Sedan;00057.jpg
11;35;256;173;65;9;6;Chevrolet Avalanche Crew Cab 2012;Chevrolet;Truck;00058.jpg
68;91;607;354;90;12;6;Dodge Dakota Crew Cab 2010;Dodge;Truck;00059.jpg
11;104;1011;742;114;17;6;Ford F-150 Regular Cab 2007;Ford;Truck;00061.jpg
19;21;425;265;190;46;2;Volkswagen Golf Hatchback 2012;Volkswagen;Hatchback;00062.jpg
175;330;928;647;101;15;1;Ferrari FF Coupe 2012;Ferrari;Coupe;00063.jpg
97;39;925;700;187;45;4;Toyota Camry Sedan 2012;Toyota;Sedan;00064.jpg
63;175;417;320;8;2;0;Aston Martin V8 Vantage Convertible 2012;Aston;Convertible;00065.jpg
30;39;221;125;17;3;4;Audi 100 Sedan 1994;Audi;Sedan;00066.jpg
129;89;594;432;111;17;6;Ford Ranger SuperCab 2011;Ford;Truck;00067.jpg
32;43;598;350;122;18;6;GMC Canyon Extended Cab 2012;GMC;Truck;00068.jpg
142;124;675;445;5;1;4;Acura TSX Sedan 2012;Acura;Sedan;00069.jpg
220;313;1054;976;29;4;4;BMW 3 Series Sedan 2012;BMW;Sedan;00070.jpg
8;12;639;299;126;21;3;Honda Odyssey Minivan 2012;Honda;Minivan;00071.jpg
92;271;1178;749;94;12;5;Dodge Durango SUV 2012;Dodge;SUV;00072.jpg
15;12;314;230;106;17;6;Ford F-450 Super Duty Crew Cab 2012;Ford;Truck;00073.jpg
14;12;309;223;106;17;6;Ford F-450 Super Duty Crew Cab 2012;Ford;Truck;00074.jpg
45;74;522;253;188;45;4;Toyota Corolla Sedan 2012;Toyota;Sedan;00075.jpg
12;27;284;166;59;9;0;Chevrolet Camaro Convertible 2012;Chevrolet;Convertible;00076.jpg
25;25;3502;2017;110;17;5;Ford Edge SUV 2012;Ford;SUV;00077.jpg
36;88;611;417;43;5;1;Bentley Continental GT Coupe 2007;Bentley;Coupe;00078.jpg
165;126;749;425;133;22;5;Hyundai Veracruz SUV 2012;Hyundai;SUV;00079.jpg
20;21;292;217;111;17;6;Ford Ranger SuperCab 2011;Ford;Truck;00080.jpg
10;55;540;271;8;2;0;Aston Martin V8 Vantage Convertible 2012;Aston;Convertible;00081.jpg
63;113;597;413;192;46;2;Volkswagen Beetle Hatchback 2012;Volkswagen;Hatchback;00082.jpg
55;48;294;205;18;3;8;Audi 100 Wagon 1994;Audi;Wagon;00083.jpg
27;67;620;474;116;17;7;Ford E-Series Wagon Van 2012;Ford;Van;00084.jpg
15;80;629;402;49;7;4;Buick Verano Sedan 2012;Buick;Sedan;00085.jpg
119;300;1416;871;145;26;5;Jeep Patriot SUV 2012;Jeep;SUV;00086.jpg
17;36;455;215;49;7;4;Buick Verano Sedan 2012;Buick;Sedan;00087.jpg
171;176;2373;1751;170;36;2;Nissan Juke Hatchback 2012;Nissan;Hatchback;00088.jpg
49;195;1003;617;20;3;4;Audi S6 Sedan 2011;Audi;Sedan;00089.jpg
5;43;296;211;114;17;6;Ford F-150 Regular Cab 2007;Ford;Truck;00090.jpg
49;57;494;419;165;34;4;Mercedes-Benz S-Class Sedan 2012;Mercedes-Benz;Sedan;00091.jpg
101;84;492;272;138;22;4;Hyundai Sonata Sedan 2012;Hyundai;Sedan;00092.jpg
23;53;258;144;175;40;0;Rolls-Royce Phantom Drophead Coupe Convertible 2012;Rolls-Royce;Convertible;00093.jpg
19;60;783;440;112;17;1;Ford GT Coupe 2006;Ford;Coupe;00094.jpg
110;171;1213;648;122;18;6;GMC Canyon Extended Cab 2012;GMC;Truck;00095.jpg
39;67;346;206;104;15;1;Ferrari 458 Italia Coupe 2012;Ferrari;Coupe;00096.jpg
3;7;76;50;57;9;1;Chevrolet Corvette Ron Fellows Edition Z06 2007;Chevrolet;Coupe;00097.jpg
65;37;578;360;51;8;4;Cadillac CTS-V Sedan 2012;Cadillac;Sedan;00098.jpg
27;60;486;364;37;4;5;BMW X3 SUV 2012;BMW;SUV;00099.jpg
22;180;454;355;71;9;7;Chevrolet Express Van 2007;Chevrolet;Van;00100.jpg
70;39;940;742;193;47;2;Volvo C30 Hatchback 2012;Volvo;Hatchback;00101.jpg
99;130;396;222;105;16;4;Fisker Karma Sedan 2012;Fisker;Sedan;00102.jpg
85;107;609;381;61;9;4;Chevrolet Impala Sedan 2007;Chevrolet;Sedan;00103.jpg
1;76;480;315;74;9;6;Chevrolet Silverado 1500 Extended Cab 2012;Chevrolet;Truck;00104.jpg
57;266;967;623;133;22;5;Hyundai Veracruz SUV 2012;Hyundai;SUV;00105.jpg
69;75;236;161;162;34;4;Mercedes-Benz C-Class Sedan 2012;Mercedes-Benz;Sedan;00106.jpg
24;17;249;163;131;22;5;Hyundai Santa Fe SUV 2012;Hyundai;SUV;00107.jpg
7;27;212;147;88;12;7;Dodge Sprinter Cargo Van 2009;Dodge;Van;00108.jpg
18;14;248;168;121;18;5;GMC Acadia SUV 2012;GMC;SUV;00109.jpg
52;6;759;513;180;42;1;Spyker C8 Coupe 2009;Spyker;Coupe;00111.jpg
231;103;430;226;137;22;4;Hyundai Genesis Sedan 2012;Hyundai;Sedan;00112.jpg
91;148;700;582;133;22;5;Hyundai Veracruz SUV 2012;Hyundai;SUV;00113.jpg
19;72;624;397;71;9;7;Chevrolet Express Van 2007;Chevrolet;Van;00114.jpg
26;90;376;243;83;12;8;Dodge Caliber Wagon 2012;Dodge;Wagon;00115.jpg
132;120;667;401;110;17;5;Ford Edge SUV 2012;Ford;SUV;00116.jpg
84;44;663;342;42;5;1;Bentley Continental GT Coupe 2012;Bentley;Coupe;00117.jpg
87;235;591;412;177;40;4;Rolls-Royce Phantom Sedan 2012;Rolls-Royce;Sedan;00118.jpg
173;370;1207;960;147;26;5;Jeep Liberty SUV 2012;Jeep;SUV;00119.jpg
3;19;195;114;161;34;0;Mercedes-Benz 300-Class Convertible 1993;Mercedes-Benz;Convertible;00120.jpg
49;143;487;455;109;17;5;Ford Expedition EL SUV 2009;Ford;SUV;00121.jpg
72;67;233;176;28;4;1;BMW 1 Series Coupe 2012;BMW;Coupe;00122.jpg
151;568;1954;1271;144;25;1;Jaguar XK XKR 2012;Jaguar;Coupe;00123.jpg
14;88;271;178;53;8;6;Cadillac Escalade EXT Crew Cab 2007;Cadillac;Truck;00124.jpg
135;761;1894;1353;29;4;4;BMW 3 Series Sedan 2012;BMW;Sedan;00125.jpg
44;123;778;487;66;9;4;Chevrolet Cobalt SS 2010;Chevrolet;Sedan;00126.jpg
69;103;537;322;79;10;4;Chrysler 300 SRT-8 2010;Chrysler;Sedan;00127.jpg
86;78;355;284;13;3;1;Audi A5 Coupe 2012;Audi;Coupe;00128.jpg
50;80;592;273;136;22;4;Hyundai Accent Sedan 2012;Hyundai;Sedan;00129.jpg
95;161;543;368;143;24;5;Isuzu Ascender SUV 2008;Isuzu;SUV;00130.jpg
275;195;863;474;171;36;1;Nissan 240SX Coupe 1998;Nissan;Coupe;00131.jpg
99;78;557;389;89;12;5;Dodge Journey SUV 2012;Dodge;SUV;00132.jpg
11;126;426;360;135;22;4;Hyundai Elantra Sedan 2007;Hyundai;Sedan;00133.jpg
1;2;267;185;161;34;0;Mercedes-Benz 300-Class Convertible 1993;Mercedes-Benz;Convertible;00134.jpg
19;735;2669;2192;58;9;5;Chevrolet Traverse SUV 2012;Chevrolet;SUV;00135.jpg
21;35;279;195;122;18;6;GMC Canyon Extended Cab 2012;GMC;Truck;00136.jpg
45;99;593;403;178;41;2;Scion xD Hatchback 2012;Scion;Hatchback;00137.jpg
130;282;1425;900;56;9;1;Chevrolet Corvette ZR1 2012;Chevrolet;Coupe;00138.jpg
72;215;628;481;184;43;4;Suzuki SX4 Sedan 2012;Suzuki;Sedan;00139.jpg
62;95;633;434;191;46;2;Volkswagen Golf Hatchback 1991;Volkswagen;Hatchback;00140.jpg
13;106;476;260;40;5;4;Bentley Arnage Sedan 2009;Bentley;Sedan;00141.jpg
78;300;952;633;60;9;8;Chevrolet HHR SS 2010;Chevrolet;Wagon;00142.jpg
72;51;566;412;155;28;5;Land Rover LR2 SUV 2012;Land Rover;SUV;00143.jpg
66;59;283;202;71;9;7;Chevrolet Express Van 2007;Chevrolet;Van;00144.jpg
135;36;1181;885;140;22;4;Hyundai Azera Sedan 2012;Hyundai;Sedan;00145.jpg
2;5;298;162;42;5;1;Bentley Continental GT Coupe 2012;Bentley;Coupe;00146.jpg
8;12;770;309;76;10;5;Chrysler Aspen SUV 2009;Chrysler;SUV;00147.jpg
24;78;608;379;187;45;4;Toyota Camry Sedan 2012;Toyota;Sedan;00148.jpg
34;1;242;179;86;12;6;Dodge Ram Pickup 3500 Crew Cab 2010;Dodge;Truck;00149.jpg
11;208;596;386;8;2;0;Aston Martin V8 Vantage Convertible 2012;Aston;Convertible;00150.jpg
8;37;294;150;5;1;4;Acura TSX Sedan 2012;Acura;Sedan;00151.jpg
23;66;499;311;47;7;4;Buick Regal GS 2012;Buick;Sedan;00152.jpg
6;138;627;361;30;4;8;BMW 3 Series Wagon 2012;BMW;Wagon;00153.jpg
17;105;385;243;18;3;8;Audi 100 Wagon 1994;Audi;Wagon;00154.jpg
76;4;1585;1120;149;26;5;Jeep Compass SUV 2012;Jeep;SUV;00155.jpg
22;21;211;139;174;39;3;Ram C/V Cargo Van Minivan 2012;Ram;Minivan;00156.jpg
32;130;973;661;138;22;4;Hyundai Sonata Sedan 2012;Hyundai;Sedan;00157.jpg
75;236;1196;846;179;42;0;Spyker C8 Convertible 2009;Spyker;Convertible;00158.jpg
37;139;988;694;24;3;4;Audi S4 Sedan 2007;Audi;Sedan;00159.jpg
114;46;546;287;42;5;1;Bentley Continental GT Coupe 2012;Bentley;Coupe;00160.jpg
12;83;629;354;73;9;4;Chevrolet Malibu Sedan 2007;Chevrolet;Sedan;00161.jpg
38;66;548;385;176;40;4;Rolls-Royce Ghost Sedan 2012;Rolls-Royce;Sedan;00162.jpg
46;84;661;428;1;0;5;AM General Hummer SUV 2000;AM;SUV;00163.jpg
13;29;239;174;37;4;5;BMW X3 SUV 2012;BMW;SUV;00164.jpg
27;65;490;220;36;4;0;BMW M6 Convertible 2010;BMW;Convertible;00165.jpg
4;69;402;245;108;17;3;Ford Freestar Minivan 2007;Ford;Minivan;00166.jpg
19;27;429;258;41;5;4;Bentley Mulsanne Sedan 2011;Bentley;Sedan;00167.jpg
110;96;565;389;40;5;4;Bentley Arnage Sedan 2009;Bentley;Sedan;00168.jpg
2;22;140;81;119;18;7;GMC Savana Van 2012;GMC;Van;00169.jpg
48;71;615;453;119;18;7;GMC Savana Van 2012;GMC;Van;00170.jpg
41;42;262;170;19;3;2;Audi TT Hatchback 2011;Audi;Hatchback;00171.jpg
6;108;493;267;163;34;1;Mercedes-Benz SL-Class Coupe 2009;Mercedes-Benz;Coupe;00172.jpg
26;61;508;342;120;18;5;GMC Yukon Hybrid SUV 2012;GMC;SUV;00173.jpg
13;29;249;159;54;9;6;Chevrolet Silverado 1500 Hybrid Crew Cab 2012;Chevrolet;Truck;00174.jpg
69;120;739;502;116;17;7;Ford E-Series Wagon Van 2012;Ford;Van;00175.jpg
45;85;1005;558;66;9;4;Chevrolet Cobalt SS 2010;Chevrolet;Sedan;00176.jpg
98;22;650;302;50;7;5;Buick Enclave SUV 2012;Buick;SUV;00177.jpg
5;28;285;148;122;18;6;GMC Canyon Extended Cab 2012;GMC;Truck;00178.jpg
42;113;601;439;155;28;5;Land Rover LR2 SUV 2012;Land Rover;SUV;00179.jpg
3;40;297;157;142;23;5;Infiniti QX56 SUV 2011;Infiniti;SUV;00180.jpg
84;256;913;752;68;9;0;Chevrolet TrailBlazer SS 2009;Chevrolet;Convertible;00181.jpg
43;226;1001;630;170;36;2;Nissan Juke Hatchback 2012;Nissan;Hatchback;00182.jpg
2;9;196;125;161;34;0;Mercedes-Benz 300-Class Convertible 1993;Mercedes-Benz;Convertible;00183.jpg
34;51;604;344;161;34;0;Mercedes-Benz 300-Class Convertible 1993;Mercedes-Benz;Convertible;00184.jpg
24;35;620;438;133;22;5;Hyundai Veracruz SUV 2012;Hyundai;SUV;00185.jpg
6;72;255;178;125;20;6;HUMMER H2 SUT Crew Cab 2009;HUMMER;Truck;00186.jpg
4;408;1600;934;160;33;1;McLaren MP4-12C Coupe 2012;McLaren;Coupe;00187.jpg
25;162;1241;764;93;12;1;Dodge Challenger SRT8 2011;Dodge;Coupe;00188.jpg
18;15;583;421;183;43;2;Suzuki SX4 Hatchback 2012;Suzuki;Hatchback;00189.jpg
198;416;1271;935;45;6;0;Bugatti Veyron 16.4 Convertible 2009;Bugatti;Convertible;00190.jpg
129;75;654;422;143;24;5;Isuzu Ascender SUV 2008;Isuzu;SUV;00191.jpg
37;24;259;212;189;45;5;Toyota 4Runner SUV 2012;Toyota;SUV;00192.jpg
82;107;990;723;48;7;5;Buick Rainier SUV 2007;Buick;SUV;00193.jpg
187;327;1211;769;176;40;4;Rolls-Royce Ghost Sedan 2012;Rolls-Royce;Sedan;00194.jpg
150;339;1313;771;77;10;0;Chrysler Sebring Convertible 2010;Chrysler;Convertible;00195.jpg
26;46;266;213;190;46;2;Volkswagen Golf Hatchback 2012;Volkswagen;Hatchback;00196.jpg
47;102;492;371;110;17;5;Ford Edge SUV 2012;Ford;SUV;00197.jpg
91;121;574;357;6;1;4;Acura Integra Type R 2001;Acura;Sedan;00198.jpg
151;298;1285;835;191;46;2;Volkswagen Golf Hatchback 1991;Volkswagen;Hatchback;00199.jpg
30;55;301;187;16;3;4;Audi V8 Sedan 1994;Audi;Sedan;00200.jpg
21;1;386;200;12;3;0;Audi RS 4 Convertible 2008;Audi;Convertible;00201.jpg
233;217;1228;807;90;12;6;Dodge Dakota Crew Cab 2010;Dodge;Truck;00202.jpg
30;167;945;545;188;45;4;Toyota Corolla Sedan 2012;Toyota;Sedan;00203.jpg
11;61;284;151;128;21;1;Honda Accord Coupe 2012;Honda;Coupe;00204.jpg
29;70;612;356;23;3;4;Audi S4 Sedan 2012;Audi;Sedan;00205.jpg
117;222;558;434;11;2;1;Aston Martin Virage Coupe 2012;Aston;Coupe;00206.jpg
31;119;438;258;93;12;1;Dodge Challenger SRT8 2011;Dodge;Coupe;00207.jpg
26;151;360;256;8;2;0;Aston Martin V8 Vantage Convertible 2012;Aston;Convertible;00208.jpg
58;136;973;636;63;9;4;Chevrolet Sonic Sedan 2012;Chevrolet;Sedan;00209.jpg
8;80;639;366;173;38;4;Porsche Panamera Sedan 2012;Porsche;Sedan;00210.jpg
11;47;598;365;176;40;4;Rolls-Royce Ghost Sedan 2012;Rolls-Royce;Sedan;00211.jpg
8;20;254;155;72;9;1;Chevrolet Monte Carlo Coupe 2007;Chevrolet;Coupe;00212.jpg
37;62;261;191;195;47;5;Volvo XC90 SUV 2007;Volvo;SUV;00213.jpg
70;78;915;640;114;17;6;Ford F-150 Regular Cab 2007;Ford;Truck;00214.jpg
38;50;221;138;72;9;1;Chevrolet Monte Carlo Coupe 2007;Chevrolet;Coupe;00215.jpg
21;45;133;88;119;18;7;GMC Savana Van 2012;GMC;Van;00216.jpg
45;39;594;444;18;3;8;Audi 100 Wagon 1994;Audi;Wagon;00217.jpg
39;94;337;245;77;10;0;Chrysler Sebring Convertible 2010;Chrysler;Convertible;00218.jpg
89;1;597;316;18;3;8;Audi 100 Wagon 1994;Audi;Wagon;00219.jpg
16;103;462;347;107;17;0;Ford Mustang Convertible 2007;Ford;Convertible;00220.jpg
29;21;477;299;10;2;0;Aston Martin Virage Convertible 2012;Aston;Convertible;00221.jpg
89;58;545;338;196;48;0;smart fortwo Convertible 2012;smart;Convertible;00222.jpg
42;115;299;288;99;14;2;FIAT 500 Abarth 2012;FIAT;Hatchback;00223.jpg
19;10;177;134;88;12;7;Dodge Sprinter Cargo Van 2009;Dodge;Van;00224.jpg
20;50;463;313;121;18;5;GMC Acadia SUV 2012;GMC;SUV;00225.jpg
46;15;202;156;111;17;6;Ford Ranger SuperCab 2011;Ford;Truck;00226.jpg
36;63;613;397;61;9;4;Chevrolet Impala Sedan 2007;Chevrolet;Sedan;00227.jpg
237;156;896;365;141;23;1;Infiniti G Coupe IPL 2012;Infiniti;Coupe;00228.jpg
5;46;255;138;136;22;4;Hyundai Accent Sedan 2012;Hyundai;Sedan;00229.jpg
223;542;3692;2478;183;43;2;Suzuki SX4 Hatchback 2012;Suzuki;Hatchback;00230.jpg
73;109;606;374;106;17;6;Ford F-450 Super Duty Crew Cab 2012;Ford;Truck;00231.jpg
15;110;544;381;84;12;8;Dodge Caliber Wagon 2007;Dodge;Wagon;00232.jpg
276;124;1495;951;194;47;4;Volvo 240 Sedan 1993;Volvo;Sedan;00233.jpg
99;364;1211;954;132;22;5;Hyundai Tucson SUV 2012;Hyundai;SUV;00234.jpg
59;63;549;404;111;17;6;Ford Ranger SuperCab 2011;Ford;Truck;00235.jpg
19;138;571;424;7;1;2;Acura ZDX Hatchback 2012;Acura;Hatchback;00236.jpg
11;10;396;265;65;9;6;Chevrolet Avalanche Crew Cab 2012;Chevrolet;Truck;00237.jpg
163;91;527;346;26;4;4;BMW ActiveHybrid 5 Sedan 2012;BMW;Sedan;00238.jpg
4;19;255;172;16;3;4;Audi V8 Sedan 1994;Audi;Sedan;00239.jpg
45;60;251;171;138;22;4;Hyundai Sonata Sedan 2012;Hyundai;Sedan;00240.jpg
32;59;1011;709;170;36;2;Nissan Juke Hatchback 2012;Nissan;Hatchback;00241.jpg
10;53;273;167;102;15;0;Ferrari California Convertible 2012;Ferrari;Convertible;00242.jpg
270;228;727;416;168;36;2;Nissan Leaf Hatchback 2012;Nissan;Hatchback;00243.jpg
21;93;479;331;7;1;2;Acura ZDX Hatchback 2012;Acura;Hatchback;00244.jpg
22;59;536;238;61;9;4;Chevrolet Impala Sedan 2007;Chevrolet;Sedan;00245.jpg
1;317;1280;945;167;35;4;Mitsubishi Lancer Sedan 2012;Mitsubishi;Sedan;00246.jpg
47;125;850;468;137;22;4;Hyundai Genesis Sedan 2012;Hyundai;Sedan;00247.jpg
52;167;508;387;177;40;4;Rolls-Royce Phantom Sedan 2012;Rolls-Royce;Sedan;00248.jpg
6;155;631;450;153;27;1;Lamborghini Diablo Coupe 2001;Lamborghini;Coupe;00249.jpg
11;35;246;186;190;46;2;Volkswagen Golf Hatchback 2012;Volkswagen;Hatchback;00250.jpg
576;466;2994;1953;167;35;4;Mitsubishi Lancer Sedan 2012;Mitsubishi;Sedan;00251.jpg
37;50;253;158;105;16;4;Fisker Karma Sedan 2012;Fisker;Sedan;00252.jpg
51;105;579;335;50;7;5;Buick Enclave SUV 2012;Buick;SUV;00253.jpg
21;11;296;141;131;22;5;Hyundai Santa Fe SUV 2012;Hyundai;SUV;00254.jpg
29;78;734;396;6;1;4;Acura Integra Type R 2001;Acura;Sedan;00255.jpg
85;215;776;511;21;3;0;Audi S5 Convertible 2012;Audi;Convertible;00256.jpg
23;146;617;329;31;4;0;BMW 6 Series Convertible 2007;BMW;Convertible;00257.jpg
34;86;227;166;51;8;4;Cadillac CTS-V Sedan 2012;Cadillac;Sedan;00258.jpg
75;254;2514;1929;187;45;4;Toyota Camry Sedan 2012;Toyota;Sedan;00259.jpg
28;164;698;417;134;22;4;Hyundai Sonata Hybrid Sedan 2012;Hyundai;Sedan;00260.jpg
32;79;378;221;16;3;4;Audi V8 Sedan 1994;Audi;Sedan;00261.jpg
158;132;501;293;103;15;0;Ferrari 458 Italia Convertible 2012;Ferrari;Convertible;00262.jpg
177;299;730;673;40;5;4;Bentley Arnage Sedan 2009;Bentley;Sedan;00263.jpg
42;72;472;299;69;9;6;Chevrolet Silverado 2500HD Regular Cab 2012;Chevrolet;Truck;00264.jpg
15;74;387;195;55;9;0;Chevrolet Corvette Convertible 2012;Chevrolet;Convertible;00265.jpg
22;300;786;552;17;3;4;Audi 100 Sedan 1994;Audi;Sedan;00266.jpg
25;133;620;374;46;6;1;Bugatti Veyron 16.4 Coupe 2009;Bugatti;Coupe;00267.jpg
49;53;596;398;74;9;6;Chevrolet Silverado 1500 Extended Cab 2012;Chevrolet;Truck;00268.jpg
29;192;605;391;185;44;4;Tesla Model S Sedan 2012;Tesla;Sedan;00269.jpg
15;70;357;186;122;18;6;GMC Canyon Extended Cab 2012;GMC;Truck;00270.jpg
11;23;141;80;174;39;3;Ram C/V Cargo Van Minivan 2012;Ram;Minivan;00271.jpg
8;1;590;327;100;14;0;FIAT 500 Convertible 2012;FIAT;Convertible;00272.jpg
37;65;458;321;69;9;6;Chevrolet Silverado 2500HD Regular Cab 2012;Chevrolet;Truck;00273.jpg
31;69;435;310;20;3;4;Audi S6 Sedan 2011;Audi;Sedan;00274.jpg
165;183;495;358;130;22;2;Hyundai Veloster Hatchback 2012;Hyundai;Hatchback;00275.jpg
75;93;529;360;132;22;5;Hyundai Tucson SUV 2012;Hyundai;SUV;00276.jpg
72;193;926;613;173;38;4;Porsche Panamera Sedan 2012;Porsche;Sedan;00277.jpg
1;38;251;135;156;29;4;Lincoln Town Car Sedan 2011;Lincoln;Sedan;00278.jpg
16;31;553;297;47;7;4;Buick Regal GS 2012;Buick;Sedan;00279.jpg
3;33;261;176;107;17;0;Ford Mustang Convertible 2007;Ford;Convertible;00280.jpg
214;240;387;342;151;27;1;Lamborghini Aventador Coupe 2012;Lamborghini;Coupe;00281.jpg
20;97;460;356;61;9;4;Chevrolet Impala Sedan 2007;Chevrolet;Sedan;00282.jpg
112;190;664;342;105;16;4;Fisker Karma Sedan 2012;Fisker;Sedan;00283.jpg
49;101;942;619;94;12;5;Dodge Durango SUV 2012;Dodge;SUV;00284.jpg
7;20;634;298;194;47;4;Volvo 240 Sedan 1993;Volvo;Sedan;00285.jpg
116;143;769;713;195;47;5;Volvo XC90 SUV 2007;Volvo;SUV;00286.jpg
56;299;1266;721;91;12;6;Dodge Dakota Club Cab 2007;Dodge;Truck;00287.jpg
60;46;258;138;189;45;5;Toyota 4Runner SUV 2012;Toyota;SUV;00288.jpg
205;197;741;425;15;3;1;Audi R8 Coupe 2012;Audi;Coupe;00289.jpg
68;30;620;506;140;22;4;Hyundai Azera Sedan 2012;Hyundai;Sedan;00290.jpg
27;147;573;471;142;23;5;Infiniti QX56 SUV 2011;Infiniti;SUV;00291.jpg
133;73;806;251;10;2;0;Aston Martin Virage Convertible 2012;Aston;Convertible;00292.jpg
24;27;936;380;104;15;1;Ferrari 458 Italia Coupe 2012;Ferrari;Coupe;00293.jpg
11;141;629;386;48;7;5;Buick Rainier SUV 2007;Buick;SUV;00294.jpg
150;114;524;433;50;7;5;Buick Enclave SUV 2012;Buick;SUV;00295.jpg
18;115;618;456;120;18;5;GMC Yukon Hybrid SUV 2012;GMC;SUV;00296.jpg
56;157;639;455;87;12;6;Dodge Ram Pickup 3500 Quad Cab 2009;Dodge;Truck;00297.jpg
49;67;362;245;177;40;4;Rolls-Royce Phantom Sedan 2012;Rolls-Royce;Sedan;00298.jpg
24;66;982;711;147;26;5;Jeep Liberty SUV 2012;Jeep;SUV;00299.jpg
41;103;994;692;169;36;7;Nissan NV Passenger Van 2012;Nissan;Van;00300.jpg
52;36;247;189;121;18;5;GMC Acadia SUV 2012;GMC;SUV;00301.jpg
1;37;296;171;19;3;2;Audi TT Hatchback 2011;Audi;Hatchback;00302.jpg
6;47;297;193;31;4;0;BMW 6 Series Convertible 2007;BMW;Convertible;00303.jpg
14;29;235;168;156;29;4;Lincoln Town Car Sedan 2011;Lincoln;Sedan;00304.jpg
37;21;169;122;143;24;5;Isuzu Ascender SUV 2008;Isuzu;SUV;00305.jpg
37;125;582;456;83;12;8;Dodge Caliber Wagon 2012;Dodge;Wagon;00306.jpg
171;63;1187;894;58;9;5;Chevrolet Traverse SUV 2012;Chevrolet;SUV;00307.jpg
16;136;775;418;6;1;4;Acura Integra Type R 2001;Acura;Sedan;00308.jpg
50;122;589;338;127;21;3;Honda Odyssey Minivan 2007;Honda;Minivan;00309.jpg
36;43;407;319;131;22;5;Hyundai Santa Fe SUV 2012;Hyundai;SUV;00310.jpg
1;69;280;228;15;3;1;Audi R8 Coupe 2012;Audi;Coupe;00311.jpg
53;79;627;464;73;9;4;Chevrolet Malibu Sedan 2007;Chevrolet;Sedan;00312.jpg
13;44;477;289;24;3;4;Audi S4 Sedan 2007;Audi;Sedan;00313.jpg
33;71;615;435;87;12;6;Dodge Ram Pickup 3500 Quad Cab 2009;Dodge;Truck;00314.jpg
555;278;1543;1207;170;36;2;Nissan Juke Hatchback 2012;Nissan;Hatchback;00315.jpg
10;29;276;164;123;19;0;Geo Metro Convertible 1993;Geo;Convertible;00316.jpg
2;48;300;202;158;31;0;Maybach Landaulet Convertible 2012;Maybach;Convertible;00317.jpg
73;159;445;376;11;2;1;Aston Martin Virage Coupe 2012;Aston;Coupe;00318.jpg
38;8;564;402;47;7;4;Buick Regal GS 2012;Buick;Sedan;00319.jpg
42;17;440;282;7;1;2;Acura ZDX Hatchback 2012;Acura;Hatchback;00320.jpg
42;63;593;397;94;12;5;Dodge Durango SUV 2012;Dodge;SUV;00321.jpg
9;304;1009;677;75;9;6;Chevrolet Silverado 1500 Regular Cab 2012;Chevrolet;Truck;00322.jpg
161;263;632;415;182;43;4;Suzuki Kizashi Sedan 2012;Suzuki;Sedan;00323.jpg
15;26;199;123;186;45;5;Toyota Sequoia SUV 2012;Toyota;SUV;00324.jpg
12;21;285;142;128;21;1;Honda Accord Coupe 2012;Honda;Coupe;00325.jpg
29;28;432;249;193;47;2;Volvo C30 Hatchback 2012;Volvo;Hatchback;00326.jpg
2;6;546;298;180;42;1;Spyker C8 Coupe 2009;Spyker;Coupe;00327.jpg
41;49;244;176;62;9;5;Chevrolet Tahoe Hybrid SUV 2012;Chevrolet;SUV;00328.jpg
10;105;660;475;114;17;6;Ford F-150 Regular Cab 2007;Ford;Truck;00329.jpg
168;92;333;305;166;34;7;Mercedes-Benz Sprinter Van 2012;Mercedes-Benz;Van;00330.jpg
26;81;596;391;181;43;4;Suzuki Aerio Sedan 2007;Suzuki;Sedan;00331.jpg
76;247;396;396;101;15;1;Ferrari FF Coupe 2012;Ferrari;Coupe;00332.jpg
30;110;472;316;103;15;0;Ferrari 458 Italia Convertible 2012;Ferrari;Convertible;00333.jpg
179;300;1403;894;22;3;1;Audi S5 Coupe 2012;Audi;Coupe;00334.jpg
23;31;236;176;125;20;6;HUMMER H2 SUT Crew Cab 2009;HUMMER;Truck;00335.jpg
309;598;1767;995;112;17;1;Ford GT Coupe 2006;Ford;Coupe;00336.jpg
45;55;530;308;38;4;0;BMW Z4 Convertible 2012;BMW;Convertible;00337.jpg
14;129;441;360;106;17;6;Ford F-450 Super Duty Crew Cab 2012;Ford;Truck;00338.jpg
39;5;234;174;56;9;1;Chevrolet Corvette ZR1 2012;Chevrolet;Coupe;00339.jpg
139;152;488;305;9;2;1;Aston Martin V8 Vantage Coupe 2012;Aston;Coupe;00340.jpg
62;116;974;610;67;9;4;Chevrolet Malibu Hybrid Sedan 2010;Chevrolet;Sedan;00341.jpg
152;195;502;436;169;36;7;Nissan NV Passenger Van 2012;Nissan;Van;00342.jpg
63;36;760;504;147;26;5;Jeep Liberty SUV 2012;Jeep;SUV;00343.jpg
36;59;770;397;145;26;5;Jeep Patriot SUV 2012;Jeep;SUV;00344.jpg
26;13;234;194;113;17;6;Ford F-150 Regular Cab 2012;Ford;Truck;00345.jpg
112;21;2859;1928;63;9;4;Chevrolet Sonic Sedan 2012;Chevrolet;Sedan;00346.jpg
100;190;907;691;145;26;5;Jeep Patriot SUV 2012;Jeep;SUV;00347.jpg
14;59;522;266;55;9;0;Chevrolet Corvette Convertible 2012;Chevrolet;Convertible;00348.jpg
42;82;956;685;89;12;5;Dodge Journey SUV 2012;Dodge;SUV;00349.jpg
17;52;247;158;86;12;6;Dodge Ram Pickup 3500 Crew Cab 2010;Dodge;Truck;00350.jpg
13;108;454;305;42;5;1;Bentley Continental GT Coupe 2012;Bentley;Coupe;00351.jpg
107;40;433;240;143;24;5;Isuzu Ascender SUV 2008;Isuzu;SUV;00352.jpg
3;60;499;289;117;17;4;Ford Fiesta Sedan 2012;Ford;Sedan;00353.jpg
44;212;984;596;57;9;1;Chevrolet Corvette Ron Fellows Edition Z06 2007;Chevrolet;Coupe;00354.jpg
28;93;1011;675;170;36;2;Nissan Juke Hatchback 2012;Nissan;Hatchback;00355.jpg
187;313;1381;1087;115;17;4;Ford Focus Sedan 2007;Ford;Sedan;00356.jpg
31;47;415;255;39;5;0;Bentley Continental Supersports Conv. Convertible 2012;Bentley;Convertible;00357.jpg
53;116;562;353;29;4;4;BMW 3 Series Sedan 2012;BMW;Sedan;00358.jpg
27;71;630;422;58;9;5;Chevrolet Traverse SUV 2012;Chevrolet;SUV;00359.jpg
12;23;245;176;70;9;6;Chevrolet Silverado 1500 Classic Extended Cab 2007;Chevrolet;Truck;00360.jpg
17;64;941;620;119;18;7;GMC Savana Van 2012;GMC;Van;00361.jpg
108;121;539;357;50;7;5;Buick Enclave SUV 2012;Buick;SUV;00362.jpg
14;60;402;300;128;21;1;Honda Accord Coupe 2012;Honda;Coupe;00363.jpg
15;47;286;184;53;8;6;Cadillac Escalade EXT Crew Cab 2007;Cadillac;Truck;00364.jpg
17;82;630;496;53;8;6;Cadillac Escalade EXT Crew Cab 2007;Cadillac;Truck;00365.jpg
67;55;508;338;32;4;5;BMW X5 SUV 2007;BMW;SUV;00366.jpg
30;118;618;334;177;40;4;Rolls-Royce Phantom Sedan 2012;Rolls-Royce;Sedan;00367.jpg
14;76;292;195;59;9;0;Chevrolet Camaro Convertible 2012;Chevrolet;Convertible;00368.jpg
40;52;603;357;128;21;1;Honda Accord Coupe 2012;Honda;Coupe;00369.jpg
57;148;568;363;10;2;0;Aston Martin Virage Convertible 2012;Aston;Convertible;00370.jpg
5;56;430;245;83;12;8;Dodge Caliber Wagon 2012;Dodge;Wagon;00371.jpg
2;190;371;490;168;36;2;Nissan Leaf Hatchback 2012;Nissan;Hatchback;00372.jpg
243;318;805;629;172;37;1;Plymouth Neon Coupe 1999;Plymouth;Coupe;00373.jpg
9;184;740;499;6;1;4;Acura Integra Type R 2001;Acura;Sedan;00374.jpg
122;48;697;401;176;40;4;Rolls-Royce Ghost Sedan 2012;Rolls-Royce;Sedan;00375.jpg
74;187;917;734;135;22;4;Hyundai Elantra Sedan 2007;Hyundai;Sedan;00376.jpg
20;48;624;453;133;22;5;Hyundai Veracruz SUV 2012;Hyundai;SUV;00377.jpg
16;25;290;215;156;29;4;Lincoln Town Car Sedan 2011;Lincoln;Sedan;00378.jpg
119;194;942;586;54;9;6;Chevrolet Silverado 1500 Hybrid Crew Cab 2012;Chevrolet;Truck;00379.jpg
137;76;600;370;99;14;2;FIAT 500 Abarth 2012;FIAT;Hatchback;00380.jpg
66;88;455;322;125;20;6;HUMMER H2 SUT Crew Cab 2009;HUMMER;Truck;00381.jpg
4;55;494;365;146;26;5;Jeep Wrangler SUV 2012;Jeep;SUV;00382.jpg
80;1;549;431;58;9;5;Chevrolet Traverse SUV 2012;Chevrolet;SUV;00383.jpg
51;87;489;290;59;9;0;Chevrolet Camaro Convertible 2012;Chevrolet;Convertible;00384.jpg
217;199;631;358;141;23;1;Infiniti G Coupe IPL 2012;Infiniti;Coupe;00385.jpg
65;321;1232;828;56;9;1;Chevrolet Corvette ZR1 2012;Chevrolet;Coupe;00386.jpg
47;150;1007;635;63;9;4;Chevrolet Sonic Sedan 2012;Chevrolet;Sedan;00387.jpg
18;53;244;175;131;22;5;Hyundai Santa Fe SUV 2012;Hyundai;SUV;00388.jpg
5;96;409;262;48;7;5;Buick Rainier SUV 2007;Buick;SUV;00389.jpg
14;21;782;487;160;33;1;McLaren MP4-12C Coupe 2012;McLaren;Coupe;00390.jpg
433;262;1339;985;166;34;7;Mercedes-Benz Sprinter Van 2012;Mercedes-Benz;Van;00391.jpg
62;220;992;667;4;1;4;Acura TL Type-S 2008;Acura;Sedan;00392.jpg
110;266;986;700;195;47;5;Volvo XC90 SUV 2007;Volvo;SUV;00393.jpg
229;126;624;345;147;26;5;Jeep Liberty SUV 2012;Jeep;SUV;00394.jpg
58;45;205;165;131;22;5;Hyundai Santa Fe SUV 2012;Hyundai;SUV;00395.jpg
21;99;442;295;165;34;4;Mercedes-Benz S-Class Sedan 2012;Mercedes-Benz;Sedan;00396.jpg
30;29;282;164;23;3;4;Audi S4 Sedan 2012;Audi;Sedan;00397.jpg
29;93;408;242;40;5;4;Bentley Arnage Sedan 2009;Bentley;Sedan;00398.jpg
121;108;655;387;26;4;4;BMW ActiveHybrid 5 Sedan 2012;BMW;Sedan;00399.jpg
32;51;260;153;181;43;4;Suzuki Aerio Sedan 2007;Suzuki;Sedan;00400.jpg
24;78;366;232;88;12;7;Dodge Sprinter Cargo Van 2009;Dodge;Van;00401.jpg
1;18;392;240;17;3;4;Audi 100 Sedan 1994;Audi;Sedan;00402.jpg
299;199;1415;894;110;17;5;Ford Edge SUV 2012;Ford;SUV;00403.jpg
30;132;724;361;180;42;1;Spyker C8 Coupe 2009;Spyker;Coupe;00404.jpg
42;37;624;328;10;2;0;Aston Martin Virage Convertible 2012;Aston;Convertible;00405.jpg
1;157;990;640;75;9;6;Chevrolet Silverado 1500 Regular Cab 2012;Chevrolet;Truck;00406.jpg
19;136;498;329;59;9;0;Chevrolet Camaro Convertible 2012;Chevrolet;Convertible;00407.jpg
49;76;343;266;19;3;2;Audi TT Hatchback 2011;Audi;Hatchback;00408.jpg
21;66;605;463;189;45;5;Toyota 4Runner SUV 2012;Toyota;SUV;00409.jpg
31;119;404;248;5;1;4;Acura TSX Sedan 2012;Acura;Sedan;00410.jpg
52;47;586;260;14;3;1;Audi TTS Coupe 2012;Audi;Coupe;00411.jpg
195;372;1908;1339;176;40;4;Rolls-Royce Ghost Sedan 2012;Rolls-Royce;Sedan;00412.jpg
33;150;613;401;80;10;0;Chrysler Crossfire Convertible 2008;Chrysler;Convertible;00413.jpg
316;344;1269;891;86;12;6;Dodge Ram Pickup 3500 Crew Cab 2010;Dodge;Truck;00414.jpg
81;552;1917;1153;55;9;0;Chevrolet Corvette Convertible 2012;Chevrolet;Convertible;00415.jpg
122;157;921;587;112;17;1;Ford GT Coupe 2006;Ford;Coupe;00416.jpg
63;69;603;385;50;7;5;Buick Enclave SUV 2012;Buick;SUV;00417.jpg
12;70;388;273;57;9;1;Chevrolet Corvette Ron Fellows Edition Z06 2007;Chevrolet;Coupe;00418.jpg
50;89;584;387;73;9;4;Chevrolet Malibu Sedan 2007;Chevrolet;Sedan;00419.jpg
71;64;425;328;99;14;2;FIAT 500 Abarth 2012;FIAT;Hatchback;00420.jpg
71;158;690;341;152;27;1;Lamborghini Gallardo LP 570-4 Superleggera 2012;Lamborghini;Coupe;00421.jpg
32;74;277;203;162;34;4;Mercedes-Benz C-Class Sedan 2012;Mercedes-Benz;Sedan;00422.jpg
69;59;637;461;85;12;3;Dodge Caravan Minivan 1997;Dodge;Minivan;00423.jpg
22;83;415;322;5;1;4;Acura TSX Sedan 2012;Acura;Sedan;00424.jpg
48;36;572;300;7;1;2;Acura ZDX Hatchback 2012;Acura;Hatchback;00425.jpg
85;318;1223;863;194;47;4;Volvo 240 Sedan 1993;Volvo;Sedan;00426.jpg
33;128;581;458;117;17;4;Ford Fiesta Sedan 2012;Ford;Sedan;00427.jpg
33;102;595;429;179;42;0;Spyker C8 Convertible 2009;Spyker;Convertible;00428.jpg
83;182;573;402;73;9;4;Chevrolet Malibu Sedan 2007;Chevrolet;Sedan;00429.jpg
82;74;589;340;185;44;4;Tesla Model S Sedan 2012;Tesla;Sedan;00430.jpg
47;201;534;426;187;45;4;Toyota Camry Sedan 2012;Toyota;Sedan;00431.jpg
54;128;429;353;163;34;1;Mercedes-Benz SL-Class Coupe 2009;Mercedes-Benz;Coupe;00432.jpg
58;189;879;642;164;34;4;Mercedes-Benz E-Class Sedan 2012;Mercedes-Benz;Sedan;00433.jpg
18;50;280;162;171;36;1;Nissan 240SX Coupe 1998;Nissan;Coupe;00434.jpg
20;75;606;325;64;9;7;Chevrolet Express Cargo Van 2007;Chevrolet;Van;00435.jpg
20;51;271;180;51;8;4;Cadillac CTS-V Sedan 2012;Cadillac;Sedan;00436.jpg
19;67;412;314;99;14;2;FIAT 500 Abarth 2012;FIAT;Hatchback;00437.jpg
52;94;543;323;26;4;4;BMW ActiveHybrid 5 Sedan 2012;BMW;Sedan;00438.jpg
11;89;644;415;49;7;4;Buick Verano Sedan 2012;Buick;Sedan;00439.jpg
12;60;456;306;107;17;0;Ford Mustang Convertible 2007;Ford;Convertible;00440.jpg
30;35;382;235;115;17;4;Ford Focus Sedan 2007;Ford;Sedan;00441.jpg
53;56;391;278;190;46;2;Volkswagen Golf Hatchback 2012;Volkswagen;Hatchback;00442.jpg
37;60;218;144;143;24;5;Isuzu Ascender SUV 2008;Isuzu;SUV;00443.jpg
4;4;377;277;79;10;4;Chrysler 300 SRT-8 2010;Chrysler;Sedan;00444.jpg
121;169;1387;775;180;42;1;Spyker C8 Coupe 2009;Spyker;Coupe;00445.jpg
17;41;465;293;24;3;4;Audi S4 Sedan 2007;Audi;Sedan;00446.jpg
43;110;462;296;162;34;4;Mercedes-Benz C-Class Sedan 2012;Mercedes-Benz;Sedan;00447.jpg
37;67;617;437;178;41;2;Scion xD Hatchback 2012;Scion;Hatchback;00448.jpg
66;117;506;289;180;42;1;Spyker C8 Coupe 2009;Spyker;Coupe;00449.jpg
57;59;506;288;15;3;1;Audi R8 Coupe 2012;Audi;Coupe;00450.jpg
66;90;507;385;189;45;5;Toyota 4Runner SUV 2012;Toyota;SUV;00451.jpg
59;42;256;165;108;17;3;Ford Freestar Minivan 2007;Ford;Minivan;00452.jpg
65;91;391;278;121;18;5;GMC Acadia SUV 2012;GMC;SUV;00453.jpg
251;299;1423;901;49;7;4;Buick Verano Sedan 2012;Buick;Sedan;00454.jpg
434;136;1528;829;194;47;4;Volvo 240 Sedan 1993;Volvo;Sedan;00455.jpg
79;63;285;171;42;5;1;Bentley Continental GT Coupe 2012;Bentley;Coupe;00456.jpg
79;91;600;456;118;18;5;GMC Terrain SUV 2012;GMC;SUV;00457.jpg
16;96;483;277;108;17;3;Ford Freestar Minivan 2007;Ford;Minivan;00458.jpg
39;81;597;465;84;12;8;Dodge Caliber Wagon 2007;Dodge;Wagon;00459.jpg
95;139;886;541;182;43;4;Suzuki Kizashi Sedan 2012;Suzuki;Sedan;00460.jpg
111;2;553;350;179;42;0;Spyker C8 Convertible 2009;Spyker;Convertible;00461.jpg
5;8;83;58;1;0;5;AM General Hummer SUV 2000;AM;SUV;00462.jpg
113;75;1551;1136;89;12;5;Dodge Journey SUV 2012;Dodge;SUV;00463.jpg
72;216;884;579;133;22;5;Hyundai Veracruz SUV 2012;Hyundai;SUV;00464.jpg
53;115;565;380;187;45;4;Toyota Camry Sedan 2012;Toyota;Sedan;00465.jpg
104;261;511;480;178;41;2;Scion xD Hatchback 2012;Scion;Hatchback;00466.jpg
47;92;209;178;14;3;1;Audi TTS Coupe 2012;Audi;Coupe;00467.jpg
1;18;300;147;111;17;6;Ford Ranger SuperCab 2011;Ford;Truck;00468.jpg
13;88;483;259;93;12;1;Dodge Challenger SRT8 2011;Dodge;Coupe;00469.jpg
4;9;409;193;92;12;8;Dodge Magnum Wagon 2008;Dodge;Wagon;00470.jpg
3;7;253;165;18;3;8;Audi 100 Wagon 1994;Audi;Wagon;00471.jpg
34;315;1832;905;140;22;4;Hyundai Azera Sedan 2012;Hyundai;Sedan;00472.jpg
18;38;249;178;65;9;6;Chevrolet Avalanche Crew Cab 2012;Chevrolet;Truck;00473.jpg
70;125;389;340;129;21;4;Honda Accord Sedan 2012;Honda;Sedan;00474.jpg
21;85;793;389;183;43;2;Suzuki SX4 Hatchback 2012;Suzuki;Hatchback;00475.jpg
95;125;585;390;141;23;1;Infiniti G Coupe IPL 2012;Infiniti;Coupe;00476.jpg
160;175;923;623;124;20;6;HUMMER H3T Crew Cab 2010;HUMMER;Truck;00477.jpg
9;7;98;81;174;39;3;Ram C/V Cargo Van Minivan 2012;Ram;Minivan;00478.jpg
133;38;691;514;120;18;5;GMC Yukon Hybrid SUV 2012;GMC;SUV;00479.jpg
29;46;239;134;109;17;5;Ford Expedition EL SUV 2009;Ford;SUV;00480.jpg
6;44;270;175;15;3;1;Audi R8 Coupe 2012;Audi;Coupe;00481.jpg
80;91;589;429;184;43;4;Suzuki SX4 Sedan 2012;Suzuki;Sedan;00482.jpg
18;26;623;342;90;12;6;Dodge Dakota Crew Cab 2010;Dodge;Truck;00483.jpg
29;62;509;288;126;21;3;Honda Odyssey Minivan 2012;Honda;Minivan;00484.jpg
70;118;401;299;77;10;0;Chrysler Sebring Convertible 2010;Chrysler;Convertible;00485.jpg
43;74;587;399;58;9;5;Chevrolet Traverse SUV 2012;Chevrolet;SUV;00486.jpg
8;23;296;167;48;7;5;Buick Rainier SUV 2007;Buick;SUV;00487.jpg
28;35;207;139;56;9;1;Chevrolet Corvette ZR1 2012;Chevrolet;Coupe;00488.jpg
55;78;454;272;105;16;4;Fisker Karma Sedan 2012;Fisker;Sedan;00489.jpg
21;51;233;163;29;4;4;BMW 3 Series Sedan 2012;BMW;Sedan;00490.jpg
37;14;358;288;121;18;5;GMC Acadia SUV 2012;GMC;SUV;00491.jpg
13;108;612;386;61;9;4;Chevrolet Impala Sedan 2007;Chevrolet;Sedan;00492.jpg
19;116;700;400;114;17;6;Ford F-150 Regular Cab 2007;Ford;Truck;00493.jpg
39;337;1239;711;173;38;4;Porsche Panamera Sedan 2012;Porsche;Sedan;00494.jpg
111;98;863;766;86;12;6;Dodge Ram Pickup 3500 Crew Cab 2010;Dodge;Truck;00495.jpg
24;132;1021;734;81;10;0;Chrysler PT Cruiser Convertible 2008;Chrysler;Convertible;00496.jpg
6;79;470;287;185;44;4;Tesla Model S Sedan 2012;Tesla;Sedan;00497.jpg
78;102;560;368;119;18;7;GMC Savana Van 2012;GMC;Van;00498.jpg
12;31;412;249;159;32;5;Mazda Tribute SUV 2011;Mazda;SUV;00499.jpg
11;10;291;212;84;12;8;Dodge Caliber Wagon 2007;Dodge;Wagon;00500.jpg
4;30;146;86;161;34;0;Mercedes-Benz 300-Class Convertible 1993;Mercedes-Benz;Convertible;00501.jpg
1;11;101;84;88;12;7;Dodge Sprinter Cargo Van 2009;Dodge;Van;00502.jpg
45;63;237;138;129;21;4;Honda Accord Sedan 2012;Honda;Sedan;00504.jpg
49;88;226;172;129;21;4;Honda Accord Sedan 2012;Honda;Sedan;00505.jpg
26;185;764;610;167;35;4;Mitsubishi Lancer Sedan 2012;Mitsubishi;Sedan;00506.jpg
139;206;590;395;130;22;2;Hyundai Veloster Hatchback 2012;Hyundai;Hatchback;00507.jpg
85;237;1561;1052;167;35;4;Mitsubishi Lancer Sedan 2012;Mitsubishi;Sedan;00508.jpg
64;130;554;341;21;3;0;Audi S5 Convertible 2012;Audi;Convertible;00509.jpg
10;73;613;388;114;17;6;Ford F-150 Regular Cab 2007;Ford;Truck;00510.jpg
74;43;569;407;99;14;2;FIAT 500 Abarth 2012;FIAT;Hatchback;00511.jpg
27;61;265;160;104;15;1;Ferrari 458 Italia Coupe 2012;Ferrari;Coupe;00512.jpg
12;164;533;351;40;5;4;Bentley Arnage Sedan 2009;Bentley;Sedan;00513.jpg
18;22;292;163;109;17;5;Ford Expedition EL SUV 2009;Ford;SUV;00514.jpg
17;70;282;166;162;34;4;Mercedes-Benz C-Class Sedan 2012;Mercedes-Benz;Sedan;00515.jpg
18;99;613;427;53;8;6;Cadillac Escalade EXT Crew Cab 2007;Cadillac;Truck;00516.jpg
20;205;1008;694;43;5;1;Bentley Continental GT Coupe 2007;Bentley;Coupe;00517.jpg
34;57;237;178;109;17;5;Ford Expedition EL SUV 2009;Ford;SUV;00518.jpg
7;39;254;177;162;34;4;Mercedes-Benz C-Class Sedan 2012;Mercedes-Benz;Sedan;00519.jpg
14;59;253;142;67;9;4;Chevrolet Malibu Hybrid Sedan 2010;Chevrolet;Sedan;00520.jpg
122;196;512;439;153;27;1;Lamborghini Diablo Coupe 2001;Lamborghini;Coupe;00521.jpg
6;7;94;68;1;0;5;AM General Hummer SUV 2000;AM;SUV;00522.jpg
33;151;1000;528;115;17;4;Ford Focus Sedan 2007;Ford;Sedan;00523.jpg
38;98;590;353;126;21;3;Honda Odyssey Minivan 2012;Honda;Minivan;00524.jpg
116;148;391;318;76;10;5;Chrysler Aspen SUV 2009;Chrysler;SUV;00525.jpg
26;78;245;161;108;17;3;Ford Freestar Minivan 2007;Ford;Minivan;00526.jpg
56;3;736;271;191;46;2;Volkswagen Golf Hatchback 1991;Volkswagen;Hatchback;00527.jpg
38;74;213;162;121;18;5;GMC Acadia SUV 2012;GMC;SUV;00528.jpg
45;44;563;415;61;9;4;Chevrolet Impala Sedan 2007;Chevrolet;Sedan;00529.jpg
25;32;236;180;161;34;0;Mercedes-Benz 300-Class Convertible 1993;Mercedes-Benz;Convertible;00530.jpg
167;396;1945;1016;141;23;1;Infiniti G Coupe IPL 2012;Infiniti;Coupe;00531.jpg
26;139;607;343;80;10;0;Chrysler Crossfire Convertible 2008;Chrysler;Convertible;00532.jpg
40;68;487;263;135;22;4;Hyundai Elantra Sedan 2007;Hyundai;Sedan;00533.jpg
17;120;563;359;139;22;2;Hyundai Elantra Touring Hatchback 2012;Hyundai;Hatchback;00534.jpg
508;240;1379;955;154;28;5;Land Rover Range Rover SUV 2012;Land Rover;SUV;00535.jpg
29;116;593;409;54;9;6;Chevrolet Silverado 1500 Hybrid Crew Cab 2012;Chevrolet;Truck;00536.jpg
1;328;758;773;172;37;1;Plymouth Neon Coupe 1999;Plymouth;Coupe;00537.jpg
56;214;1544;755;107;17;0;Ford Mustang Convertible 2007;Ford;Convertible;00538.jpg
30;11;413;316;139;22;2;Hyundai Elantra Touring Hatchback 2012;Hyundai;Hatchback;00539.jpg
3;39;300;128;72;9;1;Chevrolet Monte Carlo Coupe 2007;Chevrolet;Coupe;00540.jpg
12;52;275;208;122;18;6;GMC Canyon Extended Cab 2012;GMC;Truck;00541.jpg
25;78;600;421;86;12;6;Dodge Ram Pickup 3500 Crew Cab 2010;Dodge;Truck;00542.jpg
8;79;397;240;186;45;5;Toyota Sequoia SUV 2012;Toyota;SUV;00543.jpg
9;72;633;359;179;42;0;Spyker C8 Convertible 2009;Spyker;Convertible;00544.jpg
5;569;2040;1468;147;26;5;Jeep Liberty SUV 2012;Jeep;SUV;00545.jpg
40;114;350;285;34;4;1;BMW M3 Coupe 2012;BMW;Coupe;00546.jpg
63;110;592;351;47;7;4;Buick Regal GS 2012;Buick;Sedan;00547.jpg
11;36;247;175;13;3;1;Audi A5 Coupe 2012;Audi;Coupe;00548.jpg
8;5;547;267;13;3;1;Audi A5 Coupe 2012;Audi;Coupe;00549.jpg
11;130;394;257;98;13;2;Eagle Talon Hatchback 1998;Eagle;Hatchback;00550.jpg
227;315;766;532;42;5;1;Bentley Continental GT Coupe 2012;Bentley;Coupe;00551.jpg
4;41;281;148;46;6;1;Bugatti Veyron 16.4 Coupe 2009;Bugatti;Coupe;00552.jpg
16;95;628;339;187;45;4;Toyota Camry Sedan 2012;Toyota;Sedan;00553.jpg
41;38;299;190;138;22;4;Hyundai Sonata Sedan 2012;Hyundai;Sedan;00554.jpg
37;89;603;317;144;25;1;Jaguar XK XKR 2012;Jaguar;Coupe;00555.jpg
101;254;938;605;163;34;1;Mercedes-Benz SL-Class Coupe 2009;Mercedes-Benz;Coupe;00556.jpg
117;15;723;513;184;43;4;Suzuki SX4 Sedan 2012;Suzuki;Sedan;00557.jpg
54;49;528;336;82;11;8;Daewoo Nubira Wagon 2002;Daewoo;Wagon;00558.jpg
20;65;612;409;162;34;4;Mercedes-Benz C-Class Sedan 2012;Mercedes-Benz;Sedan;00559.jpg
7;85;250;191;107;17;0;Ford Mustang Convertible 2007;Ford;Convertible;00560.jpg
151;169;573;425;21;3;0;Audi S5 Convertible 2012;Audi;Convertible;00561.jpg
65;95;368;241;59;9;0;Chevrolet Camaro Convertible 2012;Chevrolet;Convertible;00562.jpg
9;78;899;520;130;22;2;Hyundai Veloster Hatchback 2012;Hyundai;Hatchback;00563.jpg
45;86;600;355;72;9;1;Chevrolet Monte Carlo Coupe 2007;Chevrolet;Coupe;00564.jpg
187;117;649;492;183;43;2;Suzuki SX4 Hatchback 2012;Suzuki;Hatchback;00565.jpg
520;373;1582;1043;29;4;4;BMW 3 Series Sedan 2012;BMW;Sedan;00566.jpg
19;34;247;159;92;12;8;Dodge Magnum Wagon 2008;Dodge;Wagon;00567.jpg
30;128;402;307;138;22;4;Hyundai Sonata Sedan 2012;Hyundai;Sedan;00568.jpg
25;234;1179;675;58;9;5;Chevrolet Traverse SUV 2012;Chevrolet;SUV;00569.jpg
10;44;239;193;125;20;6;HUMMER H2 SUT Crew Cab 2009;HUMMER;Truck;00570.jpg
18;34;255;182;131;22;5;Hyundai Santa Fe SUV 2012;Hyundai;SUV;00571.jpg
78;245;896;604;183;43;2;Suzuki SX4 Hatchback 2012;Suzuki;Hatchback;00572.jpg
117;95;612;362;82;11;8;Daewoo Nubira Wagon 2002;Daewoo;Wagon;00574.jpg
13;75;632;446;121;18;5;GMC Acadia SUV 2012;GMC;SUV;00575.jpg
20;24;232;156;119;18;7;GMC Savana Van 2012;GMC;Van;00576.jpg
51;97;669;286;71;9;7;Chevrolet Express Van 2007;Chevrolet;Van;00577.jpg
177;229;931;789;12;3;0;Audi RS 4 Convertible 2008;Audi;Convertible;00578.jpg
71;82;368;267;33;4;5;BMW X6 SUV 2012;BMW;SUV;00579.jpg
49;241;1573;1075;191;46;2;Volkswagen Golf Hatchback 1991;Volkswagen;Hatchback;00580.jpg
310;322;1121;691;49;7;4;Buick Verano Sedan 2012;Buick;Sedan;00581.jpg
2;11;222;115;138;22;4;Hyundai Sonata Sedan 2012;Hyundai;Sedan;00582.jpg
107;66;566;314;193;47;2;Volvo C30 Hatchback 2012;Volvo;Hatchback;00583.jpg
133;95;827;540;185;44;4;Tesla Model S Sedan 2012;Tesla;Sedan;00584.jpg
388;220;1340;975;89;12;5;Dodge Journey SUV 2012;Dodge;SUV;00585.jpg
31;105;246;194;190;46;2;Volkswagen Golf Hatchback 2012;Volkswagen;Hatchback;00586.jpg
23;90;504;289;152;27;1;Lamborghini Gallardo LP 570-4 Superleggera 2012;Lamborghini;Coupe;00587.jpg
12;56;247;155;76;10;5;Chrysler Aspen SUV 2009;Chrysler;SUV;00588.jpg
41;140;558;325;41;5;4;Bentley Mulsanne Sedan 2011;Bentley;Sedan;00589.jpg
9;16;299;204;181;43;4;Suzuki Aerio Sedan 2007;Suzuki;Sedan;00590.jpg
66;36;573;446;50;7;5;Buick Enclave SUV 2012;Buick;SUV;00591.jpg
62;128;615;389;34;4;1;BMW M3 Coupe 2012;BMW;Coupe;00592.jpg
13;31;245;155;80;10;0;Chrysler Crossfire Convertible 2008;Chrysler;Convertible;00593.jpg
33;85;596;395;174;39;3;Ram C/V Cargo Van Minivan 2012;Ram;Minivan;00594.jpg
91;143;582;410;69;9;6;Chevrolet Silverado 2500HD Regular Cab 2012;Chevrolet;Truck;00595.jpg
9;53;212;132;123;19;0;Geo Metro Convertible 1993;Geo;Convertible;00596.jpg
62;162;607;458;75;9;6;Chevrolet Silverado 1500 Regular Cab 2012;Chevrolet;Truck;00597.jpg
25;84;280;198;28;4;1;BMW 1 Series Coupe 2012;BMW;Coupe;00598.jpg
33;56;408;294;186;45;5;Toyota Sequoia SUV 2012;Toyota;SUV;00599.jpg
47;14;360;181;20;3;4;Audi S6 Sedan 2011;Audi;Sedan;00600.jpg
28;55;974;675;63;9;4;Chevrolet Sonic Sedan 2012;Chevrolet;Sedan;00601.jpg
29;24;591;388;20;3;4;Audi S6 Sedan 2011;Audi;Sedan;00602.jpg
4;16;213;118;16;3;4;Audi V8 Sedan 1994;Audi;Sedan;00603.jpg
59;155;734;459;77;10;0;Chrysler Sebring Convertible 2010;Chrysler;Convertible;00604.jpg
117;376;1610;1048;160;33;1;McLaren MP4-12C Coupe 2012;McLaren;Coupe;00605.jpg
99;72;894;675;98;13;2;Eagle Talon Hatchback 1998;Eagle;Hatchback;00606.jpg
73;195;570;449;59;9;0;Chevrolet Camaro Convertible 2012;Chevrolet;Convertible;00607.jpg
254;283;922;469;150;27;1;Lamborghini Reventon Coupe 2008;Lamborghini;Coupe;00608.jpg
19;33;223;128;123;19;0;Geo Metro Convertible 1993;Geo;Convertible;00609.jpg
395;247;1812;1254;145;26;5;Jeep Patriot SUV 2012;Jeep;SUV;00610.jpg
19;83;618;384;80;10;0;Chrysler Crossfire Convertible 2008;Chrysler;Convertible;00611.jpg
33;98;594;391;79;10;4;Chrysler 300 SRT-8 2010;Chrysler;Sedan;00612.jpg
24;72;589;481;169;36;7;Nissan NV Passenger Van 2012;Nissan;Van;00613.jpg
1;18;1022;692;115;17;4;Ford Focus Sedan 2007;Ford;Sedan;00614.jpg
76;135;965;665;75;9;6;Chevrolet Silverado 1500 Regular Cab 2012;Chevrolet;Truck;00615.jpg
61;66;737;430;98;13;2;Eagle Talon Hatchback 1998;Eagle;Hatchback;00616.jpg
39;83;617;477;124;20;6;HUMMER H3T Crew Cab 2010;HUMMER;Truck;00617.jpg
42;216;998;619;89;12;5;Dodge Journey SUV 2012;Dodge;SUV;00618.jpg
50;37;308;210;123;19;0;Geo Metro Convertible 1993;Geo;Convertible;00619.jpg
107;110;994;717;58;9;5;Chevrolet Traverse SUV 2012;Chevrolet;SUV;00620.jpg
10;28;791;520;145;26;5;Jeep Patriot SUV 2012;Jeep;SUV;00621.jpg
35;64;549;375;52;8;5;Cadillac SRX SUV 2012;Cadillac;SUV;00622.jpg
33;142;612;396;36;4;0;BMW M6 Convertible 2010;BMW;Convertible;00623.jpg
52;58;446;231;84;12;8;Dodge Caliber Wagon 2007;Dodge;Wagon;00624.jpg
12;41;652;341;133;22;5;Hyundai Veracruz SUV 2012;Hyundai;SUV;00625.jpg
30;44;384;243;54;9;6;Chevrolet Silverado 1500 Hybrid Crew Cab 2012;Chevrolet;Truck;00626.jpg
143;89;390;238;137;22;4;Hyundai Genesis Sedan 2012;Hyundai;Sedan;00627.jpg
16;20;291;220;91;12;6;Dodge Dakota Club Cab 2007;Dodge;Truck;00628.jpg
3;10;259;193;131;22;5;Hyundai Santa Fe SUV 2012;Hyundai;SUV;00629.jpg
133;79;660;551;76;10;5;Chrysler Aspen SUV 2009;Chrysler;SUV;00630.jpg
11;8;270;160;5;1;4;Acura TSX Sedan 2012;Acura;Sedan;00631.jpg
59;224;869;575;24;3;4;Audi S4 Sedan 2007;Audi;Sedan;00632.jpg
84;285;599;699;157;30;0;MINI Cooper Roadster Convertible 2012;MINI Cooper;Convertible;00633.jpg
15;31;286;148;9;2;1;Aston Martin V8 Vantage Coupe 2012;Aston;Coupe;00634.jpg
60;91;727;405;9;2;1;Aston Martin V8 Vantage Coupe 2012;Aston;Coupe;00635.jpg
37;51;370;268;153;27;1;Lamborghini Diablo Coupe 2001;Lamborghini;Coupe;00636.jpg
69;43;868;467;101;15;1;Ferrari FF Coupe 2012;Ferrari;Coupe;00637.jpg
3;41;258;157;13;3;1;Audi A5 Coupe 2012;Audi;Coupe;00638.jpg
44;125;668;483;37;4;5;BMW X3 SUV 2012;BMW;SUV;00639.jpg
33;177;583;422;150;27;1;Lamborghini Reventon Coupe 2008;Lamborghini;Coupe;00640.jpg
14;113;599;417;182;43;4;Suzuki Kizashi Sedan 2012;Suzuki;Sedan;00641.jpg
37;54;261;175;23;3;4;Audi S4 Sedan 2012;Audi;Sedan;00642.jpg
35;118;573;332;194;47;4;Volvo 240 Sedan 1993;Volvo;Sedan;00643.jpg
55;138;588;349;109;17;5;Ford Expedition EL SUV 2009;Ford;SUV;00644.jpg
20;13;301;113;69;9;6;Chevrolet Silverado 2500HD Regular Cab 2012;Chevrolet;Truck;00645.jpg
8;38;266;146;83;12;8;Dodge Caliber Wagon 2012;Dodge;Wagon;00646.jpg
169;428;1393;1001;51;8;4;Cadillac CTS-V Sedan 2012;Cadillac;Sedan;00647.jpg
14;60;223;138;136;22;4;Hyundai Accent Sedan 2012;Hyundai;Sedan;00648.jpg
64;153;818;423;140;22;4;Hyundai Azera Sedan 2012;Hyundai;Sedan;00649.jpg
64;136;439;329;32;4;5;BMW X5 SUV 2007;BMW;SUV;00650.jpg
8;147;782;511;182;43;4;Suzuki Kizashi Sedan 2012;Suzuki;Sedan;00651.jpg
6;21;318;140;142;23;5;Infiniti QX56 SUV 2011;Infiniti;SUV;00652.jpg
15;46;194;109;16;3;4;Audi V8 Sedan 1994;Audi;Sedan;00653.jpg
55;61;799;445;61;9;4;Chevrolet Impala Sedan 2007;Chevrolet;Sedan;00654.jpg
82;185;928;579;175;40;0;Rolls-Royce Phantom Drophead Coupe Convertible 2012;Rolls-Royce;Convertible;00655.jpg
43;75;445;252;185;44;4;Tesla Model S Sedan 2012;Tesla;Sedan;00656.jpg
6;15;271;160;38;4;0;BMW Z4 Convertible 2012;BMW;Convertible;00657.jpg
192;235;1260;878;164;34;4;Mercedes-Benz E-Class Sedan 2012;Mercedes-Benz;Sedan;00658.jpg
136;308;893;710;127;21;3;Honda Odyssey Minivan 2007;Honda;Minivan;00659.jpg
173;132;497;296;11;2;1;Aston Martin Virage Coupe 2012;Aston;Coupe;00660.jpg
8;71;421;285;61;9;4;Chevrolet Impala Sedan 2007;Chevrolet;Sedan;00661.jpg
47;57;612;455;125;20;6;HUMMER H2 SUT Crew Cab 2009;HUMMER;Truck;00662.jpg
49;91;675;322;84;12;8;Dodge Caliber Wagon 2007;Dodge;Wagon;00663.jpg
31;66;619;425;29;4;4;BMW 3 Series Sedan 2012;BMW;Sedan;00664.jpg
12;46;239;154;156;29;4;Lincoln Town Car Sedan 2011;Lincoln;Sedan;00665.jpg
127;137;673;352;184;43;4;Suzuki SX4 Sedan 2012;Suzuki;Sedan;00666.jpg
21;44;453;318;135;22;4;Hyundai Elantra Sedan 2007;Hyundai;Sedan;00667.jpg
14;48;256;164;80;10;0;Chrysler Crossfire Convertible 2008;Chrysler;Convertible;00668.jpg
12;41;246;186;70;9;6;Chevrolet Silverado 1500 Classic Extended Cab 2007;Chevrolet;Truck;00669.jpg
97;49;455;326;2;1;4;Acura RL Sedan 2012;Acura;Sedan;00670.jpg
24;91;506;270;137;22;4;Hyundai Genesis Sedan 2012;Hyundai;Sedan;00671.jpg
50;16;226;184;119;18;7;GMC Savana Van 2012;GMC;Van;00672.jpg
25;1;259;189;86;12;6;Dodge Ram Pickup 3500 Crew Cab 2010;Dodge;Truck;00673.jpg
5;16;153;102;119;18;7;GMC Savana Van 2012;GMC;Van;00674.jpg
103;289;1049;584;38;4;0;BMW Z4 Convertible 2012;BMW;Convertible;00675.jpg
35;107;620;389;61;9;4;Chevrolet Impala Sedan 2007;Chevrolet;Sedan;00676.jpg
11;34;217;140;100;14;0;FIAT 500 Convertible 2012;FIAT;Convertible;00677.jpg
105;400;978;692;27;4;0;BMW 1 Series Convertible 2012;BMW;Convertible;00678.jpg
190;229;681;454;101;15;1;Ferrari FF Coupe 2012;Ferrari;Coupe;00679.jpg
59;52;247;155;136;22;4;Hyundai Accent Sedan 2012;Hyundai;Sedan;00680.jpg
5;32;588;340;20;3;4;Audi S6 Sedan 2011;Audi;Sedan;00681.jpg
11;15;297;201;90;12;6;Dodge Dakota Crew Cab 2010;Dodge;Truck;00682.jpg
108;1;550;295;185;44;4;Tesla Model S Sedan 2012;Tesla;Sedan;00683.jpg
68;37;698;446;25;3;1;Audi TT RS Coupe 2012;Audi;Coupe;00684.jpg
260;498;1700;1030;137;22;4;Hyundai Genesis Sedan 2012;Hyundai;Sedan;00685.jpg
30;52;385;190;15;3;1;Audi R8 Coupe 2012;Audi;Coupe;00686.jpg
167;84;854;575;140;22;4;Hyundai Azera Sedan 2012;Hyundai;Sedan;00687.jpg
75;6;864;628;140;22;4;Hyundai Azera Sedan 2012;Hyundai;Sedan;00688.jpg
59;63;369;293;24;3;4;Audi S4 Sedan 2007;Audi;Sedan;00689.jpg
111;55;346;217;12;3;0;Audi RS 4 Convertible 2008;Audi;Convertible;00690.jpg
84;189;573;376;2;1;4;Acura RL Sedan 2012;Acura;Sedan;00691.jpg
48;45;589;320;58;9;5;Chevrolet Traverse SUV 2012;Chevrolet;SUV;00692.jpg
64;103;934;617;86;12;6;Dodge Ram Pickup 3500 Crew Cab 2010;Dodge;Truck;00693.jpg
14;43;221;150;62;9;5;Chevrolet Tahoe Hybrid SUV 2012;Chevrolet;SUV;00694.jpg
87;80;567;458;111;17;6;Ford Ranger SuperCab 2011;Ford;Truck;00695.jpg
2;73;567;331;122;18;6;GMC Canyon Extended Cab 2012;GMC;Truck;00696.jpg
16;55;560;382;4;1;4;Acura TL Type-S 2008;Acura;Sedan;00697.jpg
29;24;219;151;51;8;4;Cadillac CTS-V Sedan 2012;Cadillac;Sedan;00698.jpg
37;36;609;376;129;21;4;Honda Accord Sedan 2012;Honda;Sedan;00699.jpg
93;101;404;274;5;1;4;Acura TSX Sedan 2012;Acura;Sedan;00700.jpg
22;49;276;181;31;4;0;BMW 6 Series Convertible 2007;BMW;Convertible;00701.jpg
567;449;1428;988;138;22;4;Hyundai Sonata Sedan 2012;Hyundai;Sedan;00702.jpg
21;137;472;337;115;17;4;Ford Focus Sedan 2007;Ford;Sedan;00703.jpg
11;29;631;435;137;22;4;Hyundai Genesis Sedan 2012;Hyundai;Sedan;00704.jpg
17;8;343;248;95;12;5;Dodge Durango SUV 2007;Dodge;SUV;00705.jpg
13;20;626;446;145;26;5;Jeep Patriot SUV 2012;Jeep;SUV;00706.jpg
26;32;677;418;1;0;5;AM General Hummer SUV 2000;AM;SUV;00707.jpg
102;298;903;609;164;34;4;Mercedes-Benz E-Class Sedan 2012;Mercedes-Benz;Sedan;00708.jpg
129;256;729;498;36;4;0;BMW M6 Convertible 2010;BMW;Convertible;00709.jpg
13;34;272;147;46;6;1;Bugatti Veyron 16.4 Coupe 2009;Bugatti;Coupe;00710.jpg
29;19;623;405;169;36;7;Nissan NV Passenger Van 2012;Nissan;Van;00711.jpg
457;414;1308;951;149;26;5;Jeep Compass SUV 2012;Jeep;SUV;00712.jpg
58;82;966;720;86;12;6;Dodge Ram Pickup 3500 Crew Cab 2010;Dodge;Truck;00713.jpg
75;121;603;370;60;9;8;Chevrolet HHR SS 2010;Chevrolet;Wagon;00714.jpg
47;89;690;441;114;17;6;Ford F-150 Regular Cab 2007;Ford;Truck;00715.jpg
8;91;257;189;38;4;0;BMW Z4 Convertible 2012;BMW;Convertible;00716.jpg
21;31;609;359;106;17;6;Ford F-450 Super Duty Crew Cab 2012;Ford;Truck;00717.jpg
296;222;1121;607;145;26;5;Jeep Patriot SUV 2012;Jeep;SUV;00718.jpg
118;93;380;317;184;43;4;Suzuki SX4 Sedan 2012;Suzuki;Sedan;00719.jpg
10;62;152;117;80;10;0;Chrysler Crossfire Convertible 2008;Chrysler;Convertible;00720.jpg
74;231;418;360;117;17;4;Ford Fiesta Sedan 2012;Ford;Sedan;00721.jpg
62;102;565;405;74;9;6;Chevrolet Silverado 1500 Extended Cab 2012;Chevrolet;Truck;00722.jpg
25;241;751;524;19;3;2;Audi TT Hatchback 2011;Audi;Hatchback;00723.jpg
100;27;238;125;51;8;4;Cadillac CTS-V Sedan 2012;Cadillac;Sedan;00724.jpg
206;55;808;570;63;9;4;Chevrolet Sonic Sedan 2012;Chevrolet;Sedan;00725.jpg
7;85;246;182;165;34;4;Mercedes-Benz S-Class Sedan 2012;Mercedes-Benz;Sedan;00726.jpg
1;31;208;92;151;27;1;Lamborghini Aventador Coupe 2012;Lamborghini;Coupe;00727.jpg
38;66;266;181;73;9;4;Chevrolet Malibu Sedan 2007;Chevrolet;Sedan;00728.jpg
64;160;420;347;129;21;4;Honda Accord Sedan 2012;Honda;Sedan;00729.jpg
30;56;619;395;159;32;5;Mazda Tribute SUV 2011;Mazda;SUV;00730.jpg
30;37;608;331;103;15;0;Ferrari 458 Italia Convertible 2012;Ferrari;Convertible;00731.jpg
40;349;571;613;41;5;4;Bentley Mulsanne Sedan 2011;Bentley;Sedan;00732.jpg
289;136;555;306;24;3;4;Audi S4 Sedan 2007;Audi;Sedan;00733.jpg
16;157;778;520;165;34;4;Mercedes-Benz S-Class Sedan 2012;Mercedes-Benz;Sedan;00734.jpg
10;60;894;506;130;22;2;Hyundai Veloster Hatchback 2012;Hyundai;Hatchback;00735.jpg
18;4;428;251;179;42;0;Spyker C8 Convertible 2009;Spyker;Convertible;00736.jpg
39;12;216;187;88;12;7;Dodge Sprinter Cargo Van 2009;Dodge;Van;00737.jpg
42;153;602;389;55;9;0;Chevrolet Corvette Convertible 2012;Chevrolet;Convertible;00738.jpg
29;86;601;373;58;9;5;Chevrolet Traverse SUV 2012;Chevrolet;SUV;00739.jpg
37;77;582;342;3;1;4;Acura TL Sedan 2012;Acura;Sedan;00740.jpg
41;81;629;410;111;17;6;Ford Ranger SuperCab 2011;Ford;Truck;00741.jpg
5;25;271;177;5;1;4;Acura TSX Sedan 2012;Acura;Sedan;00742.jpg
45;115;627;455;87;12;6;Dodge Ram Pickup 3500 Quad Cab 2009;Dodge;Truck;00743.jpg
51;52;541;364;137;22;4;Hyundai Genesis Sedan 2012;Hyundai;Sedan;00744.jpg
32;72;591;386;61;9;4;Chevrolet Impala Sedan 2007;Chevrolet;Sedan;00745.jpg
10;18;242;181;41;5;4;Bentley Mulsanne Sedan 2011;Bentley;Sedan;00746.jpg
213;307;763;557;167;35;4;Mitsubishi Lancer Sedan 2012;Mitsubishi;Sedan;00747.jpg
54;39;392;188;69;9;6;Chevrolet Silverado 2500HD Regular Cab 2012;Chevrolet;Truck;00748.jpg
15;36;271;154;44;5;4;Bentley Continental Flying Spur Sedan 2007;Bentley;Sedan;00749.jpg
17;70;370;257;24;3;4;Audi S4 Sedan 2007;Audi;Sedan;00750.jpg
66;247;978;527;55;9;0;Chevrolet Corvette Convertible 2012;Chevrolet;Convertible;00751.jpg
305;270;1439;959;168;36;2;Nissan Leaf Hatchback 2012;Nissan;Hatchback;00752.jpg
68;128;549;419;106;17;6;Ford F-450 Super Duty Crew Cab 2012;Ford;Truck;00753.jpg
60;2;578;440;95;12;5;Dodge Durango SUV 2007;Dodge;SUV;00754.jpg
30;32;593;296;12;3;0;Audi RS 4 Convertible 2008;Audi;Convertible;00755.jpg
21;47;580;344;153;27;1;Lamborghini Diablo Coupe 2001;Lamborghini;Coupe;00756.jpg
85;118;379;290;124;20;6;HUMMER H3T Crew Cab 2010;HUMMER;Truck;00757.jpg
30;154;771;502;49;7;4;Buick Verano Sedan 2012;Buick;Sedan;00758.jpg
25;99;602;388;47;7;4;Buick Regal GS 2012;Buick;Sedan;00759.jpg
100;5;1179;862;170;36;2;Nissan Juke Hatchback 2012;Nissan;Hatchback;00760.jpg
57;131;570;397;87;12;6;Dodge Ram Pickup 3500 Quad Cab 2009;Dodge;Truck;00761.jpg
6;106;611;372;172;37;1;Plymouth Neon Coupe 1999;Plymouth;Coupe;00762.jpg
66;176;588;362;174;39;3;Ram C/V Cargo Van Minivan 2012;Ram;Minivan;00763.jpg
8;106;391;262;165;34;4;Mercedes-Benz S-Class Sedan 2012;Mercedes-Benz;Sedan;00764.jpg
6;24;297;153;21;3;0;Audi S5 Convertible 2012;Audi;Convertible;00765.jpg
18;92;532;297;174;39;3;Ram C/V Cargo Van Minivan 2012;Ram;Minivan;00766.jpg
106;73;805;546;22;3;1;Audi S5 Coupe 2012;Audi;Coupe;00767.jpg
9;33;246;161;82;11;8;Daewoo Nubira Wagon 2002;Daewoo;Wagon;00768.jpg
61;222;959;569;61;9;4;Chevrolet Impala Sedan 2007;Chevrolet;Sedan;00769.jpg
21;45;772;547;24;3;4;Audi S4 Sedan 2007;Audi;Sedan;00770.jpg
22;59;626;412;168;36;2;Nissan Leaf Hatchback 2012;Nissan;Hatchback;00771.jpg
30;31;611;453;20;3;4;Audi S6 Sedan 2011;Audi;Sedan;00772.jpg
33;50;197;150;1;0;5;AM General Hummer SUV 2000;AM;SUV;00773.jpg
45;199;615;432;91;12;6;Dodge Dakota Club Cab 2007;Dodge;Truck;00774.jpg
82;99;565;351;138;22;4;Hyundai Sonata Sedan 2012;Hyundai;Sedan;00775.jpg
15;45;639;420;119;18;7;GMC Savana Van 2012;GMC;Van;00776.jpg
18;40;491;283;120;18;5;GMC Yukon Hybrid SUV 2012;GMC;SUV;00777.jpg
60;17;455;322;180;42;1;Spyker C8 Coupe 2009;Spyker;Coupe;00778.jpg
17;121;555;384;68;9;0;Chevrolet TrailBlazer SS 2009;Chevrolet;Convertible;00779.jpg
36;63;478;234;18;3;8;Audi 100 Wagon 1994;Audi;Wagon;00780.jpg
38;6;595;476;88;12;7;Dodge Sprinter Cargo Van 2009;Dodge;Van;00781.jpg
68;95;593;319;101;15;1;Ferrari FF Coupe 2012;Ferrari;Coupe;00782.jpg
156;255;955;619;79;10;4;Chrysler 300 SRT-8 2010;Chrysler;Sedan;00783.jpg
42;163;725;382;103;15;0;Ferrari 458 Italia Convertible 2012;Ferrari;Convertible;00784.jpg
19;96;469;266;22;3;1;Audi S5 Coupe 2012;Audi;Coupe;00785.jpg
13;32;774;529;191;46;2;Volkswagen Golf Hatchback 1991;Volkswagen;Hatchback;00786.jpg
114;128;800;432;141;23;1;Infiniti G Coupe IPL 2012;Infiniti;Coupe;00787.jpg
30;105;294;233;115;17;4;Ford Focus Sedan 2007;Ford;Sedan;00788.jpg
23;25;245;150;162;34;4;Mercedes-Benz C-Class Sedan 2012;Mercedes-Benz;Sedan;00789.jpg
124;406;1546;1120;131;22;5;Hyundai Santa Fe SUV 2012;Hyundai;SUV;00790.jpg
9;61;334;199;135;22;4;Hyundai Elantra Sedan 2007;Hyundai;Sedan;00791.jpg
155;59;532;361;35;4;4;BMW M5 Sedan 2010;BMW;Sedan;00792.jpg
7;50;394;261;24;3;4;Audi S4 Sedan 2007;Audi;Sedan;00793.jpg
23;102;408;265;139;22;2;Hyundai Elantra Touring Hatchback 2012;Hyundai;Hatchback;00794.jpg
9;30;251;169;51;8;4;Cadillac CTS-V Sedan 2012;Cadillac;Sedan;00795.jpg
38;213;564;436;184;43;4;Suzuki SX4 Sedan 2012;Suzuki;Sedan;00796.jpg
135;62;922;611;191;46;2;Volkswagen Golf Hatchback 1991;Volkswagen;Hatchback;00797.jpg
10;1;576;261;27;4;0;BMW 1 Series Convertible 2012;BMW;Convertible;00798.jpg
11;96;625;387;172;37;1;Plymouth Neon Coupe 1999;Plymouth;Coupe;00799.jpg
3;73;211;148;107;17;0;Ford Mustang Convertible 2007;Ford;Convertible;00800.jpg
57;158;351;296;103;15;0;Ferrari 458 Italia Convertible 2012;Ferrari;Convertible;00801.jpg
45;140;357;247;163;34;1;Mercedes-Benz SL-Class Coupe 2009;Mercedes-Benz;Coupe;00802.jpg
36;36;549;457;24;3;4;Audi S4 Sedan 2007;Audi;Sedan;00803.jpg
78;31;570;419;166;34;7;Mercedes-Benz Sprinter Van 2012;Mercedes-Benz;Van;00804.jpg
15;32;296;149;190;46;2;Volkswagen Golf Hatchback 2012;Volkswagen;Hatchback;00805.jpg
79;171;713;385;92;12;8;Dodge Magnum Wagon 2008;Dodge;Wagon;00806.jpg
13;87;630;401;121;18;5;GMC Acadia SUV 2012;GMC;SUV;00807.jpg
9;46;141;94;119;18;7;GMC Savana Van 2012;GMC;Van;00808.jpg
58;13;579;414;160;33;1;McLaren MP4-12C Coupe 2012;McLaren;Coupe;00809.jpg
66;18;237;185;111;17;6;Ford Ranger SuperCab 2011;Ford;Truck;00810.jpg
49;114;577;367;117;17;4;Ford Fiesta Sedan 2012;Ford;Sedan;00811.jpg
1;63;480;315;68;9;0;Chevrolet TrailBlazer SS 2009;Chevrolet;Convertible;00812.jpg
32;93;941;696;139;22;2;Hyundai Elantra Touring Hatchback 2012;Hyundai;Hatchback;00813.jpg
17;35;234;167;82;11;8;Daewoo Nubira Wagon 2002;Daewoo;Wagon;00814.jpg
34;74;473;273;137;22;4;Hyundai Genesis Sedan 2012;Hyundai;Sedan;00815.jpg
12;34;139;78;57;9;1;Chevrolet Corvette Ron Fellows Edition Z06 2007;Chevrolet;Coupe;00816.jpg
28;96;477;317;143;24;5;Isuzu Ascender SUV 2008;Isuzu;SUV;00817.jpg
57;220;673;468;160;33;1;McLaren MP4-12C Coupe 2012;McLaren;Coupe;00818.jpg
8;17;388;287;135;22;4;Hyundai Elantra Sedan 2007;Hyundai;Sedan;00819.jpg
30;116;963;523;63;9;4;Chevrolet Sonic Sedan 2012;Chevrolet;Sedan;00820.jpg
37;153;411;299;78;10;3;Chrysler Town and Country Minivan 2012;Chrysler;Minivan;00821.jpg
391;169;859;401;152;27;1;Lamborghini Gallardo LP 570-4 Superleggera 2012;Lamborghini;Coupe;00822.jpg
15;24;144;72;62;9;5;Chevrolet Tahoe Hybrid SUV 2012;Chevrolet;SUV;00823.jpg
174;243;846;546;114;17;6;Ford F-150 Regular Cab 2007;Ford;Truck;00824.jpg
3;57;455;287;23;3;4;Audi S4 Sedan 2012;Audi;Sedan;00825.jpg
120;90;610;359;110;17;5;Ford Edge SUV 2012;Ford;SUV;00826.jpg
165;123;645;366;132;22;5;Hyundai Tucson SUV 2012;Hyundai;SUV;00827.jpg
4;91;600;308;163;34;1;Mercedes-Benz SL-Class Coupe 2009;Mercedes-Benz;Coupe;00828.jpg
191;332;1027;663;63;9;4;Chevrolet Sonic Sedan 2012;Chevrolet;Sedan;00829.jpg
159;131;533;356;52;8;5;Cadillac SRX SUV 2012;Cadillac;SUV;00830.jpg
51;55;618;377;61;9;4;Chevrolet Impala Sedan 2007;Chevrolet;Sedan;00831.jpg
14;5;246;188;113;17;6;Ford F-150 Regular Cab 2012;Ford;Truck;00832.jpg
102;85;463;360;135;22;4;Hyundai Elantra Sedan 2007;Hyundai;Sedan;00833.jpg
26;113;612;372;120;18;5;GMC Yukon Hybrid SUV 2012;GMC;SUV;00834.jpg
27;125;425;311;177;40;4;Rolls-Royce Phantom Sedan 2012;Rolls-Royce;Sedan;00836.jpg
44;112;633;374;78;10;3;Chrysler Town and Country Minivan 2012;Chrysler;Minivan;00837.jpg
20;224;988;644;193;47;2;Volvo C30 Hatchback 2012;Volvo;Hatchback;00838.jpg
35;19;614;435;146;26;5;Jeep Wrangler SUV 2012;Jeep;SUV;00839.jpg
105;104;626;312;58;9;5;Chevrolet Traverse SUV 2012;Chevrolet;SUV;00840.jpg
41;67;432;286;151;27;1;Lamborghini Aventador Coupe 2012;Lamborghini;Coupe;00841.jpg
42;147;753;414;114;17;6;Ford F-150 Regular Cab 2007;Ford;Truck;00842.jpg
17;31;342;242;159;32;5;Mazda Tribute SUV 2011;Mazda;SUV;00843.jpg
30;15;639;419;171;36;1;Nissan 240SX Coupe 1998;Nissan;Coupe;00844.jpg
52;16;246;168;188;45;4;Toyota Corolla Sedan 2012;Toyota;Sedan;00845.jpg
39;119;558;434;86;12;6;Dodge Ram Pickup 3500 Crew Cab 2010;Dodge;Truck;00846.jpg
56;23;415;334;159;32;5;Mazda Tribute SUV 2011;Mazda;SUV;00847.jpg
21;96;755;412;160;33;1;McLaren MP4-12C Coupe 2012;McLaren;Coupe;00848.jpg
1;125;549;372;60;9;8;Chevrolet HHR SS 2010;Chevrolet;Wagon;00849.jpg
47;179;1227;812;134;22;4;Hyundai Sonata Hybrid Sedan 2012;Hyundai;Sedan;00850.jpg
9;85;335;209;195;47;5;Volvo XC90 SUV 2007;Volvo;SUV;00851.jpg
30;308;1511;975;195;47;5;Volvo XC90 SUV 2007;Volvo;SUV;00852.jpg
35;258;1218;908;153;27;1;Lamborghini Diablo Coupe 2001;Lamborghini;Coupe;00853.jpg
45;41;420;280;71;9;7;Chevrolet Express Van 2007;Chevrolet;Van;00854.jpg
29;66;614;433;137;22;4;Hyundai Genesis Sedan 2012;Hyundai;Sedan;00855.jpg
51;105;341;189;41;5;4;Bentley Mulsanne Sedan 2011;Bentley;Sedan;00856.jpg
57;87;569;437;118;18;5;GMC Terrain SUV 2012;GMC;SUV;00857.jpg
139;416;1954;1149;2;1;4;Acura RL Sedan 2012;Acura;Sedan;00858.jpg
11;32;575;357;30;4;8;BMW 3 Series Wagon 2012;BMW;Wagon;00859.jpg
273;145;658;366;104;15;1;Ferrari 458 Italia Coupe 2012;Ferrari;Coupe;00860.jpg
83;103;500;371;102;15;0;Ferrari California Convertible 2012;Ferrari;Convertible;00861.jpg
36;47;964;444;119;18;7;GMC Savana Van 2012;GMC;Van;00862.jpg
26;98;623;431;77;10;0;Chrysler Sebring Convertible 2010;Chrysler;Convertible;00863.jpg
25;128;959;450;103;15;0;Ferrari 458 Italia Convertible 2012;Ferrari;Convertible;00864.jpg
11;74;392;255;17;3;4;Audi 100 Sedan 1994;Audi;Sedan;00865.jpg
11;79;627;480;52;8;5;Cadillac SRX SUV 2012;Cadillac;SUV;00866.jpg
20;135;557;367;87;12;6;Dodge Ram Pickup 3500 Quad Cab 2009;Dodge;Truck;00867.jpg
17;38;231;152;88;12;7;Dodge Sprinter Cargo Van 2009;Dodge;Van;00868.jpg
35;75;592;334;187;45;4;Toyota Camry Sedan 2012;Toyota;Sedan;00869.jpg
38;74;326;205;28;4;1;BMW 1 Series Coupe 2012;BMW;Coupe;00870.jpg
373;350;780;631;45;6;0;Bugatti Veyron 16.4 Convertible 2009;Bugatti;Convertible;00871.jpg
69;109;461;284;55;9;0;Chevrolet Corvette Convertible 2012;Chevrolet;Convertible;00872.jpg
517;291;765;462;163;34;1;Mercedes-Benz SL-Class Coupe 2009;Mercedes-Benz;Coupe;00873.jpg
49;142;426;307;70;9;6;Chevrolet Silverado 1500 Classic Extended Cab 2007;Chevrolet;Truck;00874.jpg
34;79;749;461;96;12;4;Dodge Charger Sedan 2012;Dodge;Sedan;00875.jpg
51;121;588;387;75;9;6;Chevrolet Silverado 1500 Regular Cab 2012;Chevrolet;Truck;00876.jpg
61;33;241;195;78;10;3;Chrysler Town and Country Minivan 2012;Chrysler;Minivan;00877.jpg
101;162;882;650;6;1;4;Acura Integra Type R 2001;Acura;Sedan;00878.jpg
16;196;670;405;91;12;6;Dodge Dakota Club Cab 2007;Dodge;Truck;00879.jpg
16;99;439;254;8;2;0;Aston Martin V8 Vantage Convertible 2012;Aston;Convertible;00880.jpg
18;63;885;663;191;46;2;Volkswagen Golf Hatchback 1991;Volkswagen;Hatchback;00881.jpg
140;122;1059;496;182;43;4;Suzuki Kizashi Sedan 2012;Suzuki;Sedan;00882.jpg
14;29;643;408;131;22;5;Hyundai Santa Fe SUV 2012;Hyundai;SUV;00883.jpg
14;72;245;173;91;12;6;Dodge Dakota Club Cab 2007;Dodge;Truck;00884.jpg
51;31;565;352;193;47;2;Volvo C30 Hatchback 2012;Volvo;Hatchback;00885.jpg
111;68;393;309;47;7;4;Buick Regal GS 2012;Buick;Sedan;00886.jpg
6;9;124;89;1;0;5;AM General Hummer SUV 2000;AM;SUV;00887.jpg
7;51;253;156;14;3;1;Audi TTS Coupe 2012;Audi;Coupe;00888.jpg
34;400;1555;1153;163;34;1;Mercedes-Benz SL-Class Coupe 2009;Mercedes-Benz;Coupe;00889.jpg
26;15;698;386;169;36;7;Nissan NV Passenger Van 2012;Nissan;Van;00890.jpg
93;106;1160;799;185;44;4;Tesla Model S Sedan 2012;Tesla;Sedan;00891.jpg
32;48;1534;791;189;45;5;Toyota 4Runner SUV 2012;Toyota;SUV;00892.jpg
28;134;410;316;107;17;0;Ford Mustang Convertible 2007;Ford;Convertible;00893.jpg
11;31;578;268;126;21;3;Honda Odyssey Minivan 2012;Honda;Minivan;00894.jpg
24;108;709;375;133;22;5;Hyundai Veracruz SUV 2012;Hyundai;SUV;00895.jpg
61;55;258;161;44;5;4;Bentley Continental Flying Spur Sedan 2007;Bentley;Sedan;00896.jpg
30;34;513;274;44;5;4;Bentley Continental Flying Spur Sedan 2007;Bentley;Sedan;00897.jpg
89;68;483;310;6;1;4;Acura Integra Type R 2001;Acura;Sedan;00898.jpg
60;93;657;353;20;3;4;Audi S6 Sedan 2011;Audi;Sedan;00899.jpg
64;75;256;158;175;40;0;Rolls-Royce Phantom Drophead Coupe Convertible 2012;Rolls-Royce;Convertible;00900.jpg
160;59;759;346;144;25;1;Jaguar XK XKR 2012;Jaguar;Coupe;00901.jpg
6;40;256;170;189;45;5;Toyota 4Runner SUV 2012;Toyota;SUV;00902.jpg
316;393;1755;1074;99;14;2;FIAT 500 Abarth 2012;FIAT;Hatchback;00903.jpg
15;96;504;279;171;36;1;Nissan 240SX Coupe 1998;Nissan;Coupe;00904.jpg
26;81;615;365;73;9;4;Chevrolet Malibu Sedan 2007;Chevrolet;Sedan;00905.jpg
68;52;435;331;188;45;4;Toyota Corolla Sedan 2012;Toyota;Sedan;00906.jpg
21;73;464;294;122;18;6;GMC Canyon Extended Cab 2012;GMC;Truck;00907.jpg
18;71;632;390;53;8;6;Cadillac Escalade EXT Crew Cab 2007;Cadillac;Truck;00908.jpg
50;63;541;346;62;9;5;Chevrolet Tahoe Hybrid SUV 2012;Chevrolet;SUV;00909.jpg
33;2;593;456;40;5;4;Bentley Arnage Sedan 2009;Bentley;Sedan;00910.jpg
20;76;898;612;138;22;4;Hyundai Sonata Sedan 2012;Hyundai;Sedan;00911.jpg
82;33;542;234;7;1;2;Acura ZDX Hatchback 2012;Acura;Hatchback;00912.jpg
9;51;635;414;152;27;1;Lamborghini Gallardo LP 570-4 Superleggera 2012;Lamborghini;Coupe;00913.jpg
40;283;1546;964;149;26;5;Jeep Compass SUV 2012;Jeep;SUV;00914.jpg
206;222;746;467;95;12;5;Dodge Durango SUV 2007;Dodge;SUV;00915.jpg
15;70;622;378;148;26;5;Jeep Grand Cherokee SUV 2012;Jeep;SUV;00916.jpg
11;51;442;198;92;12;8;Dodge Magnum Wagon 2008;Dodge;Wagon;00917.jpg
37;180;615;445;20;3;4;Audi S6 Sedan 2011;Audi;Sedan;00918.jpg
127;155;525;383;132;22;5;Hyundai Tucson SUV 2012;Hyundai;SUV;00919.jpg
56;23;776;372;4;1;4;Acura TL Type-S 2008;Acura;Sedan;00920.jpg
88;367;1189;730;185;44;4;Tesla Model S Sedan 2012;Tesla;Sedan;00921.jpg
10;29;444;203;55;9;0;Chevrolet Corvette Convertible 2012;Chevrolet;Convertible;00922.jpg
13;23;150;82;51;8;4;Cadillac CTS-V Sedan 2012;Cadillac;Sedan;00923.jpg
14;63;287;181;67;9;4;Chevrolet Malibu Hybrid Sedan 2010;Chevrolet;Sedan;00924.jpg
3;135;1199;771;73;9;4;Chevrolet Malibu Sedan 2007;Chevrolet;Sedan;00925.jpg
8;37;237;142;42;5;1;Bentley Continental GT Coupe 2012;Bentley;Coupe;00926.jpg
25;68;618;365;174;39;3;Ram C/V Cargo Van Minivan 2012;Ram;Minivan;00927.jpg
75;130;702;396;57;9;1;Chevrolet Corvette Ron Fellows Edition Z06 2007;Chevrolet;Coupe;00928.jpg
22;29;498;204;66;9;4;Chevrolet Cobalt SS 2010;Chevrolet;Sedan;00929.jpg
31;89;296;187;33;4;5;BMW X6 SUV 2012;BMW;SUV;00930.jpg
86;194;570;426;191;46;2;Volkswagen Golf Hatchback 1991;Volkswagen;Hatchback;00931.jpg
37;57;392;294;59;9;0;Chevrolet Camaro Convertible 2012;Chevrolet;Convertible;00932.jpg
48;36;576;469;181;43;4;Suzuki Aerio Sedan 2007;Suzuki;Sedan;00933.jpg
90;31;922;699;23;3;4;Audi S4 Sedan 2012;Audi;Sedan;00934.jpg
3;77;615;463;146;26;5;Jeep Wrangler SUV 2012;Jeep;SUV;00935.jpg
8;13;644;255;15;3;1;Audi R8 Coupe 2012;Audi;Coupe;00936.jpg
18;56;223;142;141;23;1;Infiniti G Coupe IPL 2012;Infiniti;Coupe;00937.jpg
69;59;736;415;43;5;1;Bentley Continental GT Coupe 2007;Bentley;Coupe;00938.jpg
11;95;619;301;171;36;1;Nissan 240SX Coupe 1998;Nissan;Coupe;00939.jpg
109;113;360;233;21;3;0;Audi S5 Convertible 2012;Audi;Convertible;00940.jpg
57;139;537;364;126;21;3;Honda Odyssey Minivan 2012;Honda;Minivan;00941.jpg
226;220;926;543;62;9;5;Chevrolet Tahoe Hybrid SUV 2012;Chevrolet;SUV;00942.jpg
249;129;699;394;50;7;5;Buick Enclave SUV 2012;Buick;SUV;00943.jpg
248;169;737;454;46;6;1;Bugatti Veyron 16.4 Coupe 2009;Bugatti;Coupe;00944.jpg
31;55;216;132;108;17;3;Ford Freestar Minivan 2007;Ford;Minivan;00945.jpg
48;24;441;202;1;0;5;AM General Hummer SUV 2000;AM;SUV;00946.jpg
12;105;417;257;107;17;0;Ford Mustang Convertible 2007;Ford;Convertible;00947.jpg
7;69;250;176;80;10;0;Chrysler Crossfire Convertible 2008;Chrysler;Convertible;00948.jpg
48;10;197;112;116;17;7;Ford E-Series Wagon Van 2012;Ford;Van;00949.jpg
193;196;1372;1075;191;46;2;Volkswagen Golf Hatchback 1991;Volkswagen;Hatchback;00950.jpg
115;34;733;555;95;12;5;Dodge Durango SUV 2007;Dodge;SUV;00951.jpg
10;26;274;162;195;47;5;Volvo XC90 SUV 2007;Volvo;SUV;00952.jpg
151;97;842;537;172;37;1;Plymouth Neon Coupe 1999;Plymouth;Coupe;00953.jpg
22;12;685;330;195;47;5;Volvo XC90 SUV 2007;Volvo;SUV;00954.jpg
37;109;692;363;81;10;0;Chrysler PT Cruiser Convertible 2008;Chrysler;Convertible;00955.jpg
8;17;590;298;20;3;4;Audi S6 Sedan 2011;Audi;Sedan;00956.jpg
116;105;948;650;75;9;6;Chevrolet Silverado 1500 Regular Cab 2012;Chevrolet;Truck;00957.jpg
143;229;971;598;192;46;2;Volkswagen Beetle Hatchback 2012;Volkswagen;Hatchback;00958.jpg
125;234;848;431;151;27;1;Lamborghini Aventador Coupe 2012;Lamborghini;Coupe;00959.jpg
3;56;251;148;108;17;3;Ford Freestar Minivan 2007;Ford;Minivan;00960.jpg
1;86;585;475;161;34;0;Mercedes-Benz 300-Class Convertible 1993;Mercedes-Benz;Convertible;00961.jpg
189;64;1363;883;189;45;5;Toyota 4Runner SUV 2012;Toyota;SUV;00962.jpg
46;76;562;265;55;9;0;Chevrolet Corvette Convertible 2012;Chevrolet;Convertible;00963.jpg
32;70;370;287;116;17;7;Ford E-Series Wagon Van 2012;Ford;Van;00964.jpg
1;97;494;375;61;9;4;Chevrolet Impala Sedan 2007;Chevrolet;Sedan;00965.jpg
18;89;626;416;27;4;0;BMW 1 Series Convertible 2012;BMW;Convertible;00966.jpg
57;108;551;400;68;9;0;Chevrolet TrailBlazer SS 2009;Chevrolet;Convertible;00967.jpg
8;67;800;511;61;9;4;Chevrolet Impala Sedan 2007;Chevrolet;Sedan;00968.jpg
367;292;1199;749;96;12;4;Dodge Charger Sedan 2012;Dodge;Sedan;00969.jpg
23;27;555;326;52;8;5;Cadillac SRX SUV 2012;Cadillac;SUV;00970.jpg
32;178;597;397;34;4;1;BMW M3 Coupe 2012;BMW;Coupe;00971.jpg
187;91;509;315;169;36;7;Nissan NV Passenger Van 2012;Nissan;Van;00972.jpg
41;26;842;262;92;12;8;Dodge Magnum Wagon 2008;Dodge;Wagon;00973.jpg
26;118;445;306;115;17;4;Ford Focus Sedan 2007;Ford;Sedan;00974.jpg
44;136;581;362;16;3;4;Audi V8 Sedan 1994;Audi;Sedan;00975.jpg
25;64;255;138;190;46;2;Volkswagen Golf Hatchback 2012;Volkswagen;Hatchback;00976.jpg
127;61;597;344;33;4;5;BMW X6 SUV 2012;BMW;SUV;00977.jpg
83;106;732;434;62;9;5;Chevrolet Tahoe Hybrid SUV 2012;Chevrolet;SUV;00978.jpg
37;126;963;734;87;12;6;Dodge Ram Pickup 3500 Quad Cab 2009;Dodge;Truck;00979.jpg
133;165;769;535;101;15;1;Ferrari FF Coupe 2012;Ferrari;Coupe;00980.jpg
28;68;1978;1038;50;7;5;Buick Enclave SUV 2012;Buick;SUV;00981.jpg
16;52;259;174;156;29;4;Lincoln Town Car Sedan 2011;Lincoln;Sedan;00982.jpg
78;21;521;283;128;21;1;Honda Accord Coupe 2012;Honda;Coupe;00983.jpg
128;250;899;571;181;43;4;Suzuki Aerio Sedan 2007;Suzuki;Sedan;00984.jpg
79;64;281;190;37;4;5;BMW X3 SUV 2012;BMW;SUV;00985.jpg
30;114;1001;765;133;22;5;Hyundai Veracruz SUV 2012;Hyundai;SUV;00986.jpg
10;25;310;221;40;5;4;Bentley Arnage Sedan 2009;Bentley;Sedan;00987.jpg
394;379;1624;1033;23;3;4;Audi S4 Sedan 2012;Audi;Sedan;00988.jpg
9;34;253;157;53;8;6;Cadillac Escalade EXT Crew Cab 2007;Cadillac;Truck;00989.jpg
5;99;638;324;161;34;0;Mercedes-Benz 300-Class Convertible 1993;Mercedes-Benz;Convertible;00990.jpg
108;62;391;327;31;4;0;BMW 6 Series Convertible 2007;BMW;Convertible;00991.jpg
59;106;581;309;168;36;2;Nissan Leaf Hatchback 2012;Nissan;Hatchback;00992.jpg
20;222;948;654;115;17;4;Ford Focus Sedan 2007;Ford;Sedan;00993.jpg
55;297;664;600;112;17;1;Ford GT Coupe 2006;Ford;Coupe;00994.jpg
75;186;596;571;63;9;4;Chevrolet Sonic Sedan 2012;Chevrolet;Sedan;00995.jpg
3;70;333;212;104;15;1;Ferrari 458 Italia Coupe 2012;Ferrari;Coupe;00996.jpg
11;84;253;182;60;9;8;Chevrolet HHR SS 2010;Chevrolet;Wagon;00997.jpg
96;3;635;445;58;9;5;Chevrolet Traverse SUV 2012;Chevrolet;SUV;00998.jpg
79;75;585;355;58;9;5;Chevrolet Traverse SUV 2012;Chevrolet;SUV;00999.jpg
214;382;1459;1117;119;18;7;GMC Savana Van 2012;GMC;Van;01000.jpg
36;13;611;302;43;5;1;Bentley Continental GT Coupe 2007;Bentley;Coupe;01001.jpg
43;96;561;359;43;5;1;Bentley Continental GT Coupe 2007;Bentley;Coupe;01002.jpg
197;237;546;386;192;46;2;Volkswagen Beetle Hatchback 2012;Volkswagen;Hatchback;01003.jpg
22;22;255;172;56;9;1;Chevrolet Corvette ZR1 2012;Chevrolet;Coupe;01004.jpg
15;86;294;214;65;9;6;Chevrolet Avalanche Crew Cab 2012;Chevrolet;Truck;01005.jpg
128;82;1952;1395;170;36;2;Nissan Juke Hatchback 2012;Nissan;Hatchback;01006.jpg
61;189;976;656;137;22;4;Hyundai Genesis Sedan 2012;Hyundai;Sedan;01007.jpg
45;203;982;564;43;5;1;Bentley Continental GT Coupe 2007;Bentley;Coupe;01008.jpg
39;100;479;317;70;9;6;Chevrolet Silverado 1500 Classic Extended Cab 2007;Chevrolet;Truck;01009.jpg
6;3;932;639;6;1;4;Acura Integra Type R 2001;Acura;Sedan;01010.jpg
248;147;554;323;101;15;1;Ferrari FF Coupe 2012;Ferrari;Coupe;01011.jpg
58;72;763;529;6;1;4;Acura Integra Type R 2001;Acura;Sedan;01012.jpg
63;72;250;149;152;27;1;Lamborghini Gallardo LP 570-4 Superleggera 2012;Lamborghini;Coupe;01013.jpg
140;114;1335;917;100;14;0;FIAT 500 Convertible 2012;FIAT;Convertible;01014.jpg
42;111;777;562;194;47;4;Volvo 240 Sedan 1993;Volvo;Sedan;01015.jpg
482;134;1382;739;170;36;2;Nissan Juke Hatchback 2012;Nissan;Hatchback;01016.jpg
39;84;994;656;127;21;3;Honda Odyssey Minivan 2007;Honda;Minivan;01017.jpg
89;209;730;482;162;34;4;Mercedes-Benz C-Class Sedan 2012;Mercedes-Benz;Sedan;01018.jpg
219;213;1156;543;168;36;2;Nissan Leaf Hatchback 2012;Nissan;Hatchback;01019.jpg
81;96;556;385;83;12;8;Dodge Caliber Wagon 2012;Dodge;Wagon;01020.jpg
10;13;247;182;162;34;4;Mercedes-Benz C-Class Sedan 2012;Mercedes-Benz;Sedan;01021.jpg
110;31;833;422;23;3;4;Audi S4 Sedan 2012;Audi;Sedan;01022.jpg
423;339;1059;619;26;4;4;BMW ActiveHybrid 5 Sedan 2012;BMW;Sedan;01023.jpg
9;67;397;239;155;28;5;Land Rover LR2 SUV 2012;Land Rover;SUV;01024.jpg
37;74;756;356;129;21;4;Honda Accord Sedan 2012;Honda;Sedan;01025.jpg
1;51;258;172;53;8;6;Cadillac Escalade EXT Crew Cab 2007;Cadillac;Truck;01026.jpg
34;88;750;540;50;7;5;Buick Enclave SUV 2012;Buick;SUV;01027.jpg
71;144;1101;712;180;42;1;Spyker C8 Coupe 2009;Spyker;Coupe;01028.jpg
6;47;316;235;70;9;6;Chevrolet Silverado 1500 Classic Extended Cab 2007;Chevrolet;Truck;01029.jpg
25;67;619;432;143;24;5;Isuzu Ascender SUV 2008;Isuzu;SUV;01030.jpg
130;10;839;346;2;1;4;Acura RL Sedan 2012;Acura;Sedan;01031.jpg
34;52;442;319;54;9;6;Chevrolet Silverado 1500 Hybrid Crew Cab 2012;Chevrolet;Truck;01032.jpg
49;279;2791;1870;61;9;4;Chevrolet Impala Sedan 2007;Chevrolet;Sedan;01033.jpg
115;63;817;324;2;1;4;Acura RL Sedan 2012;Acura;Sedan;01034.jpg
127;99;521;366;135;22;4;Hyundai Elantra Sedan 2007;Hyundai;Sedan;01035.jpg
24;50;258;171;27;4;0;BMW 1 Series Convertible 2012;BMW;Convertible;01036.jpg
17;29;640;445;127;21;3;Honda Odyssey Minivan 2007;Honda;Minivan;01037.jpg
105;78;1330;817;182;43;4;Suzuki Kizashi Sedan 2012;Suzuki;Sedan;01038.jpg
70;116;465;308;41;5;4;Bentley Mulsanne Sedan 2011;Bentley;Sedan;01039.jpg
28;21;105;79;88;12;7;Dodge Sprinter Cargo Van 2009;Dodge;Van;01040.jpg
27;87;623;402;119;18;7;GMC Savana Van 2012;GMC;Van;01041.jpg
23;78;383;254;73;9;4;Chevrolet Malibu Sedan 2007;Chevrolet;Sedan;01042.jpg
199;184;1116;809;124;20;6;HUMMER H3T Crew Cab 2010;HUMMER;Truck;01043.jpg
33;57;608;429;91;12;6;Dodge Dakota Club Cab 2007;Dodge;Truck;01044.jpg
44;103;596;376;149;26;5;Jeep Compass SUV 2012;Jeep;SUV;01045.jpg
58;46;454;393;193;47;2;Volvo C30 Hatchback 2012;Volvo;Hatchback;01046.jpg
30;34;232;157;82;11;8;Daewoo Nubira Wagon 2002;Daewoo;Wagon;01047.jpg
21;105;619;372;20;3;4;Audi S6 Sedan 2011;Audi;Sedan;01048.jpg
187;133;1504;891;167;35;4;Mitsubishi Lancer Sedan 2012;Mitsubishi;Sedan;01049.jpg
157;172;693;441;132;22;5;Hyundai Tucson SUV 2012;Hyundai;SUV;01050.jpg
6;35;624;316;42;5;1;Bentley Continental GT Coupe 2012;Bentley;Coupe;01051.jpg
150;33;1729;1008;152;27;1;Lamborghini Gallardo LP 570-4 Superleggera 2012;Lamborghini;Coupe;01052.jpg
9;88;340;241;171;36;1;Nissan 240SX Coupe 1998;Nissan;Coupe;01053.jpg
38;212;797;482;43;5;1;Bentley Continental GT Coupe 2007;Bentley;Coupe;01054.jpg
27;20;288;198;111;17;6;Ford Ranger SuperCab 2011;Ford;Truck;01055.jpg
108;68;693;304;135;22;4;Hyundai Elantra Sedan 2007;Hyundai;Sedan;01056.jpg
6;178;588;386;79;10;4;Chrysler 300 SRT-8 2010;Chrysler;Sedan;01057.jpg
14;97;493;359;93;12;1;Dodge Challenger SRT8 2011;Dodge;Coupe;01058.jpg
25;112;579;289;26;4;4;BMW ActiveHybrid 5 Sedan 2012;BMW;Sedan;01059.jpg
12;34;423;239;69;9;6;Chevrolet Silverado 2500HD Regular Cab 2012;Chevrolet;Truck;01060.jpg
3;64;258;181;32;4;5;BMW X5 SUV 2007;BMW;SUV;01061.jpg
2;169;629;369;61;9;4;Chevrolet Impala Sedan 2007;Chevrolet;Sedan;01062.jpg
351;286;3753;2243;78;10;3;Chrysler Town and Country Minivan 2012;Chrysler;Minivan;01063.jpg
4;37;319;217;37;4;5;BMW X3 SUV 2012;BMW;SUV;01064.jpg
277;454;1504;1069;34;4;1;BMW M3 Coupe 2012;BMW;Coupe;01065.jpg
33;139;659;390;150;27;1;Lamborghini Reventon Coupe 2008;Lamborghini;Coupe;01066.jpg
28;89;452;345;114;17;6;Ford F-150 Regular Cab 2007;Ford;Truck;01067.jpg
86;160;1549;1090;191;46;2;Volkswagen Golf Hatchback 1991;Volkswagen;Hatchback;01068.jpg
17;34;993;563;81;10;0;Chrysler PT Cruiser Convertible 2008;Chrysler;Convertible;01069.jpg
52;59;438;288;86;12;6;Dodge Ram Pickup 3500 Crew Cab 2010;Dodge;Truck;01070.jpg
30;209;1014;589;60;9;8;Chevrolet HHR SS 2010;Chevrolet;Wagon;01071.jpg
12;21;320;218;17;3;4;Audi 100 Sedan 1994;Audi;Sedan;01072.jpg
8;63;545;314;24;3;4;Audi S4 Sedan 2007;Audi;Sedan;01073.jpg
127;627;1993;1308;69;9;6;Chevrolet Silverado 2500HD Regular Cab 2012;Chevrolet;Truck;01074.jpg
4;8;290;176;111;17;6;Ford Ranger SuperCab 2011;Ford;Truck;01075.jpg
393;201;639;310;39;5;0;Bentley Continental Supersports Conv. Convertible 2012;Bentley;Convertible;01076.jpg
81;258;717;465;45;6;0;Bugatti Veyron 16.4 Convertible 2009;Bugatti;Convertible;01077.jpg
68;191;946;646;167;35;4;Mitsubishi Lancer Sedan 2012;Mitsubishi;Sedan;01078.jpg
51;151;732;430;37;4;5;BMW X3 SUV 2012;BMW;SUV;01079.jpg
49;40;591;369;192;46;2;Volkswagen Beetle Hatchback 2012;Volkswagen;Hatchback;01080.jpg
22;47;278;213;196;48;0;smart fortwo Convertible 2012;smart;Convertible;01081.jpg
63;38;429;305;92;12;8;Dodge Magnum Wagon 2008;Dodge;Wagon;01082.jpg
12;33;438;241;113;17;6;Ford F-150 Regular Cab 2012;Ford;Truck;01083.jpg
45;37;566;304;49;7;4;Buick Verano Sedan 2012;Buick;Sedan;01084.jpg
90;53;460;257;14;3;1;Audi TTS Coupe 2012;Audi;Coupe;01085.jpg
11;136;392;254;55;9;0;Chevrolet Corvette Convertible 2012;Chevrolet;Convertible;01086.jpg
21;35;361;212;73;9;4;Chevrolet Malibu Sedan 2007;Chevrolet;Sedan;01087.jpg
70;57;429;267;159;32;5;Mazda Tribute SUV 2011;Mazda;SUV;01088.jpg
196;172;1396;890;30;4;8;BMW 3 Series Wagon 2012;BMW;Wagon;01089.jpg
15;57;528;299;153;27;1;Lamborghini Diablo Coupe 2001;Lamborghini;Coupe;01090.jpg
105;167;582;307;22;3;1;Audi S5 Coupe 2012;Audi;Coupe;01091.jpg
24;187;586;483;25;3;1;Audi TT RS Coupe 2012;Audi;Coupe;01092.jpg
2;79;479;359;93;12;1;Dodge Challenger SRT8 2011;Dodge;Coupe;01093.jpg
2;7;300;225;22;3;1;Audi S5 Coupe 2012;Audi;Coupe;01094.jpg
128;272;1150;785;56;9;1;Chevrolet Corvette ZR1 2012;Chevrolet;Coupe;01095.jpg
17;57;630;399;159;32;5;Mazda Tribute SUV 2011;Mazda;SUV;01096.jpg
91;99;529;381;18;3;8;Audi 100 Wagon 1994;Audi;Wagon;01097.jpg
37;315;1181;727;112;17;1;Ford GT Coupe 2006;Ford;Coupe;01098.jpg
246;681;1344;1069;45;6;0;Bugatti Veyron 16.4 Convertible 2009;Bugatti;Convertible;01099.jpg
170;198;1084;843;131;22;5;Hyundai Santa Fe SUV 2012;Hyundai;SUV;01100.jpg
155;73;489;238;104;15;1;Ferrari 458 Italia Coupe 2012;Ferrari;Coupe;01101.jpg
3;5;198;118;86;12;6;Dodge Ram Pickup 3500 Crew Cab 2010;Dodge;Truck;01102.jpg
14;35;261;169;48;7;5;Buick Rainier SUV 2007;Buick;SUV;01103.jpg
54;16;569;332;185;44;4;Tesla Model S Sedan 2012;Tesla;Sedan;01104.jpg
61;46;682;336;7;1;2;Acura ZDX Hatchback 2012;Acura;Hatchback;01105.jpg
126;234;809;509;167;35;4;Mitsubishi Lancer Sedan 2012;Mitsubishi;Sedan;01106.jpg
22;141;1011;485;66;9;4;Chevrolet Cobalt SS 2010;Chevrolet;Sedan;01107.jpg
12;166;472;295;55;9;0;Chevrolet Corvette Convertible 2012;Chevrolet;Convertible;01108.jpg
578;169;1427;925;167;35;4;Mitsubishi Lancer Sedan 2012;Mitsubishi;Sedan;01109.jpg
70;260;1003;627;184;43;4;Suzuki SX4 Sedan 2012;Suzuki;Sedan;01110.jpg
31;124;414;279;189;45;5;Toyota 4Runner SUV 2012;Toyota;SUV;01111.jpg
199;192;908;617;193;47;2;Volvo C30 Hatchback 2012;Volvo;Hatchback;01112.jpg
9;14;262;189;88;12;7;Dodge Sprinter Cargo Van 2009;Dodge;Van;01113.jpg
78;31;435;329;71;9;7;Chevrolet Express Van 2007;Chevrolet;Van;01114.jpg
224;197;1833;1364;29;4;4;BMW 3 Series Sedan 2012;BMW;Sedan;01115.jpg
30;69;523;354;55;9;0;Chevrolet Corvette Convertible 2012;Chevrolet;Convertible;01116.jpg
114;117;524;360;109;17;5;Ford Expedition EL SUV 2009;Ford;SUV;01117.jpg
65;85;602;419;118;18;5;GMC Terrain SUV 2012;GMC;SUV;01118.jpg
108;65;624;414;144;25;1;Jaguar XK XKR 2012;Jaguar;Coupe;01119.jpg
50;42;605;438;187;45;4;Toyota Camry Sedan 2012;Toyota;Sedan;01120.jpg
157;59;838;485;191;46;2;Volkswagen Golf Hatchback 1991;Volkswagen;Hatchback;01121.jpg
48;49;596;450;34;4;1;BMW M3 Coupe 2012;BMW;Coupe;01122.jpg
72;210;978;665;20;3;4;Audi S6 Sedan 2011;Audi;Sedan;01123.jpg
39;124;577;319;11;2;1;Aston Martin Virage Coupe 2012;Aston;Coupe;01124.jpg
77;81;561;392;54;9;6;Chevrolet Silverado 1500 Hybrid Crew Cab 2012;Chevrolet;Truck;01125.jpg
16;105;279;266;45;6;0;Bugatti Veyron 16.4 Convertible 2009;Bugatti;Convertible;01126.jpg
29;78;607;272;29;4;4;BMW 3 Series Sedan 2012;BMW;Sedan;01127.jpg
39;120;558;429;30;4;8;BMW 3 Series Wagon 2012;BMW;Wagon;01128.jpg
30;34;411;182;31;4;0;BMW 6 Series Convertible 2007;BMW;Convertible;01129.jpg
108;228;558;415;43;5;1;Bentley Continental GT Coupe 2007;Bentley;Coupe;01130.jpg
1;65;455;253;113;17;6;Ford F-150 Regular Cab 2012;Ford;Truck;01131.jpg
12;120;766;501;143;24;5;Isuzu Ascender SUV 2008;Isuzu;SUV;01132.jpg
51;49;247;163;56;9;1;Chevrolet Corvette ZR1 2012;Chevrolet;Coupe;01133.jpg
68;48;235;162;5;1;4;Acura TSX Sedan 2012;Acura;Sedan;01134.jpg
18;86;613;355;123;19;0;Geo Metro Convertible 1993;Geo;Convertible;01135.jpg
11;29;490;295;52;8;5;Cadillac SRX SUV 2012;Cadillac;SUV;01136.jpg
57;71;710;501;90;12;6;Dodge Dakota Crew Cab 2010;Dodge;Truck;01137.jpg
57;116;471;249;39;5;0;Bentley Continental Supersports Conv. Convertible 2012;Bentley;Convertible;01138.jpg
47;34;595;326;187;45;4;Toyota Camry Sedan 2012;Toyota;Sedan;01139.jpg
48;274;771;555;191;46;2;Volkswagen Golf Hatchback 1991;Volkswagen;Hatchback;01140.jpg
19;229;1801;1144;170;36;2;Nissan Juke Hatchback 2012;Nissan;Hatchback;01141.jpg
3;127;636;425;31;4;0;BMW 6 Series Convertible 2007;BMW;Convertible;01142.jpg
57;124;558;381;121;18;5;GMC Acadia SUV 2012;GMC;SUV;01143.jpg
11;41;555;333;190;46;2;Volkswagen Golf Hatchback 2012;Volkswagen;Hatchback;01144.jpg
39;96;760;538;121;18;5;GMC Acadia SUV 2012;GMC;SUV;01145.jpg
42;55;264;152;56;9;1;Chevrolet Corvette ZR1 2012;Chevrolet;Coupe;01146.jpg
1;1;526;530;64;9;7;Chevrolet Express Cargo Van 2007;Chevrolet;Van;01147.jpg
32;109;575;267;10;2;0;Aston Martin Virage Convertible 2012;Aston;Convertible;01148.jpg
5;20;388;239;165;34;4;Mercedes-Benz S-Class Sedan 2012;Mercedes-Benz;Sedan;01149.jpg
176;118;486;313;101;15;1;Ferrari FF Coupe 2012;Ferrari;Coupe;01150.jpg
32;48;272;196;22;3;1;Audi S5 Coupe 2012;Audi;Coupe;01151.jpg
4;24;417;309;78;10;3;Chrysler Town and Country Minivan 2012;Chrysler;Minivan;01152.jpg
25;64;741;301;97;12;4;Dodge Charger SRT-8 2009;Dodge;Sedan;01153.jpg
206;173;805;478;146;26;5;Jeep Wrangler SUV 2012;Jeep;SUV;01154.jpg
395;414;2378;1721;96;12;4;Dodge Charger Sedan 2012;Dodge;Sedan;01155.jpg
38;60;291;220;110;17;5;Ford Edge SUV 2012;Ford;SUV;01156.jpg
32;135;466;266;15;3;1;Audi R8 Coupe 2012;Audi;Coupe;01157.jpg
57;25;579;433;187;45;4;Toyota Camry Sedan 2012;Toyota;Sedan;01158.jpg
30;23;390;256;195;47;5;Volvo XC90 SUV 2007;Volvo;SUV;01159.jpg
3;45;630;402;23;3;4;Audi S4 Sedan 2012;Audi;Sedan;01160.jpg
64;106;399;307;82;11;8;Daewoo Nubira Wagon 2002;Daewoo;Wagon;01161.jpg
65;182;616;383;174;39;3;Ram C/V Cargo Van Minivan 2012;Ram;Minivan;01162.jpg
69;192;876;531;87;12;6;Dodge Ram Pickup 3500 Quad Cab 2009;Dodge;Truck;01163.jpg
235;425;1101;711;31;4;0;BMW 6 Series Convertible 2007;BMW;Convertible;01164.jpg
106;27;933;440;36;4;0;BMW M6 Convertible 2010;BMW;Convertible;01165.jpg
16;94;768;513;123;19;0;Geo Metro Convertible 1993;Geo;Convertible;01166.jpg
88;298;717;514;21;3;0;Audi S5 Convertible 2012;Audi;Convertible;01167.jpg
124;322;1010;662;46;6;1;Bugatti Veyron 16.4 Coupe 2009;Bugatti;Coupe;01168.jpg
27;17;249;189;73;9;4;Chevrolet Malibu Sedan 2007;Chevrolet;Sedan;01169.jpg
63;106;454;299;141;23;1;Infiniti G Coupe IPL 2012;Infiniti;Coupe;01170.jpg
102;6;606;480;88;12;7;Dodge Sprinter Cargo Van 2009;Dodge;Van;01171.jpg
50;107;458;299;122;18;6;GMC Canyon Extended Cab 2012;GMC;Truck;01172.jpg
11;15;989;658;145;26;5;Jeep Patriot SUV 2012;Jeep;SUV;01173.jpg
1;20;275;184;122;18;6;GMC Canyon Extended Cab 2012;GMC;Truck;01174.jpg
1;4;800;320;113;17;6;Ford F-150 Regular Cab 2012;Ford;Truck;01175.jpg
28;33;285;177;65;9;6;Chevrolet Avalanche Crew Cab 2012;Chevrolet;Truck;01176.jpg
163;237;1061;737;165;34;4;Mercedes-Benz S-Class Sedan 2012;Mercedes-Benz;Sedan;01177.jpg
68;169;712;401;43;5;1;Bentley Continental GT Coupe 2007;Bentley;Coupe;01178.jpg
85;200;463;344;11;2;1;Aston Martin Virage Coupe 2012;Aston;Coupe;01179.jpg
11;29;294;185;16;3;4;Audi V8 Sedan 1994;Audi;Sedan;01180.jpg
25;125;620;349;126;21;3;Honda Odyssey Minivan 2012;Honda;Minivan;01181.jpg
70;193;762;445;161;34;0;Mercedes-Benz 300-Class Convertible 1993;Mercedes-Benz;Convertible;01182.jpg
75;260;923;593;153;27;1;Lamborghini Diablo Coupe 2001;Lamborghini;Coupe;01183.jpg
16;40;464;244;46;6;1;Bugatti Veyron 16.4 Coupe 2009;Bugatti;Coupe;01184.jpg
147;180;1486;1011;52;8;5;Cadillac SRX SUV 2012;Cadillac;SUV;01185.jpg
12;48;230;157;8;2;0;Aston Martin V8 Vantage Convertible 2012;Aston;Convertible;01186.jpg
58;94;467;278;157;30;0;MINI Cooper Roadster Convertible 2012;MINI Cooper;Convertible;01187.jpg
108;105;540;330;94;12;5;Dodge Durango SUV 2012;Dodge;SUV;01188.jpg
22;278;625;445;153;27;1;Lamborghini Diablo Coupe 2001;Lamborghini;Coupe;01189.jpg
78;95;999;667;63;9;4;Chevrolet Sonic Sedan 2012;Chevrolet;Sedan;01190.jpg
13;34;235;184;116;17;7;Ford E-Series Wagon Van 2012;Ford;Van;01191.jpg
18;115;445;334;30;4;8;BMW 3 Series Wagon 2012;BMW;Wagon;01192.jpg
5;19;320;139;48;7;5;Buick Rainier SUV 2007;Buick;SUV;01193.jpg
62;141;309;246;123;19;0;Geo Metro Convertible 1993;Geo;Convertible;01194.jpg
15;46;575;415;24;3;4;Audi S4 Sedan 2007;Audi;Sedan;01195.jpg
115;93;246;151;151;27;1;Lamborghini Aventador Coupe 2012;Lamborghini;Coupe;01196.jpg
3;49;998;772;36;4;0;BMW M6 Convertible 2010;BMW;Convertible;01197.jpg
30;78;611;403;53;8;6;Cadillac Escalade EXT Crew Cab 2007;Cadillac;Truck;01198.jpg
37;97;265;182;62;9;5;Chevrolet Tahoe Hybrid SUV 2012;Chevrolet;SUV;01199.jpg
80;31;667;264;142;23;5;Infiniti QX56 SUV 2011;Infiniti;SUV;01200.jpg
19;51;631;458;50;7;5;Buick Enclave SUV 2012;Buick;SUV;01201.jpg
52;289;751;505;21;3;0;Audi S5 Convertible 2012;Audi;Convertible;01202.jpg
1;36;269;196;171;36;1;Nissan 240SX Coupe 1998;Nissan;Coupe;01203.jpg
49;83;1073;765;140;22;4;Hyundai Azera Sedan 2012;Hyundai;Sedan;01204.jpg
45;59;284;161;41;5;4;Bentley Mulsanne Sedan 2011;Bentley;Sedan;01205.jpg
71;96;590;393;28;4;1;BMW 1 Series Coupe 2012;BMW;Coupe;01206.jpg
5;50;293;170;48;7;5;Buick Rainier SUV 2007;Buick;SUV;01207.jpg
64;281;819;694;30;4;8;BMW 3 Series Wagon 2012;BMW;Wagon;01208.jpg
1;24;120;103;174;39;3;Ram C/V Cargo Van Minivan 2012;Ram;Minivan;01209.jpg
19;123;618;354;14;3;1;Audi TTS Coupe 2012;Audi;Coupe;01210.jpg
23;21;235;176;108;17;3;Ford Freestar Minivan 2007;Ford;Minivan;01211.jpg
103;292;1495;845;90;12;6;Dodge Dakota Crew Cab 2010;Dodge;Truck;01212.jpg
38;127;642;412;134;22;4;Hyundai Sonata Hybrid Sedan 2012;Hyundai;Sedan;01213.jpg
3;47;296;183;3;1;4;Acura TL Sedan 2012;Acura;Sedan;01214.jpg
25;124;552;308;114;17;6;Ford F-150 Regular Cab 2007;Ford;Truck;01215.jpg
43;70;584;321;185;44;4;Tesla Model S Sedan 2012;Tesla;Sedan;01216.jpg
100;97;429;314;159;32;5;Mazda Tribute SUV 2011;Mazda;SUV;01217.jpg
51;256;1007;585;161;34;0;Mercedes-Benz 300-Class Convertible 1993;Mercedes-Benz;Convertible;01218.jpg
63;81;590;410;81;10;0;Chrysler PT Cruiser Convertible 2008;Chrysler;Convertible;01219.jpg
31;11;248;179;121;18;5;GMC Acadia SUV 2012;GMC;SUV;01220.jpg
1;20;319;219;142;23;5;Infiniti QX56 SUV 2011;Infiniti;SUV;01221.jpg
23;60;597;349;64;9;7;Chevrolet Express Cargo Van 2007;Chevrolet;Van;01222.jpg
64;120;886;767;147;26;5;Jeep Liberty SUV 2012;Jeep;SUV;01223.jpg
786;514;1443;890;39;5;0;Bentley Continental Supersports Conv. Convertible 2012;Bentley;Convertible;01224.jpg
86;33;513;403;187;45;4;Toyota Camry Sedan 2012;Toyota;Sedan;01225.jpg
71;126;581;413;189;45;5;Toyota 4Runner SUV 2012;Toyota;SUV;01226.jpg
113;54;634;470;37;4;5;BMW X3 SUV 2012;BMW;SUV;01227.jpg
331;299;702;562;45;6;0;Bugatti Veyron 16.4 Convertible 2009;Bugatti;Convertible;01228.jpg
100;55;403;271;84;12;8;Dodge Caliber Wagon 2007;Dodge;Wagon;01229.jpg
27;115;667;404;74;9;6;Chevrolet Silverado 1500 Extended Cab 2012;Chevrolet;Truck;01230.jpg
22;4;457;316;159;32;5;Mazda Tribute SUV 2011;Mazda;SUV;01231.jpg
150;87;472;289;14;3;1;Audi TTS Coupe 2012;Audi;Coupe;01232.jpg
8;93;630;422;138;22;4;Hyundai Sonata Sedan 2012;Hyundai;Sedan;01233.jpg
102;28;508;365;49;7;4;Buick Verano Sedan 2012;Buick;Sedan;01234.jpg
29;116;464;311;156;29;4;Lincoln Town Car Sedan 2011;Lincoln;Sedan;01235.jpg
21;66;409;226;180;42;1;Spyker C8 Coupe 2009;Spyker;Coupe;01236.jpg
116;409;1156;753;173;38;4;Porsche Panamera Sedan 2012;Porsche;Sedan;01237.jpg
24;41;270;158;111;17;6;Ford Ranger SuperCab 2011;Ford;Truck;01238.jpg
300;501;1711;1070;28;4;1;BMW 1 Series Coupe 2012;BMW;Coupe;01239.jpg
83;59;416;320;188;45;4;Toyota Corolla Sedan 2012;Toyota;Sedan;01240.jpg
52;39;250;122;77;10;0;Chrysler Sebring Convertible 2010;Chrysler;Convertible;01241.jpg
68;126;585;399;94;12;5;Dodge Durango SUV 2012;Dodge;SUV;01242.jpg
41;75;464;266;154;28;5;Land Rover Range Rover SUV 2012;Land Rover;SUV;01243.jpg
135;43;663;571;155;28;5;Land Rover LR2 SUV 2012;Land Rover;SUV;01244.jpg
47;59;585;383;19;3;2;Audi TT Hatchback 2011;Audi;Hatchback;01245.jpg
13;44;784;538;118;18;5;GMC Terrain SUV 2012;GMC;SUV;01246.jpg
20;47;291;212;162;34;4;Mercedes-Benz C-Class Sedan 2012;Mercedes-Benz;Sedan;01247.jpg
25;37;275;189;160;33;1;McLaren MP4-12C Coupe 2012;McLaren;Coupe;01248.jpg
62;226;1189;841;46;6;1;Bugatti Veyron 16.4 Coupe 2009;Bugatti;Coupe;01249.jpg
27;174;989;708;182;43;4;Suzuki Kizashi Sedan 2012;Suzuki;Sedan;01250.jpg
206;96;736;365;16;3;4;Audi V8 Sedan 1994;Audi;Sedan;01251.jpg
19;25;386;242;196;48;0;smart fortwo Convertible 2012;smart;Convertible;01252.jpg
78;134;1189;772;37;4;5;BMW X3 SUV 2012;BMW;SUV;01253.jpg
107;91;756;501;155;28;5;Land Rover LR2 SUV 2012;Land Rover;SUV;01254.jpg
17;80;735;492;6;1;4;Acura Integra Type R 2001;Acura;Sedan;01255.jpg
8;28;279;201;71;9;7;Chevrolet Express Van 2007;Chevrolet;Van;01256.jpg
24;172;1005;587;133;22;5;Hyundai Veracruz SUV 2012;Hyundai;SUV;01257.jpg
29;91;482;454;95;12;5;Dodge Durango SUV 2007;Dodge;SUV;01258.jpg
139;112;1090;706;89;12;5;Dodge Journey SUV 2012;Dodge;SUV;01259.jpg
44;29;187;133;95;12;5;Dodge Durango SUV 2007;Dodge;SUV;01260.jpg
48;137;343;276;85;12;3;Dodge Caravan Minivan 1997;Dodge;Minivan;01261.jpg
47;31;340;219;84;12;8;Dodge Caliber Wagon 2007;Dodge;Wagon;01262.jpg
1;21;639;470;143;24;5;Isuzu Ascender SUV 2008;Isuzu;SUV;01263.jpg
5;36;623;357;4;1;4;Acura TL Type-S 2008;Acura;Sedan;01264.jpg
35;160;509;361;185;44;4;Tesla Model S Sedan 2012;Tesla;Sedan;01265.jpg
20;87;600;391;122;18;6;GMC Canyon Extended Cab 2012;GMC;Truck;01266.jpg
26;92;604;291;127;21;3;Honda Odyssey Minivan 2007;Honda;Minivan;01267.jpg
9;43;254;152;54;9;6;Chevrolet Silverado 1500 Hybrid Crew Cab 2012;Chevrolet;Truck;01268.jpg
96;3;519;385;180;42;1;Spyker C8 Coupe 2009;Spyker;Coupe;01269.jpg
21;76;532;355;44;5;4;Bentley Continental Flying Spur Sedan 2007;Bentley;Sedan;01270.jpg
1;15;120;99;158;31;0;Maybach Landaulet Convertible 2012;Maybach;Convertible;01271.jpg
111;66;984;800;132;22;5;Hyundai Tucson SUV 2012;Hyundai;SUV;01272.jpg
53;265;769;475;102;15;0;Ferrari California Convertible 2012;Ferrari;Convertible;01273.jpg
5;153;420;337;72;9;1;Chevrolet Monte Carlo Coupe 2007;Chevrolet;Coupe;01274.jpg
14;52;252;149;29;4;4;BMW 3 Series Sedan 2012;BMW;Sedan;01275.jpg
67;102;567;357;9;2;1;Aston Martin V8 Vantage Coupe 2012;Aston;Coupe;01276.jpg
1;5;160;89;1;0;5;AM General Hummer SUV 2000;AM;SUV;01277.jpg
25;48;294;142;80;10;0;Chrysler Crossfire Convertible 2008;Chrysler;Convertible;01278.jpg
7;24;287;232;131;22;5;Hyundai Santa Fe SUV 2012;Hyundai;SUV;01279.jpg
74;157;504;398;106;17;6;Ford F-450 Super Duty Crew Cab 2012;Ford;Truck;01280.jpg
126;69;402;309;47;7;4;Buick Regal GS 2012;Buick;Sedan;01281.jpg
11;14;621;441;184;43;4;Suzuki SX4 Sedan 2012;Suzuki;Sedan;01282.jpg
19;52;261;150;8;2;0;Aston Martin V8 Vantage Convertible 2012;Aston;Convertible;01283.jpg
112;298;1609;1003;40;5;4;Bentley Arnage Sedan 2009;Bentley;Sedan;01284.jpg
47;49;321;202;195;47;5;Volvo XC90 SUV 2007;Volvo;SUV;01285.jpg
74;1;1448;855;130;22;2;Hyundai Veloster Hatchback 2012;Hyundai;Hatchback;01286.jpg
64;189;458;357;160;33;1;McLaren MP4-12C Coupe 2012;McLaren;Coupe;01287.jpg
135;120;869;619;94;12;5;Dodge Durango SUV 2012;Dodge;SUV;01288.jpg
4;32;259;171;53;8;6;Cadillac Escalade EXT Crew Cab 2007;Cadillac;Truck;01289.jpg
10;69;317;216;165;34;4;Mercedes-Benz S-Class Sedan 2012;Mercedes-Benz;Sedan;01290.jpg
104;155;459;322;137;22;4;Hyundai Genesis Sedan 2012;Hyundai;Sedan;01291.jpg
22;16;434;332;28;4;1;BMW 1 Series Coupe 2012;BMW;Coupe;01292.jpg
76;87;388;244;46;6;1;Bugatti Veyron 16.4 Coupe 2009;Bugatti;Coupe;01293.jpg
8;55;160;108;107;17;0;Ford Mustang Convertible 2007;Ford;Convertible;01294.jpg
113;133;578;375;94;12;5;Dodge Durango SUV 2012;Dodge;SUV;01295.jpg
30;101;445;261;115;17;4;Ford Focus Sedan 2007;Ford;Sedan;01296.jpg
103;205;1330;928;12;3;0;Audi RS 4 Convertible 2008;Audi;Convertible;01297.jpg
28;199;1005;673;20;3;4;Audi S6 Sedan 2011;Audi;Sedan;01298.jpg
41;140;591;356;186;45;5;Toyota Sequoia SUV 2012;Toyota;SUV;01299.jpg
42;186;1788;1088;58;9;5;Chevrolet Traverse SUV 2012;Chevrolet;SUV;01300.jpg
34;93;620;350;144;25;1;Jaguar XK XKR 2012;Jaguar;Coupe;01301.jpg
62;79;620;455;178;41;2;Scion xD Hatchback 2012;Scion;Hatchback;01302.jpg
55;22;685;433;191;46;2;Volkswagen Golf Hatchback 1991;Volkswagen;Hatchback;01303.jpg
17;74;624;425;137;22;4;Hyundai Genesis Sedan 2012;Hyundai;Sedan;01304.jpg
242;250;860;643;145;26;5;Jeep Patriot SUV 2012;Jeep;SUV;01305.jpg
124;81;768;535;157;30;0;MINI Cooper Roadster Convertible 2012;MINI Cooper;Convertible;01306.jpg
177;266;943;748;81;10;0;Chrysler PT Cruiser Convertible 2008;Chrysler;Convertible;01307.jpg
73;452;2478;1508;23;3;4;Audi S4 Sedan 2012;Audi;Sedan;01308.jpg
14;120;281;216;74;9;6;Chevrolet Silverado 1500 Extended Cab 2012;Chevrolet;Truck;01309.jpg
40;39;703;415;172;37;1;Plymouth Neon Coupe 1999;Plymouth;Coupe;01310.jpg
1;12;137;94;88;12;7;Dodge Sprinter Cargo Van 2009;Dodge;Van;01311.jpg
65;17;424;202;86;12;6;Dodge Ram Pickup 3500 Crew Cab 2010;Dodge;Truck;01312.jpg
56;69;558;354;12;3;0;Audi RS 4 Convertible 2008;Audi;Convertible;01313.jpg
29;129;597;364;123;19;0;Geo Metro Convertible 1993;Geo;Convertible;01314.jpg
31;12;421;209;189;45;5;Toyota 4Runner SUV 2012;Toyota;SUV;01315.jpg
20;35;406;236;57;9;1;Chevrolet Corvette Ron Fellows Edition Z06 2007;Chevrolet;Coupe;01316.jpg
91;129;533;399;192;46;2;Volkswagen Beetle Hatchback 2012;Volkswagen;Hatchback;01317.jpg
167;85;580;307;67;9;4;Chevrolet Malibu Hybrid Sedan 2010;Chevrolet;Sedan;01318.jpg
59;115;378;249;181;43;4;Suzuki Aerio Sedan 2007;Suzuki;Sedan;01319.jpg
89;42;461;288;184;43;4;Suzuki SX4 Sedan 2012;Suzuki;Sedan;01320.jpg
46;69;603;411;177;40;4;Rolls-Royce Phantom Sedan 2012;Rolls-Royce;Sedan;01321.jpg
46;69;583;363;7;1;2;Acura ZDX Hatchback 2012;Acura;Hatchback;01322.jpg
49;203;992;692;114;17;6;Ford F-150 Regular Cab 2007;Ford;Truck;01323.jpg
32;93;250;184;39;5;0;Bentley Continental Supersports Conv. Convertible 2012;Bentley;Convertible;01324.jpg
33;38;250;167;70;9;6;Chevrolet Silverado 1500 Classic Extended Cab 2007;Chevrolet;Truck;01325.jpg
15;48;274;187;67;9;4;Chevrolet Malibu Hybrid Sedan 2010;Chevrolet;Sedan;01326.jpg
39;116;353;250;74;9;6;Chevrolet Silverado 1500 Extended Cab 2012;Chevrolet;Truck;01327.jpg
91;282;956;642;59;9;0;Chevrolet Camaro Convertible 2012;Chevrolet;Convertible;01328.jpg
10;52;255;163;165;34;4;Mercedes-Benz S-Class Sedan 2012;Mercedes-Benz;Sedan;01329.jpg
9;11;290;200;53;8;6;Cadillac Escalade EXT Crew Cab 2007;Cadillac;Truck;01330.jpg
355;323;1316;897;8;2;0;Aston Martin V8 Vantage Convertible 2012;Aston;Convertible;01331.jpg
50;48;591;384;126;21;3;Honda Odyssey Minivan 2012;Honda;Minivan;01332.jpg
32;86;609;304;130;22;2;Hyundai Veloster Hatchback 2012;Hyundai;Hatchback;01333.jpg
9;71;461;216;179;42;0;Spyker C8 Convertible 2009;Spyker;Convertible;01334.jpg
555;301;1173;568;45;6;0;Bugatti Veyron 16.4 Convertible 2009;Bugatti;Convertible;01335.jpg
5;7;261;125;189;45;5;Toyota 4Runner SUV 2012;Toyota;SUV;01336.jpg
9;32;253;161;188;45;4;Toyota Corolla Sedan 2012;Toyota;Sedan;01337.jpg
59;87;1737;1211;162;34;4;Mercedes-Benz C-Class Sedan 2012;Mercedes-Benz;Sedan;01338.jpg
114;107;561;407;94;12;5;Dodge Durango SUV 2012;Dodge;SUV;01339.jpg
110;83;590;370;30;4;8;BMW 3 Series Wagon 2012;BMW;Wagon;01340.jpg
59;107;575;398;73;9;4;Chevrolet Malibu Sedan 2007;Chevrolet;Sedan;01341.jpg
66;122;480;234;59;9;0;Chevrolet Camaro Convertible 2012;Chevrolet;Convertible;01342.jpg
60;144;778;463;192;46;2;Volkswagen Beetle Hatchback 2012;Volkswagen;Hatchback;01343.jpg
26;23;615;459;126;21;3;Honda Odyssey Minivan 2012;Honda;Minivan;01344.jpg
37;169;587;413;86;12;6;Dodge Ram Pickup 3500 Crew Cab 2010;Dodge;Truck;01345.jpg
37;139;656;470;13;3;1;Audi A5 Coupe 2012;Audi;Coupe;01346.jpg
23;1;430;319;179;42;0;Spyker C8 Convertible 2009;Spyker;Convertible;01347.jpg
80;110;980;677;37;4;5;BMW X3 SUV 2012;BMW;SUV;01348.jpg
341;248;768;497;144;25;1;Jaguar XK XKR 2012;Jaguar;Coupe;01349.jpg
105;315;780;561;157;30;0;MINI Cooper Roadster Convertible 2012;MINI Cooper;Convertible;01350.jpg
80;191;948;623;112;17;1;Ford GT Coupe 2006;Ford;Coupe;01351.jpg
2;59;300;219;40;5;4;Bentley Arnage Sedan 2009;Bentley;Sedan;01352.jpg
43;99;1013;615;31;4;0;BMW 6 Series Convertible 2007;BMW;Convertible;01353.jpg
17;43;250;159;156;29;4;Lincoln Town Car Sedan 2011;Lincoln;Sedan;01354.jpg
46;1;799;560;184;43;4;Suzuki SX4 Sedan 2012;Suzuki;Sedan;01355.jpg
51;120;683;378;168;36;2;Nissan Leaf Hatchback 2012;Nissan;Hatchback;01356.jpg
52;122;750;429;44;5;4;Bentley Continental Flying Spur Sedan 2007;Bentley;Sedan;01357.jpg
10;1;563;306;59;9;0;Chevrolet Camaro Convertible 2012;Chevrolet;Convertible;01358.jpg
17;25;282;153;80;10;0;Chrysler Crossfire Convertible 2008;Chrysler;Convertible;01359.jpg
15;102;411;291;59;9;0;Chevrolet Camaro Convertible 2012;Chevrolet;Convertible;01360.jpg
74;73;239;158;9;2;1;Aston Martin V8 Vantage Coupe 2012;Aston;Coupe;01361.jpg
80;165;543;405;111;17;6;Ford Ranger SuperCab 2011;Ford;Truck;01362.jpg
44;62;589;415;140;22;4;Hyundai Azera Sedan 2012;Hyundai;Sedan;01363.jpg
1;74;639;334;58;9;5;Chevrolet Traverse SUV 2012;Chevrolet;SUV;01364.jpg
114;144;476;349;49;7;4;Buick Verano Sedan 2012;Buick;Sedan;01365.jpg
44;196;603;410;115;17;4;Ford Focus Sedan 2007;Ford;Sedan;01366.jpg
19;54;246;170;80;10;0;Chrysler Crossfire Convertible 2008;Chrysler;Convertible;01367.jpg
32;136;843;490;133;22;5;Hyundai Veracruz SUV 2012;Hyundai;SUV;01368.jpg
69;36;259;155;161;34;0;Mercedes-Benz 300-Class Convertible 1993;Mercedes-Benz;Convertible;01369.jpg
20;29;583;270;21;3;0;Audi S5 Convertible 2012;Audi;Convertible;01370.jpg
32;60;207;157;92;12;8;Dodge Magnum Wagon 2008;Dodge;Wagon;01371.jpg
263;598;2349;1638;13;3;1;Audi A5 Coupe 2012;Audi;Coupe;01372.jpg
61;137;596;443;130;22;2;Hyundai Veloster Hatchback 2012;Hyundai;Hatchback;01373.jpg
3;37;496;299;159;32;5;Mazda Tribute SUV 2011;Mazda;SUV;01374.jpg
54;254;1961;1084;170;36;2;Nissan Juke Hatchback 2012;Nissan;Hatchback;01375.jpg
5;27;347;234;121;18;5;GMC Acadia SUV 2012;GMC;SUV;01376.jpg
54;75;408;274;97;12;4;Dodge Charger SRT-8 2009;Dodge;Sedan;01377.jpg
29;141;597;450;87;12;6;Dodge Ram Pickup 3500 Quad Cab 2009;Dodge;Truck;01378.jpg
60;111;760;520;192;46;2;Volkswagen Beetle Hatchback 2012;Volkswagen;Hatchback;01379.jpg
63;51;571;320;124;20;6;HUMMER H3T Crew Cab 2010;HUMMER;Truck;01380.jpg
33;35;502;275;46;6;1;Bugatti Veyron 16.4 Coupe 2009;Bugatti;Coupe;01381.jpg
3;21;285;195;53;8;6;Cadillac Escalade EXT Crew Cab 2007;Cadillac;Truck;01382.jpg
23;11;307;225;113;17;6;Ford F-150 Regular Cab 2012;Ford;Truck;01383.jpg
117;31;516;415;85;12;3;Dodge Caravan Minivan 1997;Dodge;Minivan;01384.jpg
150;109;605;407;174;39;3;Ram C/V Cargo Van Minivan 2012;Ram;Minivan;01385.jpg
73;211;1534;988;170;36;2;Nissan Juke Hatchback 2012;Nissan;Hatchback;01386.jpg
6;31;636;434;131;22;5;Hyundai Santa Fe SUV 2012;Hyundai;SUV;01387.jpg
24;41;277;198;109;17;5;Ford Expedition EL SUV 2009;Ford;SUV;01388.jpg
23;32;218;159;128;21;1;Honda Accord Coupe 2012;Honda;Coupe;01389.jpg
16;24;248;188;188;45;4;Toyota Corolla Sedan 2012;Toyota;Sedan;01390.jpg
17;58;241;151;73;9;4;Chevrolet Malibu Sedan 2007;Chevrolet;Sedan;01391.jpg
39;89;457;334;5;1;4;Acura TSX Sedan 2012;Acura;Sedan;01392.jpg
4;118;519;321;127;21;3;Honda Odyssey Minivan 2007;Honda;Minivan;01393.jpg
13;95;462;279;156;29;4;Lincoln Town Car Sedan 2011;Lincoln;Sedan;01394.jpg
39;76;969;593;30;4;8;BMW 3 Series Wagon 2012;BMW;Wagon;01395.jpg
140;175;492;411;154;28;5;Land Rover Range Rover SUV 2012;Land Rover;SUV;01396.jpg
41;39;602;456;67;9;4;Chevrolet Malibu Hybrid Sedan 2010;Chevrolet;Sedan;01397.jpg
108;50;535;385;111;17;6;Ford Ranger SuperCab 2011;Ford;Truck;01398.jpg
31;66;525;261;43;5;1;Bentley Continental GT Coupe 2007;Bentley;Coupe;01399.jpg
43;181;471;329;136;22;4;Hyundai Accent Sedan 2012;Hyundai;Sedan;01400.jpg
95;57;681;360;42;5;1;Bentley Continental GT Coupe 2012;Bentley;Coupe;01401.jpg
41;60;226;165;118;18;5;GMC Terrain SUV 2012;GMC;SUV;01402.jpg
16;41;399;300;14;3;1;Audi TTS Coupe 2012;Audi;Coupe;01403.jpg
436;574;1465;940;163;34;1;Mercedes-Benz SL-Class Coupe 2009;Mercedes-Benz;Coupe;01404.jpg
16;52;386;252;155;28;5;Land Rover LR2 SUV 2012;Land Rover;SUV;01405.jpg
103;134;905;551;144;25;1;Jaguar XK XKR 2012;Jaguar;Coupe;01406.jpg
51;44;506;263;99;14;2;FIAT 500 Abarth 2012;FIAT;Hatchback;01407.jpg
27;52;253;151;190;46;2;Volkswagen Golf Hatchback 2012;Volkswagen;Hatchback;01408.jpg
39;24;498;242;43;5;1;Bentley Continental GT Coupe 2007;Bentley;Coupe;01409.jpg
172;80;448;306;109;17;5;Ford Expedition EL SUV 2009;Ford;SUV;01410.jpg
42;207;760;469;55;9;0;Chevrolet Corvette Convertible 2012;Chevrolet;Convertible;01411.jpg
41;71;554;458;133;22;5;Hyundai Veracruz SUV 2012;Hyundai;SUV;01412.jpg
24;46;290;188;8;2;0;Aston Martin V8 Vantage Convertible 2012;Aston;Convertible;01413.jpg
12;84;636;479;91;12;6;Dodge Dakota Club Cab 2007;Dodge;Truck;01414.jpg
9;25;291;163;25;3;1;Audi TT RS Coupe 2012;Audi;Coupe;01415.jpg
54;81;728;422;7;1;2;Acura ZDX Hatchback 2012;Acura;Hatchback;01416.jpg
31;90;613;360;156;29;4;Lincoln Town Car Sedan 2011;Lincoln;Sedan;01417.jpg
99;158;825;585;84;12;8;Dodge Caliber Wagon 2007;Dodge;Wagon;01418.jpg
11;8;110;68;70;9;6;Chevrolet Silverado 1500 Classic Extended Cab 2007;Chevrolet;Truck;01419.jpg
184;261;1164;703;164;34;4;Mercedes-Benz E-Class Sedan 2012;Mercedes-Benz;Sedan;01420.jpg
4;17;593;269;97;12;4;Dodge Charger SRT-8 2009;Dodge;Sedan;01421.jpg
58;44;250;180;128;21;1;Honda Accord Coupe 2012;Honda;Coupe;01422.jpg
51;115;606;399;27;4;0;BMW 1 Series Convertible 2012;BMW;Convertible;01423.jpg
1;14;352;256;123;19;0;Geo Metro Convertible 1993;Geo;Convertible;01424.jpg
25;117;1015;536;11;2;1;Aston Martin Virage Coupe 2012;Aston;Coupe;01425.jpg
47;57;612;353;104;15;1;Ferrari 458 Italia Coupe 2012;Ferrari;Coupe;01426.jpg
347;476;4243;2904;149;26;5;Jeep Compass SUV 2012;Jeep;SUV;01427.jpg
68;71;238;187;59;9;0;Chevrolet Camaro Convertible 2012;Chevrolet;Convertible;01428.jpg
14;90;490;320;127;21;3;Honda Odyssey Minivan 2007;Honda;Minivan;01429.jpg
19;54;383;253;74;9;6;Chevrolet Silverado 1500 Extended Cab 2012;Chevrolet;Truck;01430.jpg
17;158;779;462;194;47;4;Volvo 240 Sedan 1993;Volvo;Sedan;01431.jpg
40;128;594;352;70;9;6;Chevrolet Silverado 1500 Classic Extended Cab 2007;Chevrolet;Truck;01432.jpg
10;60;296;178;47;7;4;Buick Regal GS 2012;Buick;Sedan;01433.jpg
52;96;754;498;98;13;2;Eagle Talon Hatchback 1998;Eagle;Hatchback;01434.jpg
297;191;1758;1043;189;45;5;Toyota 4Runner SUV 2012;Toyota;SUV;01435.jpg
228;207;531;332;160;33;1;McLaren MP4-12C Coupe 2012;McLaren;Coupe;01436.jpg
1;87;629;404;80;10;0;Chrysler Crossfire Convertible 2008;Chrysler;Convertible;01437.jpg
16;132;768;574;33;4;5;BMW X6 SUV 2012;BMW;SUV;01438.jpg
47;72;444;317;93;12;1;Dodge Challenger SRT8 2011;Dodge;Coupe;01439.jpg
29;34;203;158;88;12;7;Dodge Sprinter Cargo Van 2009;Dodge;Van;01440.jpg
126;118;768;538;148;26;5;Jeep Grand Cherokee SUV 2012;Jeep;SUV;01441.jpg
63;81;771;552;166;34;7;Mercedes-Benz Sprinter Van 2012;Mercedes-Benz;Van;01442.jpg
120;130;475;312;34;4;1;BMW M3 Coupe 2012;BMW;Coupe;01443.jpg
1;56;402;248;52;8;5;Cadillac SRX SUV 2012;Cadillac;SUV;01444.jpg
102;150;659;414;143;24;5;Isuzu Ascender SUV 2008;Isuzu;SUV;01445.jpg
28;235;1597;1135;144;25;1;Jaguar XK XKR 2012;Jaguar;Coupe;01446.jpg
4;5;275;176;53;8;6;Cadillac Escalade EXT Crew Cab 2007;Cadillac;Truck;01447.jpg
17;20;265;162;110;17;5;Ford Edge SUV 2012;Ford;SUV;01448.jpg
11;21;325;216;189;45;5;Toyota 4Runner SUV 2012;Toyota;SUV;01449.jpg
53;140;570;338;15;3;1;Audi R8 Coupe 2012;Audi;Coupe;01450.jpg
24;247;2044;911;158;31;0;Maybach Landaulet Convertible 2012;Maybach;Convertible;01451.jpg
17;93;639;360;91;12;6;Dodge Dakota Club Cab 2007;Dodge;Truck;01452.jpg
38;105;754;457;192;46;2;Volkswagen Beetle Hatchback 2012;Volkswagen;Hatchback;01453.jpg
9;17;281;172;122;18;6;GMC Canyon Extended Cab 2012;GMC;Truck;01454.jpg
20;140;599;351;144;25;1;Jaguar XK XKR 2012;Jaguar;Coupe;01455.jpg
35;63;464;331;120;18;5;GMC Yukon Hybrid SUV 2012;GMC;SUV;01456.jpg
164;95;506;343;15;3;1;Audi R8 Coupe 2012;Audi;Coupe;01457.jpg
18;279;1003;752;113;17;6;Ford F-150 Regular Cab 2012;Ford;Truck;01458.jpg
37;61;487;342;62;9;5;Chevrolet Tahoe Hybrid SUV 2012;Chevrolet;SUV;01459.jpg
5;9;118;67;174;39;3;Ram C/V Cargo Van Minivan 2012;Ram;Minivan;01460.jpg
5;193;1994;1276;96;12;4;Dodge Charger Sedan 2012;Dodge;Sedan;01461.jpg
26;14;1015;750;146;26;5;Jeep Wrangler SUV 2012;Jeep;SUV;01462.jpg
16;50;237;163;165;34;4;Mercedes-Benz S-Class Sedan 2012;Mercedes-Benz;Sedan;01463.jpg
50;64;584;364;193;47;2;Volvo C30 Hatchback 2012;Volvo;Hatchback;01464.jpg
10;3;594;234;115;17;4;Ford Focus Sedan 2007;Ford;Sedan;01465.jpg
61;68;488;294;142;23;5;Infiniti QX56 SUV 2011;Infiniti;SUV;01466.jpg
27;55;376;284;178;41;2;Scion xD Hatchback 2012;Scion;Hatchback;01467.jpg
78;164;411;284;7;1;2;Acura ZDX Hatchback 2012;Acura;Hatchback;01468.jpg
10;8;596;312;36;4;0;BMW M6 Convertible 2010;BMW;Convertible;01469.jpg
108;591;1127;1107;167;35;4;Mitsubishi Lancer Sedan 2012;Mitsubishi;Sedan;01470.jpg
45;59;585;449;65;9;6;Chevrolet Avalanche Crew Cab 2012;Chevrolet;Truck;01471.jpg
9;107;770;434;189;45;5;Toyota 4Runner SUV 2012;Toyota;SUV;01472.jpg
17;9;284;188;33;4;5;BMW X6 SUV 2012;BMW;SUV;01473.jpg
83;80;508;321;154;28;5;Land Rover Range Rover SUV 2012;Land Rover;SUV;01474.jpg
10;49;595;311;139;22;2;Hyundai Elantra Touring Hatchback 2012;Hyundai;Hatchback;01475.jpg
49;30;417;278;177;40;4;Rolls-Royce Phantom Sedan 2012;Rolls-Royce;Sedan;01476.jpg
1;25;258;180;70;9;6;Chevrolet Silverado 1500 Classic Extended Cab 2007;Chevrolet;Truck;01477.jpg
92;122;666;457;116;17;7;Ford E-Series Wagon Van 2012;Ford;Van;01478.jpg
224;118;519;300;184;43;4;Suzuki SX4 Sedan 2012;Suzuki;Sedan;01479.jpg
126;72;666;471;141;23;1;Infiniti G Coupe IPL 2012;Infiniti;Coupe;01480.jpg
26;78;605;452;87;12;6;Dodge Ram Pickup 3500 Quad Cab 2009;Dodge;Truck;01481.jpg
3;22;269;165;109;17;5;Ford Expedition EL SUV 2009;Ford;SUV;01482.jpg
427;397;1669;982;8;2;0;Aston Martin V8 Vantage Convertible 2012;Aston;Convertible;01483.jpg
102;171;357;323;46;6;1;Bugatti Veyron 16.4 Coupe 2009;Bugatti;Coupe;01484.jpg
78;88;747;466;43;5;1;Bentley Continental GT Coupe 2007;Bentley;Coupe;01485.jpg
91;127;284;186;15;3;1;Audi R8 Coupe 2012;Audi;Coupe;01486.jpg
95;244;1561;1041;79;10;4;Chrysler 300 SRT-8 2010;Chrysler;Sedan;01487.jpg
42;189;739;472;182;43;4;Suzuki Kizashi Sedan 2012;Suzuki;Sedan;01488.jpg
133;169;967;647;34;4;1;BMW M3 Coupe 2012;BMW;Coupe;01489.jpg
20;18;619;260;185;44;4;Tesla Model S Sedan 2012;Tesla;Sedan;01490.jpg
26;63;362;233;150;27;1;Lamborghini Reventon Coupe 2008;Lamborghini;Coupe;01491.jpg
78;104;719;507;148;26;5;Jeep Grand Cherokee SUV 2012;Jeep;SUV;01492.jpg
62;81;257;185;29;4;4;BMW 3 Series Sedan 2012;BMW;Sedan;01493.jpg
24;53;247;133;16;3;4;Audi V8 Sedan 1994;Audi;Sedan;01494.jpg
35;73;639;367;156;29;4;Lincoln Town Car Sedan 2011;Lincoln;Sedan;01495.jpg
51;91;530;316;15;3;1;Audi R8 Coupe 2012;Audi;Coupe;01496.jpg
32;74;613;424;89;12;5;Dodge Journey SUV 2012;Dodge;SUV;01497.jpg
53;71;563;407;178;41;2;Scion xD Hatchback 2012;Scion;Hatchback;01498.jpg
19;115;627;330;153;27;1;Lamborghini Diablo Coupe 2001;Lamborghini;Coupe;01499.jpg
47;63;380;256;28;4;1;BMW 1 Series Coupe 2012;BMW;Coupe;01500.jpg
72;284;1145;738;176;40;4;Rolls-Royce Ghost Sedan 2012;Rolls-Royce;Sedan;01501.jpg
6;3;158;77;17;3;4;Audi 100 Sedan 1994;Audi;Sedan;01502.jpg
84;79;668;313;141;23;1;Infiniti G Coupe IPL 2012;Infiniti;Coupe;01503.jpg
28;64;452;280;130;22;2;Hyundai Veloster Hatchback 2012;Hyundai;Hatchback;01504.jpg
38;3;229;95;158;31;0;Maybach Landaulet Convertible 2012;Maybach;Convertible;01505.jpg
77;269;1916;1194;10;2;0;Aston Martin Virage Convertible 2012;Aston;Convertible;01506.jpg
37;49;773;325;184;43;4;Suzuki SX4 Sedan 2012;Suzuki;Sedan;01507.jpg
33;20;201;106;136;22;4;Hyundai Accent Sedan 2012;Hyundai;Sedan;01508.jpg
67;97;496;272;51;8;4;Cadillac CTS-V Sedan 2012;Cadillac;Sedan;01509.jpg
116;92;387;210;180;42;1;Spyker C8 Coupe 2009;Spyker;Coupe;01510.jpg
32;93;615;390;52;8;5;Cadillac SRX SUV 2012;Cadillac;SUV;01511.jpg
233;327;1141;713;26;4;4;BMW ActiveHybrid 5 Sedan 2012;BMW;Sedan;01512.jpg
74;115;601;399;195;47;5;Volvo XC90 SUV 2007;Volvo;SUV;01513.jpg
18;59;444;292;127;21;3;Honda Odyssey Minivan 2007;Honda;Minivan;01514.jpg
51;157;994;606;22;3;1;Audi S5 Coupe 2012;Audi;Coupe;01515.jpg
24;47;239;160;104;15;1;Ferrari 458 Italia Coupe 2012;Ferrari;Coupe;01516.jpg
131;261;1071;733;169;36;7;Nissan NV Passenger Van 2012;Nissan;Van;01517.jpg
24;98;573;352;194;47;4;Volvo 240 Sedan 1993;Volvo;Sedan;01518.jpg
45;241;990;556;51;8;4;Cadillac CTS-V Sedan 2012;Cadillac;Sedan;01519.jpg
14;29;213;105;29;4;4;BMW 3 Series Sedan 2012;BMW;Sedan;01520.jpg
123;187;494;324;151;27;1;Lamborghini Aventador Coupe 2012;Lamborghini;Coupe;01521.jpg
16;56;258;173;40;5;4;Bentley Arnage Sedan 2009;Bentley;Sedan;01522.jpg
67;71;713;451;183;43;2;Suzuki SX4 Hatchback 2012;Suzuki;Hatchback;01523.jpg
3;47;500;282;22;3;1;Audi S5 Coupe 2012;Audi;Coupe;01524.jpg
42;8;465;280;100;14;0;FIAT 500 Convertible 2012;FIAT;Convertible;01525.jpg
240;46;740;302;97;12;4;Dodge Charger SRT-8 2009;Dodge;Sedan;01526.jpg
25;35;581;387;96;12;4;Dodge Charger Sedan 2012;Dodge;Sedan;01527.jpg
24;38;276;179;131;22;5;Hyundai Santa Fe SUV 2012;Hyundai;SUV;01528.jpg
40;65;774;494;154;28;5;Land Rover Range Rover SUV 2012;Land Rover;SUV;01529.jpg
79;259;924;699;182;43;4;Suzuki Kizashi Sedan 2012;Suzuki;Sedan;01530.jpg
15;28;251;181;188;45;4;Toyota Corolla Sedan 2012;Toyota;Sedan;01531.jpg
76;37;652;500;95;12;5;Dodge Durango SUV 2007;Dodge;SUV;01532.jpg
35;66;573;420;65;9;6;Chevrolet Avalanche Crew Cab 2012;Chevrolet;Truck;01533.jpg
128;185;901;623;19;3;2;Audi TT Hatchback 2011;Audi;Hatchback;01534.jpg
8;29;444;213;2;1;4;Acura RL Sedan 2012;Acura;Sedan;01535.jpg
44;15;234;175;125;20;6;HUMMER H2 SUT Crew Cab 2009;HUMMER;Truck;01536.jpg
79;163;539;393;7;1;2;Acura ZDX Hatchback 2012;Acura;Hatchback;01537.jpg
51;112;976;667;79;10;4;Chrysler 300 SRT-8 2010;Chrysler;Sedan;01538.jpg
20;47;295;196;195;47;5;Volvo XC90 SUV 2007;Volvo;SUV;01539.jpg
9;27;187;120;190;46;2;Volkswagen Golf Hatchback 2012;Volkswagen;Hatchback;01540.jpg
34;89;402;261;88;12;7;Dodge Sprinter Cargo Van 2009;Dodge;Van;01541.jpg
78;59;557;402;73;9;4;Chevrolet Malibu Sedan 2007;Chevrolet;Sedan;01542.jpg
14;44;250;169;162;34;4;Mercedes-Benz C-Class Sedan 2012;Mercedes-Benz;Sedan;01543.jpg
57;53;293;236;71;9;7;Chevrolet Express Van 2007;Chevrolet;Van;01544.jpg
91;45;721;538;93;12;1;Dodge Challenger SRT8 2011;Dodge;Coupe;01545.jpg
85;174;967;654;75;9;6;Chevrolet Silverado 1500 Regular Cab 2012;Chevrolet;Truck;01546.jpg
90;65;878;403;94;12;5;Dodge Durango SUV 2012;Dodge;SUV;01547.jpg
603;287;1435;711;167;35;4;Mitsubishi Lancer Sedan 2012;Mitsubishi;Sedan;01548.jpg
156;192;572;336;187;45;4;Toyota Camry Sedan 2012;Toyota;Sedan;01550.jpg
85;51;397;206;163;34;1;Mercedes-Benz SL-Class Coupe 2009;Mercedes-Benz;Coupe;01551.jpg
84;100;508;335;41;5;4;Bentley Mulsanne Sedan 2011;Bentley;Sedan;01552.jpg
109;63;488;350;28;4;1;BMW 1 Series Coupe 2012;BMW;Coupe;01553.jpg
43;154;551;323;173;38;4;Porsche Panamera Sedan 2012;Porsche;Sedan;01554.jpg
22;91;287;185;114;17;6;Ford F-150 Regular Cab 2007;Ford;Truck;01555.jpg
14;67;612;443;81;10;0;Chrysler PT Cruiser Convertible 2008;Chrysler;Convertible;01556.jpg
17;73;631;431;50;7;5;Buick Enclave SUV 2012;Buick;SUV;01557.jpg
188;220;434;348;101;15;1;Ferrari FF Coupe 2012;Ferrari;Coupe;01558.jpg
45;77;592;479;78;10;3;Chrysler Town and Country Minivan 2012;Chrysler;Minivan;01559.jpg
89;71;606;464;119;18;7;GMC Savana Van 2012;GMC;Van;01560.jpg
37;186;1235;884;170;36;2;Nissan Juke Hatchback 2012;Nissan;Hatchback;01561.jpg
106;1;552;242;116;17;7;Ford E-Series Wagon Van 2012;Ford;Van;01562.jpg
15;27;480;344;146;26;5;Jeep Wrangler SUV 2012;Jeep;SUV;01563.jpg
52;83;564;375;162;34;4;Mercedes-Benz C-Class Sedan 2012;Mercedes-Benz;Sedan;01564.jpg
13;46;321;194;165;34;4;Mercedes-Benz S-Class Sedan 2012;Mercedes-Benz;Sedan;01565.jpg
39;68;579;402;187;45;4;Toyota Camry Sedan 2012;Toyota;Sedan;01566.jpg
87;207;567;446;176;40;4;Rolls-Royce Ghost Sedan 2012;Rolls-Royce;Sedan;01567.jpg
16;9;618;414;37;4;5;BMW X3 SUV 2012;BMW;SUV;01568.jpg
57;128;524;336;173;38;4;Porsche Panamera Sedan 2012;Porsche;Sedan;01569.jpg
39;44;231;153;136;22;4;Hyundai Accent Sedan 2012;Hyundai;Sedan;01570.jpg
48;120;589;371;172;37;1;Plymouth Neon Coupe 1999;Plymouth;Coupe;01571.jpg
4;70;555;319;80;10;0;Chrysler Crossfire Convertible 2008;Chrysler;Convertible;01572.jpg
47;180;940;680;55;9;0;Chevrolet Corvette Convertible 2012;Chevrolet;Convertible;01573.jpg
151;114;689;349;103;15;0;Ferrari 458 Italia Convertible 2012;Ferrari;Convertible;01574.jpg
116;134;477;328;104;15;1;Ferrari 458 Italia Coupe 2012;Ferrari;Coupe;01575.jpg
246;339;1215;788;93;12;1;Dodge Challenger SRT8 2011;Dodge;Coupe;01576.jpg
4;109;580;329;80;10;0;Chrysler Crossfire Convertible 2008;Chrysler;Convertible;01577.jpg
47;82;614;378;11;2;1;Aston Martin Virage Coupe 2012;Aston;Coupe;01578.jpg
190;780;3349;1956;37;4;5;BMW X3 SUV 2012;BMW;SUV;01579.jpg
46;12;260;170;33;4;5;BMW X6 SUV 2012;BMW;SUV;01580.jpg
29;35;560;358;11;2;1;Aston Martin Virage Coupe 2012;Aston;Coupe;01581.jpg
18;100;996;564;35;4;4;BMW M5 Sedan 2010;BMW;Sedan;01582.jpg
91;61;543;408;121;18;5;GMC Acadia SUV 2012;GMC;SUV;01583.jpg
151;337;1315;1063;176;40;4;Rolls-Royce Ghost Sedan 2012;Rolls-Royce;Sedan;01584.jpg
207;205;782;471;153;27;1;Lamborghini Diablo Coupe 2001;Lamborghini;Coupe;01585.jpg
33;1;183;193;151;27;1;Lamborghini Aventador Coupe 2012;Lamborghini;Coupe;01586.jpg
32;162;2577;1730;170;36;2;Nissan Juke Hatchback 2012;Nissan;Hatchback;01587.jpg
21;77;590;339;103;15;0;Ferrari 458 Italia Convertible 2012;Ferrari;Convertible;01588.jpg
35;120;605;413;15;3;1;Audi R8 Coupe 2012;Audi;Coupe;01589.jpg
35;147;665;360;187;45;4;Toyota Camry Sedan 2012;Toyota;Sedan;01590.jpg
41;60;216;158;18;3;8;Audi 100 Wagon 1994;Audi;Wagon;01591.jpg
73;105;282;256;146;26;5;Jeep Wrangler SUV 2012;Jeep;SUV;01592.jpg
48;55;744;559;38;4;0;BMW Z4 Convertible 2012;BMW;Convertible;01593.jpg
366;327;2257;1427;183;43;2;Suzuki SX4 Hatchback 2012;Suzuki;Hatchback;01594.jpg
35;54;595;415;195;47;5;Volvo XC90 SUV 2007;Volvo;SUV;01595.jpg
14;45;434;305;163;34;1;Mercedes-Benz SL-Class Coupe 2009;Mercedes-Benz;Coupe;01596.jpg
47;72;556;371;120;18;5;GMC Yukon Hybrid SUV 2012;GMC;SUV;01597.jpg
179;121;488;406;111;17;6;Ford Ranger SuperCab 2011;Ford;Truck;01598.jpg
19;41;249;115;72;9;1;Chevrolet Monte Carlo Coupe 2007;Chevrolet;Coupe;01599.jpg
30;73;619;401;24;3;4;Audi S4 Sedan 2007;Audi;Sedan;01600.jpg
63;46;742;328;121;18;5;GMC Acadia SUV 2012;GMC;SUV;01601.jpg
207;111;836;430;154;28;5;Land Rover Range Rover SUV 2012;Land Rover;SUV;01602.jpg
12;23;246;159;143;24;5;Isuzu Ascender SUV 2008;Isuzu;SUV;01603.jpg
50;93;696;403;49;7;4;Buick Verano Sedan 2012;Buick;Sedan;01604.jpg
30;29;216;150;72;9;1;Chevrolet Monte Carlo Coupe 2007;Chevrolet;Coupe;01605.jpg
12;35;278;183;80;10;0;Chrysler Crossfire Convertible 2008;Chrysler;Convertible;01606.jpg
26;130;681;441;179;42;0;Spyker C8 Convertible 2009;Spyker;Convertible;01607.jpg
6;40;250;157;13;3;1;Audi A5 Coupe 2012;Audi;Coupe;01608.jpg
4;9;98;76;18;3;8;Audi 100 Wagon 1994;Audi;Wagon;01609.jpg
94;94;2407;1422;40;5;4;Bentley Arnage Sedan 2009;Bentley;Sedan;01610.jpg
6;28;296;207;99;14;2;FIAT 500 Abarth 2012;FIAT;Hatchback;01611.jpg
70;54;387;191;69;9;6;Chevrolet Silverado 2500HD Regular Cab 2012;Chevrolet;Truck;01612.jpg
22;45;414;270;32;4;5;BMW X5 SUV 2007;BMW;SUV;01613.jpg
27;62;594;239;47;7;4;Buick Regal GS 2012;Buick;Sedan;01614.jpg
41;130;564;336;52;8;5;Cadillac SRX SUV 2012;Cadillac;SUV;01615.jpg
133;190;1788;951;83;12;8;Dodge Caliber Wagon 2012;Dodge;Wagon;01616.jpg
62;150;543;339;6;1;4;Acura Integra Type R 2001;Acura;Sedan;01617.jpg
51;52;344;265;188;45;4;Toyota Corolla Sedan 2012;Toyota;Sedan;01618.jpg
244;433;1321;1075;98;13;2;Eagle Talon Hatchback 1998;Eagle;Hatchback;01619.jpg
29;25;471;315;16;3;4;Audi V8 Sedan 1994;Audi;Sedan;01620.jpg
166;103;1402;1114;146;26;5;Jeep Wrangler SUV 2012;Jeep;SUV;01621.jpg
70;249;953;590;60;9;8;Chevrolet HHR SS 2010;Chevrolet;Wagon;01622.jpg
18;13;343;283;136;22;4;Hyundai Accent Sedan 2012;Hyundai;Sedan;01623.jpg
54;89;494;307;29;4;4;BMW 3 Series Sedan 2012;BMW;Sedan;01624.jpg
76;136;1546;988;156;29;4;Lincoln Town Car Sedan 2011;Lincoln;Sedan;01625.jpg
79;95;578;428;121;18;5;GMC Acadia SUV 2012;GMC;SUV;01626.jpg
35;32;238;163;54;9;6;Chevrolet Silverado 1500 Hybrid Crew Cab 2012;Chevrolet;Truck;01627.jpg
24;76;442;322;107;17;0;Ford Mustang Convertible 2007;Ford;Convertible;01628.jpg
78;34;585;404;180;42;1;Spyker C8 Coupe 2009;Spyker;Coupe;01629.jpg
112;25;698;504;106;17;6;Ford F-450 Super Duty Crew Cab 2012;Ford;Truck;01630.jpg
71;1;850;599;130;22;2;Hyundai Veloster Hatchback 2012;Hyundai;Hatchback;01631.jpg
196;108;460;266;157;30;0;MINI Cooper Roadster Convertible 2012;MINI Cooper;Convertible;01633.jpg
6;32;294;170;160;33;1;McLaren MP4-12C Coupe 2012;McLaren;Coupe;01634.jpg
67;102;597;393;121;18;5;GMC Acadia SUV 2012;GMC;SUV;01635.jpg
27;101;619;435;86;12;6;Dodge Ram Pickup 3500 Crew Cab 2010;Dodge;Truck;01636.jpg
78;105;498;255;128;21;1;Honda Accord Coupe 2012;Honda;Coupe;01637.jpg
14;28;225;150;82;11;8;Daewoo Nubira Wagon 2002;Daewoo;Wagon;01638.jpg
42;147;600;325;22;3;1;Audi S5 Coupe 2012;Audi;Coupe;01639.jpg
22;206;514;363;12;3;0;Audi RS 4 Convertible 2008;Audi;Convertible;01640.jpg
35;75;614;392;165;34;4;Mercedes-Benz S-Class Sedan 2012;Mercedes-Benz;Sedan;01641.jpg
13;122;480;286;126;21;3;Honda Odyssey Minivan 2012;Honda;Minivan;01642.jpg
70;52;503;266;20;3;4;Audi S6 Sedan 2011;Audi;Sedan;01643.jpg
65;73;504;316;19;3;2;Audi TT Hatchback 2011;Audi;Hatchback;01644.jpg
20;21;409;278;83;12;8;Dodge Caliber Wagon 2012;Dodge;Wagon;01645.jpg
123;395;944;774;107;17;0;Ford Mustang Convertible 2007;Ford;Convertible;01646.jpg
8;21;247;170;54;9;6;Chevrolet Silverado 1500 Hybrid Crew Cab 2012;Chevrolet;Truck;01647.jpg
29;35;236;167;131;22;5;Hyundai Santa Fe SUV 2012;Hyundai;SUV;01648.jpg
25;140;615;336;74;9;6;Chevrolet Silverado 1500 Extended Cab 2012;Chevrolet;Truck;01649.jpg
28;27;277;155;40;5;4;Bentley Arnage Sedan 2009;Bentley;Sedan;01650.jpg
74;79;331;273;76;10;5;Chrysler Aspen SUV 2009;Chrysler;SUV;01651.jpg
47;18;259;156;65;9;6;Chevrolet Avalanche Crew Cab 2012;Chevrolet;Truck;01652.jpg
6;30;270;162;162;34;4;Mercedes-Benz C-Class Sedan 2012;Mercedes-Benz;Sedan;01653.jpg
76;290;1218;697;63;9;4;Chevrolet Sonic Sedan 2012;Chevrolet;Sedan;01654.jpg
20;195;734;439;122;18;6;GMC Canyon Extended Cab 2012;GMC;Truck;01655.jpg
29;2;273;159;32;4;5;BMW X5 SUV 2007;BMW;SUV;01656.jpg
58;100;1333;814;149;26;5;Jeep Compass SUV 2012;Jeep;SUV;01657.jpg
15;55;439;263;175;40;0;Rolls-Royce Phantom Drophead Coupe Convertible 2012;Rolls-Royce;Convertible;01658.jpg
177;382;1465;872;130;22;2;Hyundai Veloster Hatchback 2012;Hyundai;Hatchback;01659.jpg
12;17;271;284;100;14;0;FIAT 500 Convertible 2012;FIAT;Convertible;01660.jpg
178;214;901;658;1;0;5;AM General Hummer SUV 2000;AM;SUV;01661.jpg
30;36;734;240;173;38;4;Porsche Panamera Sedan 2012;Porsche;Sedan;01662.jpg
8;77;500;268;27;4;0;BMW 1 Series Convertible 2012;BMW;Convertible;01663.jpg
21;16;493;262;126;21;3;Honda Odyssey Minivan 2012;Honda;Minivan;01664.jpg
57;70;651;355;138;22;4;Hyundai Sonata Sedan 2012;Hyundai;Sedan;01665.jpg
252;167;483;266;152;27;1;Lamborghini Gallardo LP 570-4 Superleggera 2012;Lamborghini;Coupe;01666.jpg
42;61;433;288;146;26;5;Jeep Wrangler SUV 2012;Jeep;SUV;01667.jpg
24;156;448;419;119;18;7;GMC Savana Van 2012;GMC;Van;01668.jpg
24;71;611;423;133;22;5;Hyundai Veracruz SUV 2012;Hyundai;SUV;01669.jpg
9;16;204;136;190;46;2;Volkswagen Golf Hatchback 2012;Volkswagen;Hatchback;01670.jpg
23;365;529;717;47;7;4;Buick Regal GS 2012;Buick;Sedan;01671.jpg
15;67;398;253;33;4;5;BMW X6 SUV 2012;BMW;SUV;01672.jpg
56;146;575;403;81;10;0;Chrysler PT Cruiser Convertible 2008;Chrysler;Convertible;01673.jpg
180;43;870;713;167;35;4;Mitsubishi Lancer Sedan 2012;Mitsubishi;Sedan;01674.jpg
49;59;591;273;35;4;4;BMW M5 Sedan 2010;BMW;Sedan;01675.jpg
130;169;1537;1156;98;13;2;Eagle Talon Hatchback 1998;Eagle;Hatchback;01676.jpg
23;58;351;248;44;5;4;Bentley Continental Flying Spur Sedan 2007;Bentley;Sedan;01677.jpg
82;95;416;268;10;2;0;Aston Martin Virage Convertible 2012;Aston;Convertible;01678.jpg
14;137;621;429;64;9;7;Chevrolet Express Cargo Van 2007;Chevrolet;Van;01679.jpg
37;137;997;602;9;2;1;Aston Martin V8 Vantage Coupe 2012;Aston;Coupe;01680.jpg
69;282;1197;785;33;4;5;BMW X6 SUV 2012;BMW;SUV;01681.jpg
105;102;624;372;83;12;8;Dodge Caliber Wagon 2012;Dodge;Wagon;01682.jpg
19;55;244;160;86;12;6;Dodge Ram Pickup 3500 Crew Cab 2010;Dodge;Truck;01683.jpg
71;204;686;371;151;27;1;Lamborghini Aventador Coupe 2012;Lamborghini;Coupe;01684.jpg
56;224;1210;662;93;12;1;Dodge Challenger SRT8 2011;Dodge;Coupe;01685.jpg
39;61;348;283;113;17;6;Ford F-150 Regular Cab 2012;Ford;Truck;01686.jpg
16;29;180;119;30;4;8;BMW 3 Series Wagon 2012;BMW;Wagon;01687.jpg
205;34;1333;864;106;17;6;Ford F-450 Super Duty Crew Cab 2012;Ford;Truck;01688.jpg
16;54;295;158;80;10;0;Chrysler Crossfire Convertible 2008;Chrysler;Convertible;01689.jpg
23;34;190;96;70;9;6;Chevrolet Silverado 1500 Classic Extended Cab 2007;Chevrolet;Truck;01690.jpg
55;158;961;677;50;7;5;Buick Enclave SUV 2012;Buick;SUV;01691.jpg
79;300;627;589;140;22;4;Hyundai Azera Sedan 2012;Hyundai;Sedan;01692.jpg
40;43;988;701;131;22;5;Hyundai Santa Fe SUV 2012;Hyundai;SUV;01693.jpg
25;96;637;399;74;9;6;Chevrolet Silverado 1500 Extended Cab 2012;Chevrolet;Truck;01694.jpg
29;45;228;167;131;22;5;Hyundai Santa Fe SUV 2012;Hyundai;SUV;01695.jpg
43;30;247;147;188;45;4;Toyota Corolla Sedan 2012;Toyota;Sedan;01696.jpg
112;31;496;348;118;18;5;GMC Terrain SUV 2012;GMC;SUV;01697.jpg
57;67;256;179;123;19;0;Geo Metro Convertible 1993;Geo;Convertible;01698.jpg
19;18;254;198;189;45;5;Toyota 4Runner SUV 2012;Toyota;SUV;01699.jpg
42;77;573;431;18;3;8;Audi 100 Wagon 1994;Audi;Wagon;01700.jpg
82;42;254;159;95;12;5;Dodge Durango SUV 2007;Dodge;SUV;01701.jpg
97;77;495;405;60;9;8;Chevrolet HHR SS 2010;Chevrolet;Wagon;01702.jpg
123;35;487;297;46;6;1;Bugatti Veyron 16.4 Coupe 2009;Bugatti;Coupe;01703.jpg
28;28;378;239;84;12;8;Dodge Caliber Wagon 2007;Dodge;Wagon;01704.jpg
22;101;380;235;3;1;4;Acura TL Sedan 2012;Acura;Sedan;01705.jpg
19;74;381;232;7;1;2;Acura ZDX Hatchback 2012;Acura;Hatchback;01706.jpg
79;165;744;556;56;9;1;Chevrolet Corvette ZR1 2012;Chevrolet;Coupe;01707.jpg
80;169;366;254;46;6;1;Bugatti Veyron 16.4 Coupe 2009;Bugatti;Coupe;01708.jpg
236;133;472;319;96;12;4;Dodge Charger Sedan 2012;Dodge;Sedan;01709.jpg
149;76;1497;937;55;9;0;Chevrolet Corvette Convertible 2012;Chevrolet;Convertible;01710.jpg
231;72;1007;667;154;28;5;Land Rover Range Rover SUV 2012;Land Rover;SUV;01711.jpg
25;237;606;447;71;9;7;Chevrolet Express Van 2007;Chevrolet;Van;01712.jpg
43;237;515;445;171;36;1;Nissan 240SX Coupe 1998;Nissan;Coupe;01713.jpg
25;61;583;277;26;4;4;BMW ActiveHybrid 5 Sedan 2012;BMW;Sedan;01714.jpg
19;114;620;426;13;3;1;Audi A5 Coupe 2012;Audi;Coupe;01715.jpg
60;91;588;373;3;1;4;Acura TL Sedan 2012;Acura;Sedan;01716.jpg
9;51;489;295;153;27;1;Lamborghini Diablo Coupe 2001;Lamborghini;Coupe;01717.jpg
65;132;1790;1150;149;26;5;Jeep Compass SUV 2012;Jeep;SUV;01718.jpg
42;81;241;164;31;4;0;BMW 6 Series Convertible 2007;BMW;Convertible;01719.jpg
9;147;1022;612;167;35;4;Mitsubishi Lancer Sedan 2012;Mitsubishi;Sedan;01720.jpg
21;47;615;408;96;12;4;Dodge Charger Sedan 2012;Dodge;Sedan;01721.jpg
10;61;435;282;105;16;4;Fisker Karma Sedan 2012;Fisker;Sedan;01722.jpg
7;129;796;475;158;31;0;Maybach Landaulet Convertible 2012;Maybach;Convertible;01723.jpg
67;177;626;480;115;17;4;Ford Focus Sedan 2007;Ford;Sedan;01724.jpg
211;73;645;352;178;41;2;Scion xD Hatchback 2012;Scion;Hatchback;01725.jpg
73;97;587;375;162;34;4;Mercedes-Benz C-Class Sedan 2012;Mercedes-Benz;Sedan;01726.jpg
32;1;511;236;126;21;3;Honda Odyssey Minivan 2012;Honda;Minivan;01727.jpg
27;27;249;160;156;29;4;Lincoln Town Car Sedan 2011;Lincoln;Sedan;01728.jpg
15;113;469;317;150;27;1;Lamborghini Reventon Coupe 2008;Lamborghini;Coupe;01729.jpg
59;172;593;359;150;27;1;Lamborghini Reventon Coupe 2008;Lamborghini;Coupe;01730.jpg
80;78;400;326;67;9;4;Chevrolet Malibu Hybrid Sedan 2010;Chevrolet;Sedan;01731.jpg
12;134;677;432;87;12;6;Dodge Ram Pickup 3500 Quad Cab 2009;Dodge;Truck;01732.jpg
194;364;1292;837;13;3;1;Audi A5 Coupe 2012;Audi;Coupe;01733.jpg
237;435;1000;876;140;22;4;Hyundai Azera Sedan 2012;Hyundai;Sedan;01734.jpg
30;224;462;396;173;38;4;Porsche Panamera Sedan 2012;Porsche;Sedan;01735.jpg
20;56;419;265;69;9;6;Chevrolet Silverado 2500HD Regular Cab 2012;Chevrolet;Truck;01736.jpg
27;41;635;459;132;22;5;Hyundai Tucson SUV 2012;Hyundai;SUV;01737.jpg
14;38;224;173;134;22;4;Hyundai Sonata Hybrid Sedan 2012;Hyundai;Sedan;01738.jpg
41;71;488;309;195;47;5;Volvo XC90 SUV 2007;Volvo;SUV;01739.jpg
2;59;429;262;155;28;5;Land Rover LR2 SUV 2012;Land Rover;SUV;01740.jpg
52;31;423;275;139;22;2;Hyundai Elantra Touring Hatchback 2012;Hyundai;Hatchback;01741.jpg
11;9;255;182;131;22;5;Hyundai Santa Fe SUV 2012;Hyundai;SUV;01742.jpg
39;201;1003;681;80;10;0;Chrysler Crossfire Convertible 2008;Chrysler;Convertible;01743.jpg
39;64;558;215;144;25;1;Jaguar XK XKR 2012;Jaguar;Coupe;01744.jpg
24;49;996;767;71;9;7;Chevrolet Express Van 2007;Chevrolet;Van;01745.jpg
28;155;860;403;79;10;4;Chrysler 300 SRT-8 2010;Chrysler;Sedan;01746.jpg
92;77;585;409;169;36;7;Nissan NV Passenger Van 2012;Nissan;Van;01747.jpg
69;181;424;373;130;22;2;Hyundai Veloster Hatchback 2012;Hyundai;Hatchback;01748.jpg
7;52;130;129;157;30;0;MINI Cooper Roadster Convertible 2012;MINI Cooper;Convertible;01749.jpg
51;57;590;402;3;1;4;Acura TL Sedan 2012;Acura;Sedan;01750.jpg
22;24;378;170;53;8;6;Cadillac Escalade EXT Crew Cab 2007;Cadillac;Truck;01751.jpg
49;138;560;386;60;9;8;Chevrolet HHR SS 2010;Chevrolet;Wagon;01752.jpg
1;14;300;174;42;5;1;Bentley Continental GT Coupe 2012;Bentley;Coupe;01753.jpg
70;164;905;698;132;22;5;Hyundai Tucson SUV 2012;Hyundai;SUV;01754.jpg
7;44;253;154;13;3;1;Audi A5 Coupe 2012;Audi;Coupe;01755.jpg
514;43;1063;360;160;33;1;McLaren MP4-12C Coupe 2012;McLaren;Coupe;01756.jpg
55;72;410;239;38;4;0;BMW Z4 Convertible 2012;BMW;Convertible;01757.jpg
1;103;639;480;114;17;6;Ford F-150 Regular Cab 2007;Ford;Truck;01758.jpg
23;52;288;183;181;43;4;Suzuki Aerio Sedan 2007;Suzuki;Sedan;01759.jpg
38;31;180;112;123;19;0;Geo Metro Convertible 1993;Geo;Convertible;01760.jpg
23;27;611;426;183;43;2;Suzuki SX4 Hatchback 2012;Suzuki;Hatchback;01761.jpg
1;700;1189;1159;12;3;0;Audi RS 4 Convertible 2008;Audi;Convertible;01762.jpg
104;122;450;335;175;40;0;Rolls-Royce Phantom Drophead Coupe Convertible 2012;Rolls-Royce;Convertible;01763.jpg
79;134;587;364;149;26;5;Jeep Compass SUV 2012;Jeep;SUV;01764.jpg
56;40;195;160;111;17;6;Ford Ranger SuperCab 2011;Ford;Truck;01765.jpg
20;33;414;278;90;12;6;Dodge Dakota Crew Cab 2010;Dodge;Truck;01766.jpg
84;107;496;254;11;2;1;Aston Martin Virage Coupe 2012;Aston;Coupe;01767.jpg
26;149;626;425;9;2;1;Aston Martin V8 Vantage Coupe 2012;Aston;Coupe;01768.jpg
65;66;386;270;148;26;5;Jeep Grand Cherokee SUV 2012;Jeep;SUV;01769.jpg
86;159;659;406;47;7;4;Buick Regal GS 2012;Buick;Sedan;01770.jpg
40;53;561;346;156;29;4;Lincoln Town Car Sedan 2011;Lincoln;Sedan;01771.jpg
35;42;274;154;39;5;0;Bentley Continental Supersports Conv. Convertible 2012;Bentley;Convertible;01772.jpg
7;69;289;216;108;17;3;Ford Freestar Minivan 2007;Ford;Minivan;01773.jpg
27;124;732;521;195;47;5;Volvo XC90 SUV 2007;Volvo;SUV;01774.jpg
15;36;629;291;31;4;0;BMW 6 Series Convertible 2007;BMW;Convertible;01775.jpg
49;177;388;318;175;40;0;Rolls-Royce Phantom Drophead Coupe Convertible 2012;Rolls-Royce;Convertible;01776.jpg
66;71;388;309;101;15;1;Ferrari FF Coupe 2012;Ferrari;Coupe;01777.jpg
36;99;585;426;22;3;1;Audi S5 Coupe 2012;Audi;Coupe;01778.jpg
26;181;879;562;112;17;1;Ford GT Coupe 2006;Ford;Coupe;01779.jpg
95;194;505;464;168;36;2;Nissan Leaf Hatchback 2012;Nissan;Hatchback;01780.jpg
29;74;619;376;117;17;4;Ford Fiesta Sedan 2012;Ford;Sedan;01781.jpg
48;9;610;247;17;3;4;Audi 100 Sedan 1994;Audi;Sedan;01782.jpg
39;44;472;247;15;3;1;Audi R8 Coupe 2012;Audi;Coupe;01783.jpg
19;184;886;722;95;12;5;Dodge Durango SUV 2007;Dodge;SUV;01784.jpg
22;69;231;154;73;9;4;Chevrolet Malibu Sedan 2007;Chevrolet;Sedan;01785.jpg
114;67;553;371;10;2;0;Aston Martin Virage Convertible 2012;Aston;Convertible;01786.jpg
11;26;98;68;123;19;0;Geo Metro Convertible 1993;Geo;Convertible;01787.jpg
9;11;141;85;88;12;7;Dodge Sprinter Cargo Van 2009;Dodge;Van;01788.jpg
15;83;561;422;87;12;6;Dodge Ram Pickup 3500 Quad Cab 2009;Dodge;Truck;01789.jpg
45;81;578;397;113;17;6;Ford F-150 Regular Cab 2012;Ford;Truck;01790.jpg
40;58;1916;1018;170;36;2;Nissan Juke Hatchback 2012;Nissan;Hatchback;01791.jpg
44;20;1225;739;39;5;0;Bentley Continental Supersports Conv. Convertible 2012;Bentley;Convertible;01792.jpg
8;37;257;175;116;17;7;Ford E-Series Wagon Van 2012;Ford;Van;01793.jpg
115;157;619;361;178;41;2;Scion xD Hatchback 2012;Scion;Hatchback;01794.jpg
28;47;1007;598;78;10;3;Chrysler Town and Country Minivan 2012;Chrysler;Minivan;01795.jpg
127;49;552;331;78;10;3;Chrysler Town and Country Minivan 2012;Chrysler;Minivan;01796.jpg
25;19;612;302;154;28;5;Land Rover Range Rover SUV 2012;Land Rover;SUV;01797.jpg
42;158;496;355;171;36;1;Nissan 240SX Coupe 1998;Nissan;Coupe;01798.jpg
52;105;233;194;84;12;8;Dodge Caliber Wagon 2007;Dodge;Wagon;01799.jpg
47;97;608;440;124;20;6;HUMMER H3T Crew Cab 2010;HUMMER;Truck;01800.jpg
15;25;239;182;95;12;5;Dodge Durango SUV 2007;Dodge;SUV;01801.jpg
10;42;298;203;76;10;5;Chrysler Aspen SUV 2009;Chrysler;SUV;01802.jpg
58;48;340;217;13;3;1;Audi A5 Coupe 2012;Audi;Coupe;01803.jpg
37;334;1486;1120;93;12;1;Dodge Challenger SRT8 2011;Dodge;Coupe;01804.jpg
15;37;284;160;15;3;1;Audi R8 Coupe 2012;Audi;Coupe;01805.jpg
10;62;252;149;54;9;6;Chevrolet Silverado 1500 Hybrid Crew Cab 2012;Chevrolet;Truck;01806.jpg
14;135;374;268;34;4;1;BMW M3 Coupe 2012;BMW;Coupe;01807.jpg
82;133;974;665;75;9;6;Chevrolet Silverado 1500 Regular Cab 2012;Chevrolet;Truck;01808.jpg
39;155;555;343;177;40;4;Rolls-Royce Phantom Sedan 2012;Rolls-Royce;Sedan;01809.jpg
21;243;617;422;21;3;0;Audi S5 Convertible 2012;Audi;Convertible;01810.jpg
118;140;364;303;52;8;5;Cadillac SRX SUV 2012;Cadillac;SUV;01811.jpg
57;64;1005;608;59;9;0;Chevrolet Camaro Convertible 2012;Chevrolet;Convertible;01812.jpg
81;185;385;333;155;28;5;Land Rover LR2 SUV 2012;Land Rover;SUV;01813.jpg
6;128;448;341;194;47;4;Volvo 240 Sedan 1993;Volvo;Sedan;01814.jpg
14;23;250;163;54;9;6;Chevrolet Silverado 1500 Hybrid Crew Cab 2012;Chevrolet;Truck;01815.jpg
111;92;645;435;78;10;3;Chrysler Town and Country Minivan 2012;Chrysler;Minivan;01816.jpg
32;14;437;287;52;8;5;Cadillac SRX SUV 2012;Cadillac;SUV;01817.jpg
25;62;555;330;46;6;1;Bugatti Veyron 16.4 Coupe 2009;Bugatti;Coupe;01818.jpg
22;52;257;176;8;2;0;Aston Martin V8 Vantage Convertible 2012;Aston;Convertible;01819.jpg
88;233;956;620;164;34;4;Mercedes-Benz E-Class Sedan 2012;Mercedes-Benz;Sedan;01820.jpg
87;129;758;358;29;4;4;BMW 3 Series Sedan 2012;BMW;Sedan;01821.jpg
23;28;600;412;139;22;2;Hyundai Elantra Touring Hatchback 2012;Hyundai;Hatchback;01822.jpg
82;109;450;300;81;10;0;Chrysler PT Cruiser Convertible 2008;Chrysler;Convertible;01823.jpg
55;31;341;238;186;45;5;Toyota Sequoia SUV 2012;Toyota;SUV;01824.jpg
79;49;555;421;35;4;4;BMW M5 Sedan 2010;BMW;Sedan;01825.jpg
31;10;621;400;85;12;3;Dodge Caravan Minivan 1997;Dodge;Minivan;01826.jpg
188;282;1585;1157;63;9;4;Chevrolet Sonic Sedan 2012;Chevrolet;Sedan;01827.jpg
70;105;443;285;49;7;4;Buick Verano Sedan 2012;Buick;Sedan;01828.jpg
36;103;589;325;139;22;2;Hyundai Elantra Touring Hatchback 2012;Hyundai;Hatchback;01829.jpg
78;106;709;502;132;22;5;Hyundai Tucson SUV 2012;Hyundai;SUV;01830.jpg
43;69;608;452;116;17;7;Ford E-Series Wagon Van 2012;Ford;Van;01831.jpg
29;18;157;86;1;0;5;AM General Hummer SUV 2000;AM;SUV;01832.jpg
143;91;556;370;124;20;6;HUMMER H3T Crew Cab 2010;HUMMER;Truck;01834.jpg
72;94;577;397;91;12;6;Dodge Dakota Club Cab 2007;Dodge;Truck;01835.jpg
81;87;581;348;87;12;6;Dodge Ram Pickup 3500 Quad Cab 2009;Dodge;Truck;01836.jpg
79;118;373;262;90;12;6;Dodge Dakota Crew Cab 2010;Dodge;Truck;01837.jpg
5;37;280;157;27;4;0;BMW 1 Series Convertible 2012;BMW;Convertible;01838.jpg
124;43;955;406;26;4;4;BMW ActiveHybrid 5 Sedan 2012;BMW;Sedan;01839.jpg
98;55;686;463;144;25;1;Jaguar XK XKR 2012;Jaguar;Coupe;01840.jpg
5;56;495;210;26;4;4;BMW ActiveHybrid 5 Sedan 2012;BMW;Sedan;01841.jpg
30;36;452;237;163;34;1;Mercedes-Benz SL-Class Coupe 2009;Mercedes-Benz;Coupe;01842.jpg
17;87;635;468;186;45;5;Toyota Sequoia SUV 2012;Toyota;SUV;01843.jpg
33;176;608;468;194;47;4;Volvo 240 Sedan 1993;Volvo;Sedan;01844.jpg
65;65;268;180;162;34;4;Mercedes-Benz C-Class Sedan 2012;Mercedes-Benz;Sedan;01845.jpg
137;391;926;675;150;27;1;Lamborghini Reventon Coupe 2008;Lamborghini;Coupe;01846.jpg
160;208;1465;1018;55;9;0;Chevrolet Corvette Convertible 2012;Chevrolet;Convertible;01847.jpg
23;104;447;306;23;3;4;Audi S4 Sedan 2012;Audi;Sedan;01848.jpg
12;115;640;470;121;18;5;GMC Acadia SUV 2012;GMC;SUV;01849.jpg
309;190;970;506;140;22;4;Hyundai Azera Sedan 2012;Hyundai;Sedan;01850.jpg
11;104;293;185;31;4;0;BMW 6 Series Convertible 2007;BMW;Convertible;01851.jpg
27;21;626;433;8;2;0;Aston Martin V8 Vantage Convertible 2012;Aston;Convertible;01852.jpg
270;320;999;763;194;47;4;Volvo 240 Sedan 1993;Volvo;Sedan;01853.jpg
82;53;323;173;35;4;4;BMW M5 Sedan 2010;BMW;Sedan;01854.jpg
81;171;582;452;115;17;4;Ford Focus Sedan 2007;Ford;Sedan;01855.jpg
49;124;453;280;121;18;5;GMC Acadia SUV 2012;GMC;SUV;01856.jpg
11;77;267;180;44;5;4;Bentley Continental Flying Spur Sedan 2007;Bentley;Sedan;01857.jpg
8;61;1023;478;181;43;4;Suzuki Aerio Sedan 2007;Suzuki;Sedan;01858.jpg
114;11;542;414;172;37;1;Plymouth Neon Coupe 1999;Plymouth;Coupe;01859.jpg
67;119;601;406;191;46;2;Volkswagen Golf Hatchback 1991;Volkswagen;Hatchback;01860.jpg
13;42;497;366;148;26;5;Jeep Grand Cherokee SUV 2012;Jeep;SUV;01861.jpg
20;103;602;354;102;15;0;Ferrari California Convertible 2012;Ferrari;Convertible;01862.jpg
11;60;263;183;127;21;3;Honda Odyssey Minivan 2007;Honda;Minivan;01863.jpg
64;202;898;574;6;1;4;Acura Integra Type R 2001;Acura;Sedan;01864.jpg
19;83;631;404;191;46;2;Volkswagen Golf Hatchback 1991;Volkswagen;Hatchback;01865.jpg
364;343;720;543;99;14;2;FIAT 500 Abarth 2012;FIAT;Hatchback;01866.jpg
108;8;466;268;195;47;5;Volvo XC90 SUV 2007;Volvo;SUV;01867.jpg
78;63;564;344;26;4;4;BMW ActiveHybrid 5 Sedan 2012;BMW;Sedan;01868.jpg
21;34;251;171;122;18;6;GMC Canyon Extended Cab 2012;GMC;Truck;01869.jpg
178;424;1828;1090;3;1;4;Acura TL Sedan 2012;Acura;Sedan;01870.jpg
43;51;232;144;40;5;4;Bentley Arnage Sedan 2009;Bentley;Sedan;01871.jpg
17;29;615;377;177;40;4;Rolls-Royce Phantom Sedan 2012;Rolls-Royce;Sedan;01872.jpg
223;160;1420;907;107;17;0;Ford Mustang Convertible 2007;Ford;Convertible;01873.jpg
17;34;231;163;70;9;6;Chevrolet Silverado 1500 Classic Extended Cab 2007;Chevrolet;Truck;01874.jpg
68;197;1238;721;167;35;4;Mitsubishi Lancer Sedan 2012;Mitsubishi;Sedan;01875.jpg
11;101;618;419;49;7;4;Buick Verano Sedan 2012;Buick;Sedan;01876.jpg
43;101;961;612;15;3;1;Audi R8 Coupe 2012;Audi;Coupe;01877.jpg
64;110;738;529;132;22;5;Hyundai Tucson SUV 2012;Hyundai;SUV;01878.jpg
25;44;608;292;31;4;0;BMW 6 Series Convertible 2007;BMW;Convertible;01879.jpg
120;324;890;731;14;3;1;Audi TTS Coupe 2012;Audi;Coupe;01880.jpg
47;34;429;258;67;9;4;Chevrolet Malibu Hybrid Sedan 2010;Chevrolet;Sedan;01881.jpg
8;103;620;368;118;18;5;GMC Terrain SUV 2012;GMC;SUV;01882.jpg
36;146;558;342;22;3;1;Audi S5 Coupe 2012;Audi;Coupe;01883.jpg
55;95;600;410;69;9;6;Chevrolet Silverado 2500HD Regular Cab 2012;Chevrolet;Truck;01884.jpg
67;57;560;411;130;22;2;Hyundai Veloster Hatchback 2012;Hyundai;Hatchback;01885.jpg
11;25;320;225;100;14;0;FIAT 500 Convertible 2012;FIAT;Convertible;01886.jpg
32;114;688;406;78;10;3;Chrysler Town and Country Minivan 2012;Chrysler;Minivan;01888.jpg
157;153;392;310;100;14;0;FIAT 500 Convertible 2012;FIAT;Convertible;01889.jpg
210;382;1134;716;26;4;4;BMW ActiveHybrid 5 Sedan 2012;BMW;Sedan;01890.jpg
56;95;627;368;2;1;4;Acura RL Sedan 2012;Acura;Sedan;01891.jpg
42;47;292;192;37;4;5;BMW X3 SUV 2012;BMW;SUV;01892.jpg
84;86;571;348;119;18;7;GMC Savana Van 2012;GMC;Van;01893.jpg
51;84;616;398;137;22;4;Hyundai Genesis Sedan 2012;Hyundai;Sedan;01894.jpg
76;181;938;748;76;10;5;Chrysler Aspen SUV 2009;Chrysler;SUV;01895.jpg
107;7;679;258;155;28;5;Land Rover LR2 SUV 2012;Land Rover;SUV;01896.jpg
28;172;961;767;114;17;6;Ford F-150 Regular Cab 2007;Ford;Truck;01897.jpg
246;169;589;353;49;7;4;Buick Verano Sedan 2012;Buick;Sedan;01898.jpg
20;90;632;339;135;22;4;Hyundai Elantra Sedan 2007;Hyundai;Sedan;01899.jpg
11;15;277;157;115;17;4;Ford Focus Sedan 2007;Ford;Sedan;01900.jpg
56;92;446;327;7;1;2;Acura ZDX Hatchback 2012;Acura;Hatchback;01901.jpg
1;77;449;233;122;18;6;GMC Canyon Extended Cab 2012;GMC;Truck;01902.jpg
154;277;1453;979;85;12;3;Dodge Caravan Minivan 1997;Dodge;Minivan;01903.jpg
11;20;193;140;76;10;5;Chrysler Aspen SUV 2009;Chrysler;SUV;01904.jpg
25;98;617;386;69;9;6;Chevrolet Silverado 2500HD Regular Cab 2012;Chevrolet;Truck;01905.jpg
9;28;247;179;76;10;5;Chrysler Aspen SUV 2009;Chrysler;SUV;01906.jpg
45;8;233;178;111;17;6;Ford Ranger SuperCab 2011;Ford;Truck;01907.jpg
12;23;787;365;194;47;4;Volvo 240 Sedan 1993;Volvo;Sedan;01908.jpg
185;132;1015;677;38;4;0;BMW Z4 Convertible 2012;BMW;Convertible;01909.jpg
83;68;551;237;168;36;2;Nissan Leaf Hatchback 2012;Nissan;Hatchback;01910.jpg
91;175;567;410;6;1;4;Acura Integra Type R 2001;Acura;Sedan;01911.jpg
45;50;262;165;119;18;7;GMC Savana Van 2012;GMC;Van;01912.jpg
74;84;963;567;188;45;4;Toyota Corolla Sedan 2012;Toyota;Sedan;01913.jpg
49;43;212;153;116;17;7;Ford E-Series Wagon Van 2012;Ford;Van;01914.jpg
51;117;441;288;136;22;4;Hyundai Accent Sedan 2012;Hyundai;Sedan;01915.jpg
6;119;494;276;39;5;0;Bentley Continental Supersports Conv. Convertible 2012;Bentley;Convertible;01916.jpg
38;22;790;450;132;22;5;Hyundai Tucson SUV 2012;Hyundai;SUV;01917.jpg
8;3;135;86;1;0;5;AM General Hummer SUV 2000;AM;SUV;01918.jpg
26;133;618;347;36;4;0;BMW M6 Convertible 2010;BMW;Convertible;01919.jpg
118;8;790;598;116;17;7;Ford E-Series Wagon Van 2012;Ford;Van;01920.jpg
28;86;345;215;70;9;6;Chevrolet Silverado 1500 Classic Extended Cab 2007;Chevrolet;Truck;01921.jpg
112;274;1534;886;182;43;4;Suzuki Kizashi Sedan 2012;Suzuki;Sedan;01922.jpg
64;246;955;590;112;17;1;Ford GT Coupe 2006;Ford;Coupe;01923.jpg
331;486;1212;917;159;32;5;Mazda Tribute SUV 2011;Mazda;SUV;01924.jpg
29;86;614;456;78;10;3;Chrysler Town and Country Minivan 2012;Chrysler;Minivan;01925.jpg
10;53;631;294;103;15;0;Ferrari 458 Italia Convertible 2012;Ferrari;Convertible;01926.jpg
29;108;606;416;109;17;5;Ford Expedition EL SUV 2009;Ford;SUV;01927.jpg
1;49;234;141;92;12;8;Dodge Magnum Wagon 2008;Dodge;Wagon;01928.jpg
15;166;488;383;43;5;1;Bentley Continental GT Coupe 2007;Bentley;Coupe;01929.jpg
74;43;839;490;187;45;4;Toyota Camry Sedan 2012;Toyota;Sedan;01930.jpg
94;235;571;486;136;22;4;Hyundai Accent Sedan 2012;Hyundai;Sedan;01931.jpg
61;67;570;344;52;8;5;Cadillac SRX SUV 2012;Cadillac;SUV;01932.jpg
96;144;652;394;47;7;4;Buick Regal GS 2012;Buick;Sedan;01933.jpg
83;322;1415;773;105;16;4;Fisker Karma Sedan 2012;Fisker;Sedan;01934.jpg
171;179;544;381;43;5;1;Bentley Continental GT Coupe 2007;Bentley;Coupe;01935.jpg
78;99;736;438;146;26;5;Jeep Wrangler SUV 2012;Jeep;SUV;01936.jpg
212;192;578;332;103;15;0;Ferrari 458 Italia Convertible 2012;Ferrari;Convertible;01937.jpg
28;42;474;341;70;9;6;Chevrolet Silverado 1500 Classic Extended Cab 2007;Chevrolet;Truck;01938.jpg
37;87;463;298;78;10;3;Chrysler Town and Country Minivan 2012;Chrysler;Minivan;01939.jpg
1;7;200;125;177;40;4;Rolls-Royce Phantom Sedan 2012;Rolls-Royce;Sedan;01940.jpg
135;753;2152;1461;74;9;6;Chevrolet Silverado 1500 Extended Cab 2012;Chevrolet;Truck;01941.jpg
13;49;393;275;127;21;3;Honda Odyssey Minivan 2007;Honda;Minivan;01942.jpg
32;322;809;652;84;12;8;Dodge Caliber Wagon 2007;Dodge;Wagon;01943.jpg
17;54;288;189;13;3;1;Audi A5 Coupe 2012;Audi;Coupe;01944.jpg
6;17;262;151;48;7;5;Buick Rainier SUV 2007;Buick;SUV;01945.jpg
17;31;289;178;78;10;3;Chrysler Town and Country Minivan 2012;Chrysler;Minivan;01946.jpg
3;89;300;260;86;12;6;Dodge Ram Pickup 3500 Crew Cab 2010;Dodge;Truck;01947.jpg
55;110;454;280;25;3;1;Audi TT RS Coupe 2012;Audi;Coupe;01948.jpg
15;1;379;221;71;9;7;Chevrolet Express Van 2007;Chevrolet;Van;01949.jpg
80;123;419;293;163;34;1;Mercedes-Benz SL-Class Coupe 2009;Mercedes-Benz;Coupe;01950.jpg
55;49;669;294;110;17;5;Ford Edge SUV 2012;Ford;SUV;01951.jpg
11;31;490;266;1;0;5;AM General Hummer SUV 2000;AM;SUV;01952.jpg
61;368;1223;836;56;9;1;Chevrolet Corvette ZR1 2012;Chevrolet;Coupe;01953.jpg
17;121;550;344;19;3;2;Audi TT Hatchback 2011;Audi;Hatchback;01954.jpg
334;551;1260;1014;140;22;4;Hyundai Azera Sedan 2012;Hyundai;Sedan;01955.jpg
14;63;478;320;56;9;1;Chevrolet Corvette ZR1 2012;Chevrolet;Coupe;01956.jpg
15;188;463;350;135;22;4;Hyundai Elantra Sedan 2007;Hyundai;Sedan;01957.jpg
5;21;273;126;85;12;3;Dodge Caravan Minivan 1997;Dodge;Minivan;01958.jpg
71;137;910;601;66;9;4;Chevrolet Cobalt SS 2010;Chevrolet;Sedan;01959.jpg
59;224;915;708;169;36;7;Nissan NV Passenger Van 2012;Nissan;Van;01960.jpg
21;114;500;452;67;9;4;Chevrolet Malibu Hybrid Sedan 2010;Chevrolet;Sedan;01961.jpg
69;66;559;333;171;36;1;Nissan 240SX Coupe 1998;Nissan;Coupe;01962.jpg
7;123;637;397;72;9;1;Chevrolet Monte Carlo Coupe 2007;Chevrolet;Coupe;01963.jpg
160;170;1007;683;92;12;8;Dodge Magnum Wagon 2008;Dodge;Wagon;01964.jpg
38;10;255;199;78;10;3;Chrysler Town and Country Minivan 2012;Chrysler;Minivan;01965.jpg
24;37;276;169;32;4;5;BMW X5 SUV 2007;BMW;SUV;01966.jpg
2;1;259;194;70;9;6;Chevrolet Silverado 1500 Classic Extended Cab 2007;Chevrolet;Truck;01967.jpg
41;97;608;392;47;7;4;Buick Regal GS 2012;Buick;Sedan;01968.jpg
25;120;615;361;84;12;8;Dodge Caliber Wagon 2007;Dodge;Wagon;01969.jpg
32;79;431;228;16;3;4;Audi V8 Sedan 1994;Audi;Sedan;01970.jpg
92;459;1215;889;77;10;0;Chrysler Sebring Convertible 2010;Chrysler;Convertible;01971.jpg
37;67;237;168;5;1;4;Acura TSX Sedan 2012;Acura;Sedan;01972.jpg
16;12;188;115;158;31;0;Maybach Landaulet Convertible 2012;Maybach;Convertible;01973.jpg
99;114;306;191;190;46;2;Volkswagen Golf Hatchback 2012;Volkswagen;Hatchback;01974.jpg
159;307;997;605;57;9;1;Chevrolet Corvette Ron Fellows Edition Z06 2007;Chevrolet;Coupe;01975.jpg
38;154;474;301;161;34;0;Mercedes-Benz 300-Class Convertible 1993;Mercedes-Benz;Convertible;01976.jpg
53;45;530;370;87;12;6;Dodge Ram Pickup 3500 Quad Cab 2009;Dodge;Truck;01977.jpg
13;23;244;160;51;8;4;Cadillac CTS-V Sedan 2012;Cadillac;Sedan;01978.jpg
131;264;470;434;107;17;0;Ford Mustang Convertible 2007;Ford;Convertible;01979.jpg
97;193;923;631;148;26;5;Jeep Grand Cherokee SUV 2012;Jeep;SUV;01980.jpg
25;34;413;235;31;4;0;BMW 6 Series Convertible 2007;BMW;Convertible;01981.jpg
19;68;476;338;107;17;0;Ford Mustang Convertible 2007;Ford;Convertible;01982.jpg
102;163;723;454;53;8;6;Cadillac Escalade EXT Crew Cab 2007;Cadillac;Truck;01983.jpg
12;189;741;415;57;9;1;Chevrolet Corvette Ron Fellows Edition Z06 2007;Chevrolet;Coupe;01984.jpg
35;162;624;456;184;43;4;Suzuki SX4 Sedan 2012;Suzuki;Sedan;01985.jpg
47;85;588;374;127;21;3;Honda Odyssey Minivan 2007;Honda;Minivan;01986.jpg
64;123;548;346;52;8;5;Cadillac SRX SUV 2012;Cadillac;SUV;01987.jpg
32;52;593;324;105;16;4;Fisker Karma Sedan 2012;Fisker;Sedan;01988.jpg
145;182;659;440;144;25;1;Jaguar XK XKR 2012;Jaguar;Coupe;01989.jpg
20;75;462;331;33;4;5;BMW X6 SUV 2012;BMW;SUV;01990.jpg
63;28;632;351;33;4;5;BMW X6 SUV 2012;BMW;SUV;01991.jpg
31;1;640;220;194;47;4;Volvo 240 Sedan 1993;Volvo;Sedan;01992.jpg
31;110;405;263;34;4;1;BMW M3 Coupe 2012;BMW;Coupe;01993.jpg
28;36;250;143;38;4;0;BMW Z4 Convertible 2012;BMW;Convertible;01994.jpg
84;87;621;411;153;27;1;Lamborghini Diablo Coupe 2001;Lamborghini;Coupe;01995.jpg
128;126;767;437;165;34;4;Mercedes-Benz S-Class Sedan 2012;Mercedes-Benz;Sedan;01996.jpg
147;178;951;633;192;46;2;Volkswagen Beetle Hatchback 2012;Volkswagen;Hatchback;01997.jpg
12;39;237;166;108;17;3;Ford Freestar Minivan 2007;Ford;Minivan;01998.jpg
68;120;433;330;124;20;6;HUMMER H3T Crew Cab 2010;HUMMER;Truck;01999.jpg
38;75;380;193;40;5;4;Bentley Arnage Sedan 2009;Bentley;Sedan;02000.jpg
56;110;609;440;148;26;5;Jeep Grand Cherokee SUV 2012;Jeep;SUV;02001.jpg
8;1;272;134;52;8;5;Cadillac SRX SUV 2012;Cadillac;SUV;02002.jpg
10;340;1591;950;101;15;1;Ferrari FF Coupe 2012;Ferrari;Coupe;02003.jpg
50;162;640;425;5;1;4;Acura TSX Sedan 2012;Acura;Sedan;02004.jpg
17;75;279;158;141;23;1;Infiniti G Coupe IPL 2012;Infiniti;Coupe;02005.jpg
57;43;194;127;34;4;1;BMW M3 Coupe 2012;BMW;Coupe;02006.jpg
24;16;454;304;14;3;1;Audi TTS Coupe 2012;Audi;Coupe;02007.jpg
31;146;615;444;115;17;4;Ford Focus Sedan 2007;Ford;Sedan;02008.jpg
14;22;262;122;25;3;1;Audi TT RS Coupe 2012;Audi;Coupe;02009.jpg
66;46;545;426;37;4;5;BMW X3 SUV 2012;BMW;SUV;02010.jpg
318;76;1193;711;191;46;2;Volkswagen Golf Hatchback 1991;Volkswagen;Hatchback;02011.jpg
128;71;417;292;90;12;6;Dodge Dakota Crew Cab 2010;Dodge;Truck;02012.jpg
73;56;591;395;168;36;2;Nissan Leaf Hatchback 2012;Nissan;Hatchback;02013.jpg
96;222;647;420;54;9;6;Chevrolet Silverado 1500 Hybrid Crew Cab 2012;Chevrolet;Truck;02014.jpg
35;114;550;327;16;3;4;Audi V8 Sedan 1994;Audi;Sedan;02015.jpg
65;122;568;325;77;10;0;Chrysler Sebring Convertible 2010;Chrysler;Convertible;02016.jpg
33;200;1001;661;92;12;8;Dodge Magnum Wagon 2008;Dodge;Wagon;02017.jpg
210;82;944;734;32;4;5;BMW X5 SUV 2007;BMW;SUV;02018.jpg
54;69;546;379;52;8;5;Cadillac SRX SUV 2012;Cadillac;SUV;02019.jpg
103;335;1151;784;101;15;1;Ferrari FF Coupe 2012;Ferrari;Coupe;02020.jpg
7;59;390;328;146;26;5;Jeep Wrangler SUV 2012;Jeep;SUV;02021.jpg
133;61;582;318;63;9;4;Chevrolet Sonic Sedan 2012;Chevrolet;Sedan;02022.jpg
43;49;266;176;82;11;8;Daewoo Nubira Wagon 2002;Daewoo;Wagon;02023.jpg
20;110;415;294;148;26;5;Jeep Grand Cherokee SUV 2012;Jeep;SUV;02024.jpg
10;42;310;180;22;3;1;Audi S5 Coupe 2012;Audi;Coupe;02025.jpg
154;74;593;444;124;20;6;HUMMER H3T Crew Cab 2010;HUMMER;Truck;02026.jpg
69;123;1073;705;28;4;1;BMW 1 Series Coupe 2012;BMW;Coupe;02027.jpg
24;96;414;317;175;40;0;Rolls-Royce Phantom Drophead Coupe Convertible 2012;Rolls-Royce;Convertible;02028.jpg
6;14;216;107;31;4;0;BMW 6 Series Convertible 2007;BMW;Convertible;02029.jpg
29;51;259;187;118;18;5;GMC Terrain SUV 2012;GMC;SUV;02030.jpg
33;12;226;191;125;20;6;HUMMER H2 SUT Crew Cab 2009;HUMMER;Truck;02031.jpg
12;99;380;216;16;3;4;Audi V8 Sedan 1994;Audi;Sedan;02032.jpg
19;34;241;158;34;4;1;BMW M3 Coupe 2012;BMW;Coupe;02033.jpg
10;27;310;134;70;9;6;Chevrolet Silverado 1500 Classic Extended Cab 2007;Chevrolet;Truck;02034.jpg
11;123;500;358;120;18;5;GMC Yukon Hybrid SUV 2012;GMC;SUV;02035.jpg
47;89;639;395;119;18;7;GMC Savana Van 2012;GMC;Van;02036.jpg
115;164;1342;669;102;15;0;Ferrari California Convertible 2012;Ferrari;Convertible;02037.jpg
70;3;617;337;96;12;4;Dodge Charger Sedan 2012;Dodge;Sedan;02038.jpg
22;159;977;588;194;47;4;Volvo 240 Sedan 1993;Volvo;Sedan;02039.jpg
24;59;294;221;97;12;4;Dodge Charger SRT-8 2009;Dodge;Sedan;02040.jpg
73;278;1010;659;21;3;0;Audi S5 Convertible 2012;Audi;Convertible;02041.jpg
181;124;1780;1057;27;4;0;BMW 1 Series Convertible 2012;BMW;Convertible;02042.jpg
132;89;940;686;146;26;5;Jeep Wrangler SUV 2012;Jeep;SUV;02043.jpg
129;165;793;545;23;3;4;Audi S4 Sedan 2012;Audi;Sedan;02044.jpg
135;86;463;300;177;40;4;Rolls-Royce Phantom Sedan 2012;Rolls-Royce;Sedan;02045.jpg
24;123;618;354;32;4;5;BMW X5 SUV 2007;BMW;SUV;02046.jpg
43;50;136;90;57;9;1;Chevrolet Corvette Ron Fellows Edition Z06 2007;Chevrolet;Coupe;02047.jpg
27;17;297;209;76;10;5;Chrysler Aspen SUV 2009;Chrysler;SUV;02048.jpg
30;65;331;199;1;0;5;AM General Hummer SUV 2000;AM;SUV;02050.jpg
54;135;1461;822;194;47;4;Volvo 240 Sedan 1993;Volvo;Sedan;02051.jpg
26;98;372;219;47;7;4;Buick Regal GS 2012;Buick;Sedan;02052.jpg
22;12;245;178;111;17;6;Ford Ranger SuperCab 2011;Ford;Truck;02053.jpg
183;4;1186;780;196;48;0;smart fortwo Convertible 2012;smart;Convertible;02054.jpg
22;160;580;385;11;2;1;Aston Martin Virage Coupe 2012;Aston;Coupe;02055.jpg
32;11;456;307;24;3;4;Audi S4 Sedan 2007;Audi;Sedan;02056.jpg
36;161;611;355;102;15;0;Ferrari California Convertible 2012;Ferrari;Convertible;02057.jpg
12;67;496;266;9;2;1;Aston Martin V8 Vantage Coupe 2012;Aston;Coupe;02058.jpg
269;339;884;671;23;3;4;Audi S4 Sedan 2012;Audi;Sedan;02059.jpg
11;52;595;293;68;9;0;Chevrolet TrailBlazer SS 2009;Chevrolet;Convertible;02060.jpg
43;110;646;427;183;43;2;Suzuki SX4 Hatchback 2012;Suzuki;Hatchback;02061.jpg
31;52;453;239;174;39;3;Ram C/V Cargo Van Minivan 2012;Ram;Minivan;02062.jpg
39;113;467;320;35;4;4;BMW M5 Sedan 2010;BMW;Sedan;02063.jpg
2;22;296;199;148;26;5;Jeep Grand Cherokee SUV 2012;Jeep;SUV;02064.jpg
73;163;674;401;2;1;4;Acura RL Sedan 2012;Acura;Sedan;02065.jpg
46;315;1249;943;98;13;2;Eagle Talon Hatchback 1998;Eagle;Hatchback;02066.jpg
241;78;1105;781;194;47;4;Volvo 240 Sedan 1993;Volvo;Sedan;02067.jpg
32;56;783;453;16;3;4;Audi V8 Sedan 1994;Audi;Sedan;02068.jpg
1;550;2320;2506;168;36;2;Nissan Leaf Hatchback 2012;Nissan;Hatchback;02069.jpg
74;38;375;289;95;12;5;Dodge Durango SUV 2007;Dodge;SUV;02070.jpg
21;2;233;100;127;21;3;Honda Odyssey Minivan 2007;Honda;Minivan;02071.jpg
250;205;1092;759;145;26;5;Jeep Patriot SUV 2012;Jeep;SUV;02072.jpg
122;176;929;611;160;33;1;McLaren MP4-12C Coupe 2012;McLaren;Coupe;02073.jpg
18;67;496;342;86;12;6;Dodge Ram Pickup 3500 Crew Cab 2010;Dodge;Truck;02074.jpg
9;16;294;156;77;10;0;Chrysler Sebring Convertible 2010;Chrysler;Convertible;02075.jpg
17;69;247;157;161;34;0;Mercedes-Benz 300-Class Convertible 1993;Mercedes-Benz;Convertible;02076.jpg
2;78;478;249;77;10;0;Chrysler Sebring Convertible 2010;Chrysler;Convertible;02077.jpg
82;307;1369;1036;96;12;4;Dodge Charger Sedan 2012;Dodge;Sedan;02078.jpg
45;181;2582;1848;75;9;6;Chevrolet Silverado 1500 Regular Cab 2012;Chevrolet;Truck;02079.jpg
128;30;855;596;133;22;5;Hyundai Veracruz SUV 2012;Hyundai;SUV;02080.jpg
37;61;756;504;32;4;5;BMW X5 SUV 2007;BMW;SUV;02081.jpg
205;77;595;295;58;9;5;Chevrolet Traverse SUV 2012;Chevrolet;SUV;02082.jpg
51;116;630;371;152;27;1;Lamborghini Gallardo LP 570-4 Superleggera 2012;Lamborghini;Coupe;02083.jpg
328;260;1610;935;151;27;1;Lamborghini Aventador Coupe 2012;Lamborghini;Coupe;02084.jpg
13;40;257;143;116;17;7;Ford E-Series Wagon Van 2012;Ford;Van;02085.jpg
51;68;595;381;192;46;2;Volkswagen Beetle Hatchback 2012;Volkswagen;Hatchback;02086.jpg
19;533;3220;1953;30;4;8;BMW 3 Series Wagon 2012;BMW;Wagon;02087.jpg
2;2;300;208;118;18;5;GMC Terrain SUV 2012;GMC;SUV;02088.jpg
19;64;471;259;123;19;0;Geo Metro Convertible 1993;Geo;Convertible;02089.jpg
42;79;613;480;154;28;5;Land Rover Range Rover SUV 2012;Land Rover;SUV;02090.jpg
15;93;632;373;72;9;1;Chevrolet Monte Carlo Coupe 2007;Chevrolet;Coupe;02091.jpg
31;9;435;244;184;43;4;Suzuki SX4 Sedan 2012;Suzuki;Sedan;02092.jpg
19;91;482;311;113;17;6;Ford F-150 Regular Cab 2012;Ford;Truck;02093.jpg
89;43;542;339;146;26;5;Jeep Wrangler SUV 2012;Jeep;SUV;02094.jpg
90;189;1495;820;6;1;4;Acura Integra Type R 2001;Acura;Sedan;02095.jpg
33;156;736;524;44;5;4;Bentley Continental Flying Spur Sedan 2007;Bentley;Sedan;02096.jpg
18;1;999;507;75;9;6;Chevrolet Silverado 1500 Regular Cab 2012;Chevrolet;Truck;02097.jpg
15;17;636;440;58;9;5;Chevrolet Traverse SUV 2012;Chevrolet;SUV;02098.jpg
14;31;272;198;65;9;6;Chevrolet Avalanche Crew Cab 2012;Chevrolet;Truck;02099.jpg
66;64;598;385;89;12;5;Dodge Journey SUV 2012;Dodge;SUV;02100.jpg
17;39;237;156;53;8;6;Cadillac Escalade EXT Crew Cab 2007;Cadillac;Truck;02101.jpg
20;23;274;196;174;39;3;Ram C/V Cargo Van Minivan 2012;Ram;Minivan;02102.jpg
34;262;766;650;196;48;0;smart fortwo Convertible 2012;smart;Convertible;02103.jpg
25;215;625;411;173;38;4;Porsche Panamera Sedan 2012;Porsche;Sedan;02104.jpg
10;142;465;309;180;42;1;Spyker C8 Coupe 2009;Spyker;Coupe;02105.jpg
129;94;502;382;76;10;5;Chrysler Aspen SUV 2009;Chrysler;SUV;02106.jpg
23;57;232;186;65;9;6;Chevrolet Avalanche Crew Cab 2012;Chevrolet;Truck;02107.jpg
53;122;993;553;147;26;5;Jeep Liberty SUV 2012;Jeep;SUV;02108.jpg
31;51;635;399;48;7;5;Buick Rainier SUV 2007;Buick;SUV;02109.jpg
116;141;535;367;96;12;4;Dodge Charger Sedan 2012;Dodge;Sedan;02110.jpg
20;7;239;174;5;1;4;Acura TSX Sedan 2012;Acura;Sedan;02111.jpg
95;84;612;391;114;17;6;Ford F-150 Regular Cab 2007;Ford;Truck;02112.jpg
109;39;980;590;59;9;0;Chevrolet Camaro Convertible 2012;Chevrolet;Convertible;02113.jpg
9;37;651;477;23;3;4;Audi S4 Sedan 2012;Audi;Sedan;02114.jpg
11;37;441;206;51;8;4;Cadillac CTS-V Sedan 2012;Cadillac;Sedan;02115.jpg
26;66;379;258;30;4;8;BMW 3 Series Wagon 2012;BMW;Wagon;02116.jpg
1;79;1918;1120;153;27;1;Lamborghini Diablo Coupe 2001;Lamborghini;Coupe;02117.jpg
509;458;1031;686;101;15;1;Ferrari FF Coupe 2012;Ferrari;Coupe;02118.jpg
44;162;605;360;115;17;4;Ford Focus Sedan 2007;Ford;Sedan;02119.jpg
44;63;448;253;142;23;5;Infiniti QX56 SUV 2011;Infiniti;SUV;02120.jpg
143;114;546;374;68;9;0;Chevrolet TrailBlazer SS 2009;Chevrolet;Convertible;02121.jpg
29;63;602;324;102;15;0;Ferrari California Convertible 2012;Ferrari;Convertible;02122.jpg
74;88;517;354;137;22;4;Hyundai Genesis Sedan 2012;Hyundai;Sedan;02123.jpg
9;97;493;252;4;1;4;Acura TL Type-S 2008;Acura;Sedan;02124.jpg
21;77;622;466;74;9;6;Chevrolet Silverado 1500 Extended Cab 2012;Chevrolet;Truck;02125.jpg
7;20;298;197;143;24;5;Isuzu Ascender SUV 2008;Isuzu;SUV;02126.jpg
31;98;380;226;38;4;0;BMW Z4 Convertible 2012;BMW;Convertible;02127.jpg
63;328;1223;755;134;22;4;Hyundai Sonata Hybrid Sedan 2012;Hyundai;Sedan;02128.jpg
20;23;280;164;148;26;5;Jeep Grand Cherokee SUV 2012;Jeep;SUV;02129.jpg
42;89;588;377;19;3;2;Audi TT Hatchback 2011;Audi;Hatchback;02130.jpg
81;140;524;337;189;45;5;Toyota 4Runner SUV 2012;Toyota;SUV;02131.jpg
26;290;996;610;91;12;6;Dodge Dakota Club Cab 2007;Dodge;Truck;02132.jpg
126;143;907;715;117;17;4;Ford Fiesta Sedan 2012;Ford;Sedan;02133.jpg
147;149;905;654;57;9;1;Chevrolet Corvette Ron Fellows Edition Z06 2007;Chevrolet;Coupe;02134.jpg
67;103;533;366;87;12;6;Dodge Ram Pickup 3500 Quad Cab 2009;Dodge;Truck;02135.jpg
128;33;515;309;131;22;5;Hyundai Santa Fe SUV 2012;Hyundai;SUV;02136.jpg
19;118;557;340;137;22;4;Hyundai Genesis Sedan 2012;Hyundai;Sedan;02137.jpg
20;272;982;633;164;34;4;Mercedes-Benz E-Class Sedan 2012;Mercedes-Benz;Sedan;02138.jpg
2;3;217;117;161;34;0;Mercedes-Benz 300-Class Convertible 1993;Mercedes-Benz;Convertible;02139.jpg
35;176;492;480;61;9;4;Chevrolet Impala Sedan 2007;Chevrolet;Sedan;02140.jpg
14;164;1011;615;103;15;0;Ferrari 458 Italia Convertible 2012;Ferrari;Convertible;02141.jpg
74;70;251;170;70;9;6;Chevrolet Silverado 1500 Classic Extended Cab 2007;Chevrolet;Truck;02142.jpg
8;76;3640;2675;172;37;1;Plymouth Neon Coupe 1999;Plymouth;Coupe;02143.jpg
37;82;594;380;26;4;4;BMW ActiveHybrid 5 Sedan 2012;BMW;Sedan;02144.jpg
112;7;853;717;1;0;5;AM General Hummer SUV 2000;AM;SUV;02145.jpg
8;14;294;142;107;17;0;Ford Mustang Convertible 2007;Ford;Convertible;02146.jpg
74;114;585;432;178;41;2;Scion xD Hatchback 2012;Scion;Hatchback;02147.jpg
95;124;617;401;133;22;5;Hyundai Veracruz SUV 2012;Hyundai;SUV;02148.jpg
57;107;611;421;48;7;5;Buick Rainier SUV 2007;Buick;SUV;02149.jpg
55;82;564;338;169;36;7;Nissan NV Passenger Van 2012;Nissan;Van;02150.jpg
206;135;1543;1076;149;26;5;Jeep Compass SUV 2012;Jeep;SUV;02151.jpg
4;51;458;291;27;4;0;BMW 1 Series Convertible 2012;BMW;Convertible;02152.jpg
208;47;483;364;166;34;7;Mercedes-Benz Sprinter Van 2012;Mercedes-Benz;Van;02153.jpg
67;62;212;185;29;4;4;BMW 3 Series Sedan 2012;BMW;Sedan;02154.jpg
86;38;197;151;45;6;0;Bugatti Veyron 16.4 Convertible 2009;Bugatti;Convertible;02155.jpg
54;55;305;220;123;19;0;Geo Metro Convertible 1993;Geo;Convertible;02156.jpg
156;175;484;332;118;18;5;GMC Terrain SUV 2012;GMC;SUV;02157.jpg
37;39;486;273;102;15;0;Ferrari California Convertible 2012;Ferrari;Convertible;02158.jpg
56;200;514;396;144;25;1;Jaguar XK XKR 2012;Jaguar;Coupe;02159.jpg
63;5;940;723;169;36;7;Nissan NV Passenger Van 2012;Nissan;Van;02160.jpg
49;38;575;447;149;26;5;Jeep Compass SUV 2012;Jeep;SUV;02161.jpg
40;134;759;463;102;15;0;Ferrari California Convertible 2012;Ferrari;Convertible;02162.jpg
104;325;1180;776;170;36;2;Nissan Juke Hatchback 2012;Nissan;Hatchback;02163.jpg
108;49;600;327;31;4;0;BMW 6 Series Convertible 2007;BMW;Convertible;02164.jpg
49;35;565;439;24;3;4;Audi S4 Sedan 2007;Audi;Sedan;02165.jpg
23;113;617;367;117;17;4;Ford Fiesta Sedan 2012;Ford;Sedan;02166.jpg
185;454;1947;1129;107;17;0;Ford Mustang Convertible 2007;Ford;Convertible;02167.jpg
54;246;678;553;101;15;1;Ferrari FF Coupe 2012;Ferrari;Coupe;02168.jpg
52;27;575;418;65;9;6;Chevrolet Avalanche Crew Cab 2012;Chevrolet;Truck;02169.jpg
12;6;314;202;114;17;6;Ford F-150 Regular Cab 2007;Ford;Truck;02170.jpg
32;305;1595;981;18;3;8;Audi 100 Wagon 1994;Audi;Wagon;02171.jpg
49;49;203;164;34;4;1;BMW M3 Coupe 2012;BMW;Coupe;02172.jpg
184;284;840;696;105;16;4;Fisker Karma Sedan 2012;Fisker;Sedan;02173.jpg
366;293;1817;1222;145;26;5;Jeep Patriot SUV 2012;Jeep;SUV;02174.jpg
12;58;297;192;44;5;4;Bentley Continental Flying Spur Sedan 2007;Bentley;Sedan;02175.jpg
17;111;358;240;17;3;4;Audi 100 Sedan 1994;Audi;Sedan;02176.jpg
22;30;625;531;101;15;1;Ferrari FF Coupe 2012;Ferrari;Coupe;02177.jpg
15;77;454;272;127;21;3;Honda Odyssey Minivan 2007;Honda;Minivan;02178.jpg
103;180;587;434;120;18;5;GMC Yukon Hybrid SUV 2012;GMC;SUV;02179.jpg
205;192;617;352;168;36;2;Nissan Leaf Hatchback 2012;Nissan;Hatchback;02180.jpg
31;74;549;384;48;7;5;Buick Rainier SUV 2007;Buick;SUV;02181.jpg
35;54;564;361;123;19;0;Geo Metro Convertible 1993;Geo;Convertible;02182.jpg
28;2;608;423;195;47;5;Volvo XC90 SUV 2007;Volvo;SUV;02183.jpg
95;30;492;256;180;42;1;Spyker C8 Coupe 2009;Spyker;Coupe;02184.jpg
47;208;997;667;20;3;4;Audi S6 Sedan 2011;Audi;Sedan;02185.jpg
56;67;420;284;178;41;2;Scion xD Hatchback 2012;Scion;Hatchback;02186.jpg
28;8;183;138;143;24;5;Isuzu Ascender SUV 2008;Isuzu;SUV;02187.jpg
58;1;582;373;30;4;8;BMW 3 Series Wagon 2012;BMW;Wagon;02188.jpg
36;331;857;692;163;34;1;Mercedes-Benz SL-Class Coupe 2009;Mercedes-Benz;Coupe;02189.jpg
10;67;575;302;172;37;1;Plymouth Neon Coupe 1999;Plymouth;Coupe;02190.jpg
1;28;272;157;156;29;4;Lincoln Town Car Sedan 2011;Lincoln;Sedan;02191.jpg
61;45;752;502;145;26;5;Jeep Patriot SUV 2012;Jeep;SUV;02192.jpg
52;42;504;315;174;39;3;Ram C/V Cargo Van Minivan 2012;Ram;Minivan;02193.jpg
80;155;471;320;9;2;1;Aston Martin V8 Vantage Coupe 2012;Aston;Coupe;02194.jpg
61;130;738;481;34;4;1;BMW M3 Coupe 2012;BMW;Coupe;02195.jpg
62;210;673;475;122;18;6;GMC Canyon Extended Cab 2012;GMC;Truck;02196.jpg
180;78;600;402;158;31;0;Maybach Landaulet Convertible 2012;Maybach;Convertible;02197.jpg
100;86;304;276;181;43;4;Suzuki Aerio Sedan 2007;Suzuki;Sedan;02198.jpg
4;56;395;229;104;15;1;Ferrari 458 Italia Coupe 2012;Ferrari;Coupe;02199.jpg
70;117;461;330;60;9;8;Chevrolet HHR SS 2010;Chevrolet;Wagon;02200.jpg
91;107;937;561;160;33;1;McLaren MP4-12C Coupe 2012;McLaren;Coupe;02201.jpg
295;120;1199;519;152;27;1;Lamborghini Gallardo LP 570-4 Superleggera 2012;Lamborghini;Coupe;02202.jpg
114;86;406;288;66;9;4;Chevrolet Cobalt SS 2010;Chevrolet;Sedan;02203.jpg
168;93;1131;699;173;38;4;Porsche Panamera Sedan 2012;Porsche;Sedan;02204.jpg
35;74;611;409;68;9;0;Chevrolet TrailBlazer SS 2009;Chevrolet;Convertible;02205.jpg
61;82;948;673;132;22;5;Hyundai Tucson SUV 2012;Hyundai;SUV;02206.jpg
18;23;639;387;73;9;4;Chevrolet Malibu Sedan 2007;Chevrolet;Sedan;02207.jpg
46;43;473;375;179;42;0;Spyker C8 Convertible 2009;Spyker;Convertible;02208.jpg
25;76;563;312;53;8;6;Cadillac Escalade EXT Crew Cab 2007;Cadillac;Truck;02209.jpg
24;77;267;186;156;29;4;Lincoln Town Car Sedan 2011;Lincoln;Sedan;02210.jpg
41;135;365;300;116;17;7;Ford E-Series Wagon Van 2012;Ford;Van;02211.jpg
45;116;547;393;74;9;6;Chevrolet Silverado 1500 Extended Cab 2012;Chevrolet;Truck;02212.jpg
501;443;1088;706;137;22;4;Hyundai Genesis Sedan 2012;Hyundai;Sedan;02213.jpg
13;14;301;155;18;3;8;Audi 100 Wagon 1994;Audi;Wagon;02214.jpg
126;27;522;445;58;9;5;Chevrolet Traverse SUV 2012;Chevrolet;SUV;02215.jpg
89;42;868;504;100;14;0;FIAT 500 Convertible 2012;FIAT;Convertible;02216.jpg
35;81;428;294;139;22;2;Hyundai Elantra Touring Hatchback 2012;Hyundai;Hatchback;02217.jpg
328;274;1017;689;145;26;5;Jeep Patriot SUV 2012;Jeep;SUV;02218.jpg
34;33;663;401;149;26;5;Jeep Compass SUV 2012;Jeep;SUV;02219.jpg
73;164;936;471;13;3;1;Audi A5 Coupe 2012;Audi;Coupe;02220.jpg
55;68;529;450;32;4;5;BMW X5 SUV 2007;BMW;SUV;02221.jpg
29;66;597;228;59;9;0;Chevrolet Camaro Convertible 2012;Chevrolet;Convertible;02222.jpg
11;98;734;463;85;12;3;Dodge Caravan Minivan 1997;Dodge;Minivan;02223.jpg
7;61;290;205;80;10;0;Chrysler Crossfire Convertible 2008;Chrysler;Convertible;02224.jpg
14;58;488;273;91;12;6;Dodge Dakota Club Cab 2007;Dodge;Truck;02225.jpg
109;163;553;425;117;17;4;Ford Fiesta Sedan 2012;Ford;Sedan;02226.jpg
86;68;199;158;165;34;4;Mercedes-Benz S-Class Sedan 2012;Mercedes-Benz;Sedan;02227.jpg
38;134;463;311;137;22;4;Hyundai Genesis Sedan 2012;Hyundai;Sedan;02228.jpg
107;445;884;665;158;31;0;Maybach Landaulet Convertible 2012;Maybach;Convertible;02229.jpg
28;32;340;178;69;9;6;Chevrolet Silverado 2500HD Regular Cab 2012;Chevrolet;Truck;02230.jpg
48;66;363;210;44;5;4;Bentley Continental Flying Spur Sedan 2007;Bentley;Sedan;02231.jpg
109;88;561;349;35;4;4;BMW M5 Sedan 2010;BMW;Sedan;02232.jpg
31;2;357;176;28;4;1;BMW 1 Series Coupe 2012;BMW;Coupe;02233.jpg
61;58;335;236;39;5;0;Bentley Continental Supersports Conv. Convertible 2012;Bentley;Convertible;02234.jpg
203;497;2792;1959;66;9;4;Chevrolet Cobalt SS 2010;Chevrolet;Sedan;02235.jpg
45;91;382;288;179;42;0;Spyker C8 Convertible 2009;Spyker;Convertible;02236.jpg
14;41;291;165;161;34;0;Mercedes-Benz 300-Class Convertible 1993;Mercedes-Benz;Convertible;02237.jpg
68;135;389;282;138;22;4;Hyundai Sonata Sedan 2012;Hyundai;Sedan;02238.jpg
55;41;969;673;133;22;5;Hyundai Veracruz SUV 2012;Hyundai;SUV;02239.jpg
185;495;1497;964;4;1;4;Acura TL Type-S 2008;Acura;Sedan;02240.jpg
204;227;627;511;27;4;0;BMW 1 Series Convertible 2012;BMW;Convertible;02241.jpg
36;72;594;413;64;9;7;Chevrolet Express Cargo Van 2007;Chevrolet;Van;02242.jpg
122;123;503;292;169;36;7;Nissan NV Passenger Van 2012;Nissan;Van;02243.jpg
180;152;461;362;22;3;1;Audi S5 Coupe 2012;Audi;Coupe;02244.jpg
17;30;405;278;48;7;5;Buick Rainier SUV 2007;Buick;SUV;02245.jpg
128;203;922;710;164;34;4;Mercedes-Benz E-Class Sedan 2012;Mercedes-Benz;Sedan;02246.jpg
31;125;624;349;114;17;6;Ford F-150 Regular Cab 2007;Ford;Truck;02247.jpg
86;131;507;384;79;10;4;Chrysler 300 SRT-8 2010;Chrysler;Sedan;02248.jpg
114;79;600;356;178;41;2;Scion xD Hatchback 2012;Scion;Hatchback;02249.jpg
19;39;630;351;188;45;4;Toyota Corolla Sedan 2012;Toyota;Sedan;02250.jpg
26;34;246;156;92;12;8;Dodge Magnum Wagon 2008;Dodge;Wagon;02251.jpg
35;53;272;190;162;34;4;Mercedes-Benz C-Class Sedan 2012;Mercedes-Benz;Sedan;02252.jpg
26;217;582;396;21;3;0;Audi S5 Convertible 2012;Audi;Convertible;02253.jpg
52;49;668;354;124;20;6;HUMMER H3T Crew Cab 2010;HUMMER;Truck;02254.jpg
60;41;365;169;181;43;4;Suzuki Aerio Sedan 2007;Suzuki;Sedan;02255.jpg
9;33;256;109;22;3;1;Audi S5 Coupe 2012;Audi;Coupe;02256.jpg
6;42;1022;366;57;9;1;Chevrolet Corvette Ron Fellows Edition Z06 2007;Chevrolet;Coupe;02257.jpg
51;81;655;408;26;4;4;BMW ActiveHybrid 5 Sedan 2012;BMW;Sedan;02258.jpg
14;19;450;274;44;5;4;Bentley Continental Flying Spur Sedan 2007;Bentley;Sedan;02259.jpg
24;180;605;398;40;5;4;Bentley Arnage Sedan 2009;Bentley;Sedan;02260.jpg
76;31;574;261;185;44;4;Tesla Model S Sedan 2012;Tesla;Sedan;02261.jpg
57;112;543;316;193;47;2;Volvo C30 Hatchback 2012;Volvo;Hatchback;02262.jpg
89;129;532;412;177;40;4;Rolls-Royce Phantom Sedan 2012;Rolls-Royce;Sedan;02263.jpg
162;87;567;318;21;3;0;Audi S5 Convertible 2012;Audi;Convertible;02264.jpg
39;72;653;462;75;9;6;Chevrolet Silverado 1500 Regular Cab 2012;Chevrolet;Truck;02265.jpg
67;44;180;113;52;8;5;Cadillac SRX SUV 2012;Cadillac;SUV;02266.jpg
28;67;479;284;19;3;2;Audi TT Hatchback 2011;Audi;Hatchback;02267.jpg
90;65;546;397;71;9;7;Chevrolet Express Van 2007;Chevrolet;Van;02268.jpg
13;124;1967;1464;95;12;5;Dodge Durango SUV 2007;Dodge;SUV;02269.jpg
137;164;761;421;101;15;1;Ferrari FF Coupe 2012;Ferrari;Coupe;02270.jpg
18;24;250;166;125;20;6;HUMMER H2 SUT Crew Cab 2009;HUMMER;Truck;02271.jpg
41;31;753;468;183;43;2;Suzuki SX4 Hatchback 2012;Suzuki;Hatchback;02272.jpg
228;83;1253;887;23;3;4;Audi S4 Sedan 2012;Audi;Sedan;02273.jpg
57;50;388;218;4;1;4;Acura TL Type-S 2008;Acura;Sedan;02274.jpg
66;92;492;336;109;17;5;Ford Expedition EL SUV 2009;Ford;SUV;02275.jpg
53;80;310;175;57;9;1;Chevrolet Corvette Ron Fellows Edition Z06 2007;Chevrolet;Coupe;02276.jpg
96;46;487;186;137;22;4;Hyundai Genesis Sedan 2012;Hyundai;Sedan;02277.jpg
99;93;690;477;132;22;5;Hyundai Tucson SUV 2012;Hyundai;SUV;02278.jpg
36;40;999;751;194;47;4;Volvo 240 Sedan 1993;Volvo;Sedan;02279.jpg
190;139;508;394;132;22;5;Hyundai Tucson SUV 2012;Hyundai;SUV;02280.jpg
56;33;579;395;93;12;1;Dodge Challenger SRT8 2011;Dodge;Coupe;02281.jpg
186;177;1284;819;112;17;1;Ford GT Coupe 2006;Ford;Coupe;02282.jpg
8;48;296;194;186;45;5;Toyota Sequoia SUV 2012;Toyota;SUV;02283.jpg
16;45;291;157;188;45;4;Toyota Corolla Sedan 2012;Toyota;Sedan;02284.jpg
1;5;396;213;174;39;3;Ram C/V Cargo Van Minivan 2012;Ram;Minivan;02285.jpg
125;339;2008;1332;8;2;0;Aston Martin V8 Vantage Convertible 2012;Aston;Convertible;02286.jpg
12;20;377;281;34;4;1;BMW M3 Coupe 2012;BMW;Coupe;02287.jpg
151;20;551;221;122;18;6;GMC Canyon Extended Cab 2012;GMC;Truck;02288.jpg
54;19;233;147;165;34;4;Mercedes-Benz S-Class Sedan 2012;Mercedes-Benz;Sedan;02289.jpg
65;15;232;116;119;18;7;GMC Savana Van 2012;GMC;Van;02290.jpg
17;53;607;443;94;12;5;Dodge Durango SUV 2012;Dodge;SUV;02291.jpg
2;15;83;61;18;3;8;Audi 100 Wagon 1994;Audi;Wagon;02292.jpg
37;415;1528;1060;178;41;2;Scion xD Hatchback 2012;Scion;Hatchback;02293.jpg
40;35;424;256;86;12;6;Dodge Ram Pickup 3500 Crew Cab 2010;Dodge;Truck;02294.jpg
8;141;618;344;70;9;6;Chevrolet Silverado 1500 Classic Extended Cab 2007;Chevrolet;Truck;02295.jpg
101;66;555;407;68;9;0;Chevrolet TrailBlazer SS 2009;Chevrolet;Convertible;02296.jpg
32;62;603;423;120;18;5;GMC Yukon Hybrid SUV 2012;GMC;SUV;02297.jpg
82;103;973;669;111;17;6;Ford Ranger SuperCab 2011;Ford;Truck;02298.jpg
131;15;459;205;68;9;0;Chevrolet TrailBlazer SS 2009;Chevrolet;Convertible;02299.jpg
13;10;298;194;105;16;4;Fisker Karma Sedan 2012;Fisker;Sedan;02300.jpg
54;75;449;300;120;18;5;GMC Yukon Hybrid SUV 2012;GMC;SUV;02301.jpg
50;168;937;501;126;21;3;Honda Odyssey Minivan 2012;Honda;Minivan;02302.jpg
27;151;623;391;50;7;5;Buick Enclave SUV 2012;Buick;SUV;02303.jpg
38;74;244;179;16;3;4;Audi V8 Sedan 1994;Audi;Sedan;02304.jpg
83;64;269;158;8;2;0;Aston Martin V8 Vantage Convertible 2012;Aston;Convertible;02305.jpg
29;95;557;375;77;10;0;Chrysler Sebring Convertible 2010;Chrysler;Convertible;02306.jpg
11;43;472;232;150;27;1;Lamborghini Reventon Coupe 2008;Lamborghini;Coupe;02307.jpg
44;79;584;392;67;9;4;Chevrolet Malibu Hybrid Sedan 2010;Chevrolet;Sedan;02308.jpg
25;86;306;245;46;6;1;Bugatti Veyron 16.4 Coupe 2009;Bugatti;Coupe;02309.jpg
20;102;376;225;107;17;0;Ford Mustang Convertible 2007;Ford;Convertible;02310.jpg
56;1;394;176;1;0;5;AM General Hummer SUV 2000;AM;SUV;02311.jpg
49;117;386;265;56;9;1;Chevrolet Corvette ZR1 2012;Chevrolet;Coupe;02312.jpg
33;114;434;293;156;29;4;Lincoln Town Car Sedan 2011;Lincoln;Sedan;02313.jpg
18;63;445;267;2;1;4;Acura RL Sedan 2012;Acura;Sedan;02314.jpg
9;42;581;395;172;37;1;Plymouth Neon Coupe 1999;Plymouth;Coupe;02315.jpg
27;235;665;465;64;9;7;Chevrolet Express Cargo Van 2007;Chevrolet;Van;02316.jpg
21;6;623;453;64;9;7;Chevrolet Express Cargo Van 2007;Chevrolet;Van;02317.jpg
31;67;573;332;87;12;6;Dodge Ram Pickup 3500 Quad Cab 2009;Dodge;Truck;02318.jpg
41;225;957;579;62;9;5;Chevrolet Tahoe Hybrid SUV 2012;Chevrolet;SUV;02319.jpg
8;36;268;198;143;24;5;Isuzu Ascender SUV 2008;Isuzu;SUV;02320.jpg
37;342;1263;786;160;33;1;McLaren MP4-12C Coupe 2012;McLaren;Coupe;02321.jpg
38;52;410;322;175;40;0;Rolls-Royce Phantom Drophead Coupe Convertible 2012;Rolls-Royce;Convertible;02322.jpg
71;45;752;302;25;3;1;Audi TT RS Coupe 2012;Audi;Coupe;02323.jpg
40;46;539;324;26;4;4;BMW ActiveHybrid 5 Sedan 2012;BMW;Sedan;02324.jpg
34;51;382;258;15;3;1;Audi R8 Coupe 2012;Audi;Coupe;02325.jpg
37;81;554;311;10;2;0;Aston Martin Virage Convertible 2012;Aston;Convertible;02326.jpg
18;27;298;211;148;26;5;Jeep Grand Cherokee SUV 2012;Jeep;SUV;02327.jpg
153;215;606;464;101;15;1;Ferrari FF Coupe 2012;Ferrari;Coupe;02328.jpg
84;463;1915;1014;104;15;1;Ferrari 458 Italia Coupe 2012;Ferrari;Coupe;02329.jpg
4;19;276;199;162;34;4;Mercedes-Benz C-Class Sedan 2012;Mercedes-Benz;Sedan;02330.jpg
18;45;404;307;195;47;5;Volvo XC90 SUV 2007;Volvo;SUV;02331.jpg
65;92;606;420;195;47;5;Volvo XC90 SUV 2007;Volvo;SUV;02332.jpg
8;17;292;181;111;17;6;Ford Ranger SuperCab 2011;Ford;Truck;02333.jpg
69;175;1133;643;25;3;1;Audi TT RS Coupe 2012;Audi;Coupe;02334.jpg
52;69;259;208;21;3;0;Audi S5 Convertible 2012;Audi;Convertible;02335.jpg
71;83;266;174;37;4;5;BMW X3 SUV 2012;BMW;SUV;02336.jpg
39;151;492;392;153;27;1;Lamborghini Diablo Coupe 2001;Lamborghini;Coupe;02337.jpg
31;40;183;154;28;4;1;BMW 1 Series Coupe 2012;BMW;Coupe;02338.jpg
26;26;268;160;92;12;8;Dodge Magnum Wagon 2008;Dodge;Wagon;02339.jpg
47;220;980;715;83;12;8;Dodge Caliber Wagon 2012;Dodge;Wagon;02340.jpg
10;52;194;109;18;3;8;Audi 100 Wagon 1994;Audi;Wagon;02341.jpg
72;156;500;322;137;22;4;Hyundai Genesis Sedan 2012;Hyundai;Sedan;02342.jpg
34;19;254;159;38;4;0;BMW Z4 Convertible 2012;BMW;Convertible;02343.jpg
25;74;368;282;110;17;5;Ford Edge SUV 2012;Ford;SUV;02345.jpg
14;22;256;162;102;15;0;Ferrari California Convertible 2012;Ferrari;Convertible;02346.jpg
11;27;392;210;68;9;0;Chevrolet TrailBlazer SS 2009;Chevrolet;Convertible;02347.jpg
63;95;423;249;107;17;0;Ford Mustang Convertible 2007;Ford;Convertible;02348.jpg
17;45;495;188;185;44;4;Tesla Model S Sedan 2012;Tesla;Sedan;02349.jpg
35;259;609;466;17;3;4;Audi 100 Sedan 1994;Audi;Sedan;02350.jpg
34;43;335;166;134;22;4;Hyundai Sonata Hybrid Sedan 2012;Hyundai;Sedan;02351.jpg
36;89;569;382;43;5;1;Bentley Continental GT Coupe 2007;Bentley;Coupe;02352.jpg
73;26;430;282;134;22;4;Hyundai Sonata Hybrid Sedan 2012;Hyundai;Sedan;02353.jpg
12;81;280;188;62;9;5;Chevrolet Tahoe Hybrid SUV 2012;Chevrolet;SUV;02354.jpg
42;120;741;478;182;43;4;Suzuki Kizashi Sedan 2012;Suzuki;Sedan;02355.jpg
594;306;1520;1149;139;22;2;Hyundai Elantra Touring Hatchback 2012;Hyundai;Hatchback;02356.jpg
5;41;191;142;161;34;0;Mercedes-Benz 300-Class Convertible 1993;Mercedes-Benz;Convertible;02357.jpg
51;38;603;432;169;36;7;Nissan NV Passenger Van 2012;Nissan;Van;02358.jpg
65;101;650;453;7;1;2;Acura ZDX Hatchback 2012;Acura;Hatchback;02359.jpg
9;33;252;165;106;17;6;Ford F-450 Super Duty Crew Cab 2012;Ford;Truck;02360.jpg
18;86;242;192;121;18;5;GMC Acadia SUV 2012;GMC;SUV;02361.jpg
47;137;965;681;126;21;3;Honda Odyssey Minivan 2012;Honda;Minivan;02362.jpg
26;25;283;157;1;0;5;AM General Hummer SUV 2000;AM;SUV;02363.jpg
373;56;2663;1915;3;1;4;Acura TL Sedan 2012;Acura;Sedan;02364.jpg
47;349;997;683;74;9;6;Chevrolet Silverado 1500 Extended Cab 2012;Chevrolet;Truck;02365.jpg
47;76;556;375;149;26;5;Jeep Compass SUV 2012;Jeep;SUV;02366.jpg
77;91;297;178;29;4;4;BMW 3 Series Sedan 2012;BMW;Sedan;02367.jpg
20;112;685;454;66;9;4;Chevrolet Cobalt SS 2010;Chevrolet;Sedan;02368.jpg
4;62;239;153;76;10;5;Chrysler Aspen SUV 2009;Chrysler;SUV;02369.jpg
130;43;508;281;25;3;1;Audi TT RS Coupe 2012;Audi;Coupe;02370.jpg
89;164;473;287;97;12;4;Dodge Charger SRT-8 2009;Dodge;Sedan;02371.jpg
117;95;847;596;83;12;8;Dodge Caliber Wagon 2012;Dodge;Wagon;02372.jpg
27;131;957;591;167;35;4;Mitsubishi Lancer Sedan 2012;Mitsubishi;Sedan;02373.jpg
20;45;234;166;136;22;4;Hyundai Accent Sedan 2012;Hyundai;Sedan;02374.jpg
13;48;512;297;110;17;5;Ford Edge SUV 2012;Ford;SUV;02375.jpg
323;345;1052;806;170;36;2;Nissan Juke Hatchback 2012;Nissan;Hatchback;02376.jpg
79;386;765;615;8;2;0;Aston Martin V8 Vantage Convertible 2012;Aston;Convertible;02377.jpg
105;88;252;156;9;2;1;Aston Martin V8 Vantage Coupe 2012;Aston;Coupe;02378.jpg
1;11;653;336;184;43;4;Suzuki SX4 Sedan 2012;Suzuki;Sedan;02379.jpg
114;193;1199;757;112;17;1;Ford GT Coupe 2006;Ford;Coupe;02380.jpg
185;261;716;427;39;5;0;Bentley Continental Supersports Conv. Convertible 2012;Bentley;Convertible;02381.jpg
1;131;631;365;182;43;4;Suzuki Kizashi Sedan 2012;Suzuki;Sedan;02382.jpg
17;4;260;175;88;12;7;Dodge Sprinter Cargo Van 2009;Dodge;Van;02383.jpg
365;181;1895;1185;99;14;2;FIAT 500 Abarth 2012;FIAT;Hatchback;02384.jpg
19;135;439;288;124;20;6;HUMMER H3T Crew Cab 2010;HUMMER;Truck;02385.jpg
609;327;1047;560;41;5;4;Bentley Mulsanne Sedan 2011;Bentley;Sedan;02386.jpg
1;16;302;205;153;27;1;Lamborghini Diablo Coupe 2001;Lamborghini;Coupe;02387.jpg
21;29;463;290;60;9;8;Chevrolet HHR SS 2010;Chevrolet;Wagon;02388.jpg
67;14;606;474;85;12;3;Dodge Caravan Minivan 1997;Dodge;Minivan;02389.jpg
131;96;1962;1470;146;26;5;Jeep Wrangler SUV 2012;Jeep;SUV;02390.jpg
56;63;367;245;37;4;5;BMW X3 SUV 2012;BMW;SUV;02391.jpg
17;13;197;115;196;48;0;smart fortwo Convertible 2012;smart;Convertible;02392.jpg
101;141;719;450;186;45;5;Toyota Sequoia SUV 2012;Toyota;SUV;02393.jpg
33;87;468;278;120;18;5;GMC Yukon Hybrid SUV 2012;GMC;SUV;02394.jpg
99;157;479;307;21;3;0;Audi S5 Convertible 2012;Audi;Convertible;02395.jpg
21;50;627;394;87;12;6;Dodge Ram Pickup 3500 Quad Cab 2009;Dodge;Truck;02396.jpg
46;240;1467;1115;140;22;4;Hyundai Azera Sedan 2012;Hyundai;Sedan;02397.jpg
81;62;1201;729;86;12;6;Dodge Ram Pickup 3500 Crew Cab 2010;Dodge;Truck;02398.jpg
12;90;624;423;121;18;5;GMC Acadia SUV 2012;GMC;SUV;02399.jpg
6;1;216;74;18;3;8;Audi 100 Wagon 1994;Audi;Wagon;02400.jpg
155;21;763;360;193;47;2;Volvo C30 Hatchback 2012;Volvo;Hatchback;02401.jpg
86;164;535;391;58;9;5;Chevrolet Traverse SUV 2012;Chevrolet;SUV;02402.jpg
213;37;670;321;147;26;5;Jeep Liberty SUV 2012;Jeep;SUV;02403.jpg
23;89;556;327;120;18;5;GMC Yukon Hybrid SUV 2012;GMC;SUV;02404.jpg
165;318;1135;923;167;35;4;Mitsubishi Lancer Sedan 2012;Mitsubishi;Sedan;02405.jpg
37;67;610;350;176;40;4;Rolls-Royce Ghost Sedan 2012;Rolls-Royce;Sedan;02406.jpg
49;42;200;167;196;48;0;smart fortwo Convertible 2012;smart;Convertible;02407.jpg
15;90;999;616;154;28;5;Land Rover Range Rover SUV 2012;Land Rover;SUV;02408.jpg
18;22;444;272;85;12;3;Dodge Caravan Minivan 1997;Dodge;Minivan;02409.jpg
16;46;251;185;33;4;5;BMW X6 SUV 2012;BMW;SUV;02410.jpg
182;64;435;281;52;8;5;Cadillac SRX SUV 2012;Cadillac;SUV;02411.jpg
198;196;907;643;20;3;4;Audi S6 Sedan 2011;Audi;Sedan;02412.jpg
70;67;689;410;142;23;5;Infiniti QX56 SUV 2011;Infiniti;SUV;02413.jpg
19;40;291;182;135;22;4;Hyundai Elantra Sedan 2007;Hyundai;Sedan;02414.jpg
412;350;1933;996;79;10;4;Chrysler 300 SRT-8 2010;Chrysler;Sedan;02415.jpg
15;108;419;274;28;4;1;BMW 1 Series Coupe 2012;BMW;Coupe;02416.jpg
147;69;897;572;191;46;2;Volkswagen Golf Hatchback 1991;Volkswagen;Hatchback;02417.jpg
4;15;146;93;161;34;0;Mercedes-Benz 300-Class Convertible 1993;Mercedes-Benz;Convertible;02418.jpg
68;140;522;323;30;4;8;BMW 3 Series Wagon 2012;BMW;Wagon;02419.jpg
24;55;607;427;49;7;4;Buick Verano Sedan 2012;Buick;Sedan;02420.jpg
222;229;869;665;159;32;5;Mazda Tribute SUV 2011;Mazda;SUV;02421.jpg
3;50;294;191;51;8;4;Cadillac CTS-V Sedan 2012;Cadillac;Sedan;02422.jpg
113;154;545;368;187;45;4;Toyota Camry Sedan 2012;Toyota;Sedan;02423.jpg
59;82;440;266;193;47;2;Volvo C30 Hatchback 2012;Volvo;Hatchback;02424.jpg
20;99;926;631;154;28;5;Land Rover Range Rover SUV 2012;Land Rover;SUV;02425.jpg
78;155;733;471;35;4;4;BMW M5 Sedan 2010;BMW;Sedan;02426.jpg
101;41;534;430;46;6;1;Bugatti Veyron 16.4 Coupe 2009;Bugatti;Coupe;02427.jpg
5;5;92;62;123;19;0;Geo Metro Convertible 1993;Geo;Convertible;02428.jpg
94;440;1049;917;98;13;2;Eagle Talon Hatchback 1998;Eagle;Hatchback;02429.jpg
53;145;570;384;126;21;3;Honda Odyssey Minivan 2012;Honda;Minivan;02430.jpg
47;155;999;581;13;3;1;Audi A5 Coupe 2012;Audi;Coupe;02431.jpg
12;84;672;421;58;9;5;Chevrolet Traverse SUV 2012;Chevrolet;SUV;02432.jpg
70;58;253;141;51;8;4;Cadillac CTS-V Sedan 2012;Cadillac;Sedan;02433.jpg
1;47;639;438;130;22;2;Hyundai Veloster Hatchback 2012;Hyundai;Hatchback;02434.jpg
74;89;422;341;175;40;0;Rolls-Royce Phantom Drophead Coupe Convertible 2012;Rolls-Royce;Convertible;02435.jpg
33;117;587;408;61;9;4;Chevrolet Impala Sedan 2007;Chevrolet;Sedan;02436.jpg
117;116;571;393;187;45;4;Toyota Camry Sedan 2012;Toyota;Sedan;02437.jpg
7;41;787;431;7;1;2;Acura ZDX Hatchback 2012;Acura;Hatchback;02438.jpg
13;103;624;414;64;9;7;Chevrolet Express Cargo Van 2007;Chevrolet;Van;02439.jpg
103;163;1192;623;89;12;5;Dodge Journey SUV 2012;Dodge;SUV;02440.jpg
28;135;948;750;20;3;4;Audi S6 Sedan 2011;Audi;Sedan;02441.jpg
63;153;992;648;67;9;4;Chevrolet Malibu Hybrid Sedan 2010;Chevrolet;Sedan;02442.jpg
74;62;617;411;124;20;6;HUMMER H3T Crew Cab 2010;HUMMER;Truck;02443.jpg
70;60;737;541;113;17;6;Ford F-150 Regular Cab 2012;Ford;Truck;02444.jpg
30;99;743;427;48;7;5;Buick Rainier SUV 2007;Buick;SUV;02445.jpg
60;126;839;578;153;27;1;Lamborghini Diablo Coupe 2001;Lamborghini;Coupe;02446.jpg
64;58;341;177;174;39;3;Ram C/V Cargo Van Minivan 2012;Ram;Minivan;02447.jpg
3;226;1017;621;91;12;6;Dodge Dakota Club Cab 2007;Dodge;Truck;02448.jpg
61;150;595;378;126;21;3;Honda Odyssey Minivan 2012;Honda;Minivan;02449.jpg
51;99;595;382;49;7;4;Buick Verano Sedan 2012;Buick;Sedan;02450.jpg
29;11;269;159;27;4;0;BMW 1 Series Convertible 2012;BMW;Convertible;02451.jpg
20;44;249;161;44;5;4;Bentley Continental Flying Spur Sedan 2007;Bentley;Sedan;02452.jpg
24;61;450;306;86;12;6;Dodge Ram Pickup 3500 Crew Cab 2010;Dodge;Truck;02453.jpg
50;167;605;392;118;18;5;GMC Terrain SUV 2012;GMC;SUV;02454.jpg
79;97;563;353;91;12;6;Dodge Dakota Club Cab 2007;Dodge;Truck;02455.jpg
40;38;224;155;25;3;1;Audi TT RS Coupe 2012;Audi;Coupe;02456.jpg
126;227;885;551;5;1;4;Acura TSX Sedan 2012;Acura;Sedan;02457.jpg
25;57;520;297;59;9;0;Chevrolet Camaro Convertible 2012;Chevrolet;Convertible;02458.jpg
12;171;623;423;72;9;1;Chevrolet Monte Carlo Coupe 2007;Chevrolet;Coupe;02459.jpg
14;39;252;154;118;18;5;GMC Terrain SUV 2012;GMC;SUV;02460.jpg
19;62;952;526;191;46;2;Volkswagen Golf Hatchback 1991;Volkswagen;Hatchback;02461.jpg
2;12;639;437;146;26;5;Jeep Wrangler SUV 2012;Jeep;SUV;02462.jpg
51;138;926;525;137;22;4;Hyundai Genesis Sedan 2012;Hyundai;Sedan;02463.jpg
18;99;615;433;13;3;1;Audi A5 Coupe 2012;Audi;Coupe;02464.jpg
225;113;437;266;29;4;4;BMW 3 Series Sedan 2012;BMW;Sedan;02465.jpg
105;10;788;596;122;18;6;GMC Canyon Extended Cab 2012;GMC;Truck;02466.jpg
26;18;698;468;139;22;2;Hyundai Elantra Touring Hatchback 2012;Hyundai;Hatchback;02467.jpg
80;366;951;637;35;4;4;BMW M5 Sedan 2010;BMW;Sedan;02468.jpg
46;35;762;418;139;22;2;Hyundai Elantra Touring Hatchback 2012;Hyundai;Hatchback;02469.jpg
142;230;1476;983;130;22;2;Hyundai Veloster Hatchback 2012;Hyundai;Hatchback;02470.jpg
268;144;1645;1078;151;27;1;Lamborghini Aventador Coupe 2012;Lamborghini;Coupe;02471.jpg
56;237;960;611;96;12;4;Dodge Charger Sedan 2012;Dodge;Sedan;02472.jpg
107;279;1146;618;80;10;0;Chrysler Crossfire Convertible 2008;Chrysler;Convertible;02473.jpg
182;155;1743;951;14;3;1;Audi TTS Coupe 2012;Audi;Coupe;02474.jpg
34;214;1567;979;153;27;1;Lamborghini Diablo Coupe 2001;Lamborghini;Coupe;02475.jpg
80;10;376;306;143;24;5;Isuzu Ascender SUV 2008;Isuzu;SUV;02476.jpg
156;1;1145;747;180;42;1;Spyker C8 Coupe 2009;Spyker;Coupe;02477.jpg
180;22;519;229;21;3;0;Audi S5 Convertible 2012;Audi;Convertible;02478.jpg
74;137;597;329;83;12;8;Dodge Caliber Wagon 2012;Dodge;Wagon;02479.jpg
43;133;751;400;34;4;1;BMW M3 Coupe 2012;BMW;Coupe;02480.jpg
110;186;601;447;182;43;4;Suzuki Kizashi Sedan 2012;Suzuki;Sedan;02481.jpg
126;98;822;572;125;20;6;HUMMER H2 SUT Crew Cab 2009;HUMMER;Truck;02482.jpg
17;33;389;281;88;12;7;Dodge Sprinter Cargo Van 2009;Dodge;Van;02483.jpg
435;304;1008;622;10;2;0;Aston Martin Virage Convertible 2012;Aston;Convertible;02484.jpg
51;109;627;453;109;17;5;Ford Expedition EL SUV 2009;Ford;SUV;02485.jpg
5;5;303;158;68;9;0;Chevrolet TrailBlazer SS 2009;Chevrolet;Convertible;02486.jpg
79;136;913;635;144;25;1;Jaguar XK XKR 2012;Jaguar;Coupe;02487.jpg
35;201;730;466;87;12;6;Dodge Ram Pickup 3500 Quad Cab 2009;Dodge;Truck;02488.jpg
1;49;202;148;153;27;1;Lamborghini Diablo Coupe 2001;Lamborghini;Coupe;02489.jpg
44;140;597;344;109;17;5;Ford Expedition EL SUV 2009;Ford;SUV;02490.jpg
47;154;598;369;3;1;4;Acura TL Sedan 2012;Acura;Sedan;02491.jpg
26;60;373;255;135;22;4;Hyundai Elantra Sedan 2007;Hyundai;Sedan;02492.jpg
9;41;1015;640;44;5;4;Bentley Continental Flying Spur Sedan 2007;Bentley;Sedan;02493.jpg
26;56;746;319;86;12;6;Dodge Ram Pickup 3500 Crew Cab 2010;Dodge;Truck;02494.jpg
28;37;445;266;185;44;4;Tesla Model S Sedan 2012;Tesla;Sedan;02495.jpg
41;95;607;379;118;18;5;GMC Terrain SUV 2012;GMC;SUV;02496.jpg
130;170;911;675;144;25;1;Jaguar XK XKR 2012;Jaguar;Coupe;02497.jpg
14;78;1005;709;108;17;3;Ford Freestar Minivan 2007;Ford;Minivan;02498.jpg
49;163;733;438;118;18;5;GMC Terrain SUV 2012;GMC;SUV;02499.jpg
17;28;330;218;135;22;4;Hyundai Elantra Sedan 2007;Hyundai;Sedan;02500.jpg
1;159;400;286;158;31;0;Maybach Landaulet Convertible 2012;Maybach;Convertible;02501.jpg
85;266;1021;579;67;9;4;Chevrolet Malibu Hybrid Sedan 2010;Chevrolet;Sedan;02502.jpg
66;138;751;517;68;9;0;Chevrolet TrailBlazer SS 2009;Chevrolet;Convertible;02503.jpg
41;39;223;160;28;4;1;BMW 1 Series Coupe 2012;BMW;Coupe;02504.jpg
1;9;141;63;18;3;8;Audi 100 Wagon 1994;Audi;Wagon;02505.jpg
9;4;251;164;108;17;3;Ford Freestar Minivan 2007;Ford;Minivan;02506.jpg
67;126;774;492;165;34;4;Mercedes-Benz S-Class Sedan 2012;Mercedes-Benz;Sedan;02507.jpg
35;61;599;410;109;17;5;Ford Expedition EL SUV 2009;Ford;SUV;02508.jpg
17;54;245;169;33;4;5;BMW X6 SUV 2012;BMW;SUV;02509.jpg
56;59;985;532;171;36;1;Nissan 240SX Coupe 1998;Nissan;Coupe;02510.jpg
57;62;967;600;132;22;5;Hyundai Tucson SUV 2012;Hyundai;SUV;02511.jpg
64;16;692;449;87;12;6;Dodge Ram Pickup 3500 Quad Cab 2009;Dodge;Truck;02512.jpg
24;141;539;455;154;28;5;Land Rover Range Rover SUV 2012;Land Rover;SUV;02513.jpg
208;274;1549;997;149;26;5;Jeep Compass SUV 2012;Jeep;SUV;02514.jpg
25;18;241;168;65;9;6;Chevrolet Avalanche Crew Cab 2012;Chevrolet;Truck;02515.jpg
113;93;390;273;36;4;0;BMW M6 Convertible 2010;BMW;Convertible;02516.jpg
102;195;675;504;61;9;4;Chevrolet Impala Sedan 2007;Chevrolet;Sedan;02517.jpg
1;20;229;194;86;12;6;Dodge Ram Pickup 3500 Crew Cab 2010;Dodge;Truck;02518.jpg
147;434;1954;1233;119;18;7;GMC Savana Van 2012;GMC;Van;02519.jpg
68;86;547;336;46;6;1;Bugatti Veyron 16.4 Coupe 2009;Bugatti;Coupe;02520.jpg
162;154;470;301;177;40;4;Rolls-Royce Phantom Sedan 2012;Rolls-Royce;Sedan;02521.jpg
96;299;967;705;89;12;5;Dodge Journey SUV 2012;Dodge;SUV;02522.jpg
43;26;776;569;96;12;4;Dodge Charger Sedan 2012;Dodge;Sedan;02523.jpg
15;11;262;196;111;17;6;Ford Ranger SuperCab 2011;Ford;Truck;02524.jpg
217;330;1103;711;185;44;4;Tesla Model S Sedan 2012;Tesla;Sedan;02525.jpg
25;219;304;302;160;33;1;McLaren MP4-12C Coupe 2012;McLaren;Coupe;02526.jpg
2;92;595;480;172;37;1;Plymouth Neon Coupe 1999;Plymouth;Coupe;02527.jpg
13;17;313;178;39;5;0;Bentley Continental Supersports Conv. Convertible 2012;Bentley;Convertible;02528.jpg
48;92;582;368;184;43;4;Suzuki SX4 Sedan 2012;Suzuki;Sedan;02529.jpg
12;18;256;163;162;34;4;Mercedes-Benz C-Class Sedan 2012;Mercedes-Benz;Sedan;02530.jpg
171;138;535;366;89;12;5;Dodge Journey SUV 2012;Dodge;SUV;02531.jpg
22;67;1408;859;98;13;2;Eagle Talon Hatchback 1998;Eagle;Hatchback;02532.jpg
15;150;626;452;77;10;0;Chrysler Sebring Convertible 2010;Chrysler;Convertible;02533.jpg
198;213;589;377;40;5;4;Bentley Arnage Sedan 2009;Bentley;Sedan;02534.jpg
66;82;673;564;130;22;2;Hyundai Veloster Hatchback 2012;Hyundai;Hatchback;02535.jpg
92;84;564;402;78;10;3;Chrysler Town and Country Minivan 2012;Chrysler;Minivan;02536.jpg
37;36;246;157;80;10;0;Chrysler Crossfire Convertible 2008;Chrysler;Convertible;02537.jpg
54;162;565;356;78;10;3;Chrysler Town and Country Minivan 2012;Chrysler;Minivan;02538.jpg
64;121;365;261;19;3;2;Audi TT Hatchback 2011;Audi;Hatchback;02539.jpg
7;133;716;444;2;1;4;Acura RL Sedan 2012;Acura;Sedan;02540.jpg
20;12;651;475;45;6;0;Bugatti Veyron 16.4 Convertible 2009;Bugatti;Convertible;02541.jpg
104;102;915;581;155;28;5;Land Rover LR2 SUV 2012;Land Rover;SUV;02542.jpg
22;58;179;136;80;10;0;Chrysler Crossfire Convertible 2008;Chrysler;Convertible;02543.jpg
39;275;1143;810;57;9;1;Chevrolet Corvette Ron Fellows Edition Z06 2007;Chevrolet;Coupe;02544.jpg
14;53;251;194;84;12;8;Dodge Caliber Wagon 2007;Dodge;Wagon;02545.jpg
12;40;251;167;54;9;6;Chevrolet Silverado 1500 Hybrid Crew Cab 2012;Chevrolet;Truck;02546.jpg
70;165;542;309;87;12;6;Dodge Ram Pickup 3500 Quad Cab 2009;Dodge;Truck;02547.jpg
23;56;620;429;119;18;7;GMC Savana Van 2012;GMC;Van;02548.jpg
189;218;1063;588;45;6;0;Bugatti Veyron 16.4 Convertible 2009;Bugatti;Convertible;02549.jpg
20;170;639;421;29;4;4;BMW 3 Series Sedan 2012;BMW;Sedan;02550.jpg
32;43;186;124;106;17;6;Ford F-450 Super Duty Crew Cab 2012;Ford;Truck;02551.jpg
37;74;269;169;105;16;4;Fisker Karma Sedan 2012;Fisker;Sedan;02552.jpg
51;193;593;381;43;5;1;Bentley Continental GT Coupe 2007;Bentley;Coupe;02553.jpg
106;152;928;618;127;21;3;Honda Odyssey Minivan 2007;Honda;Minivan;02554.jpg
93;162;714;418;133;22;5;Hyundai Veracruz SUV 2012;Hyundai;SUV;02555.jpg
10;31;293;157;21;3;0;Audi S5 Convertible 2012;Audi;Convertible;02556.jpg
30;31;189;130;88;12;7;Dodge Sprinter Cargo Van 2009;Dodge;Van;02557.jpg
11;42;251;157;148;26;5;Jeep Grand Cherokee SUV 2012;Jeep;SUV;02558.jpg
16;26;690;462;81;10;0;Chrysler PT Cruiser Convertible 2008;Chrysler;Convertible;02559.jpg
16;49;383;277;134;22;4;Hyundai Sonata Hybrid Sedan 2012;Hyundai;Sedan;02560.jpg
51;4;508;255;24;3;4;Audi S4 Sedan 2007;Audi;Sedan;02561.jpg
77;150;618;397;173;38;4;Porsche Panamera Sedan 2012;Porsche;Sedan;02562.jpg
87;224;1521;926;174;39;3;Ram C/V Cargo Van Minivan 2012;Ram;Minivan;02563.jpg
27;165;750;466;71;9;7;Chevrolet Express Van 2007;Chevrolet;Van;02564.jpg
120;66;585;425;195;47;5;Volvo XC90 SUV 2007;Volvo;SUV;02565.jpg
59;162;971;635;23;3;4;Audi S4 Sedan 2012;Audi;Sedan;02566.jpg
108;29;1427;925;164;34;4;Mercedes-Benz E-Class Sedan 2012;Mercedes-Benz;Sedan;02567.jpg
30;41;267;179;104;15;1;Ferrari 458 Italia Coupe 2012;Ferrari;Coupe;02568.jpg
95;124;431;308;93;12;1;Dodge Challenger SRT8 2011;Dodge;Coupe;02569.jpg
81;102;596;419;77;10;0;Chrysler Sebring Convertible 2010;Chrysler;Convertible;02570.jpg
239;180;692;417;146;26;5;Jeep Wrangler SUV 2012;Jeep;SUV;02571.jpg
6;102;609;410;177;40;4;Rolls-Royce Phantom Sedan 2012;Rolls-Royce;Sedan;02572.jpg
275;53;1359;923;112;17;1;Ford GT Coupe 2006;Ford;Coupe;02573.jpg
527;299;1197;692;97;12;4;Dodge Charger SRT-8 2009;Dodge;Sedan;02574.jpg
51;69;618;372;61;9;4;Chevrolet Impala Sedan 2007;Chevrolet;Sedan;02575.jpg
115;38;526;296;62;9;5;Chevrolet Tahoe Hybrid SUV 2012;Chevrolet;SUV;02576.jpg
21;45;281;133;9;2;1;Aston Martin V8 Vantage Coupe 2012;Aston;Coupe;02577.jpg
18;107;630;340;114;17;6;Ford F-150 Regular Cab 2007;Ford;Truck;02578.jpg
69;29;408;236;84;12;8;Dodge Caliber Wagon 2007;Dodge;Wagon;02579.jpg
39;2;436;192;151;27;1;Lamborghini Aventador Coupe 2012;Lamborghini;Coupe;02580.jpg
12;34;398;254;115;17;4;Ford Focus Sedan 2007;Ford;Sedan;02581.jpg
103;215;667;475;173;38;4;Porsche Panamera Sedan 2012;Porsche;Sedan;02582.jpg
6;8;567;342;185;44;4;Tesla Model S Sedan 2012;Tesla;Sedan;02583.jpg
33;48;458;289;12;3;0;Audi RS 4 Convertible 2008;Audi;Convertible;02584.jpg
9;71;446;345;84;12;8;Dodge Caliber Wagon 2007;Dodge;Wagon;02585.jpg
30;48;404;277;51;8;4;Cadillac CTS-V Sedan 2012;Cadillac;Sedan;02586.jpg
150;119;481;368;176;40;4;Rolls-Royce Ghost Sedan 2012;Rolls-Royce;Sedan;02587.jpg
19;82;400;319;114;17;6;Ford F-150 Regular Cab 2007;Ford;Truck;02588.jpg
71;192;594;465;3;1;4;Acura TL Sedan 2012;Acura;Sedan;02589.jpg
51;74;264;185;67;9;4;Chevrolet Malibu Hybrid Sedan 2010;Chevrolet;Sedan;02590.jpg
256;187;1001;462;112;17;1;Ford GT Coupe 2006;Ford;Coupe;02591.jpg
23;65;624;415;64;9;7;Chevrolet Express Cargo Van 2007;Chevrolet;Van;02592.jpg
253;220;662;445;39;5;0;Bentley Continental Supersports Conv. Convertible 2012;Bentley;Convertible;02593.jpg
18;58;439;269;10;2;0;Aston Martin Virage Convertible 2012;Aston;Convertible;02594.jpg
129;413;946;879;134;22;4;Hyundai Sonata Hybrid Sedan 2012;Hyundai;Sedan;02595.jpg
95;208;880;715;81;10;0;Chrysler PT Cruiser Convertible 2008;Chrysler;Convertible;02596.jpg
48;92;209;181;70;9;6;Chevrolet Silverado 1500 Classic Extended Cab 2007;Chevrolet;Truck;02597.jpg
40;38;224;155;14;3;1;Audi TTS Coupe 2012;Audi;Coupe;02598.jpg
17;45;438;290;86;12;6;Dodge Ram Pickup 3500 Crew Cab 2010;Dodge;Truck;02599.jpg
18;59;389;264;17;3;4;Audi 100 Sedan 1994;Audi;Sedan;02600.jpg
168;9;1169;880;94;12;5;Dodge Durango SUV 2012;Dodge;SUV;02601.jpg
253;16;534;174;184;43;4;Suzuki SX4 Sedan 2012;Suzuki;Sedan;02602.jpg
32;35;233;158;67;9;4;Chevrolet Malibu Hybrid Sedan 2010;Chevrolet;Sedan;02603.jpg
34;4;264;195;175;40;0;Rolls-Royce Phantom Drophead Coupe Convertible 2012;Rolls-Royce;Convertible;02604.jpg
10;34;627;322;6;1;4;Acura Integra Type R 2001;Acura;Sedan;02605.jpg
37;147;973;638;50;7;5;Buick Enclave SUV 2012;Buick;SUV;02606.jpg
52;197;1936;1339;149;26;5;Jeep Compass SUV 2012;Jeep;SUV;02607.jpg
21;23;693;381;76;10;5;Chrysler Aspen SUV 2009;Chrysler;SUV;02608.jpg
75;203;1486;1024;64;9;7;Chevrolet Express Cargo Van 2007;Chevrolet;Van;02609.jpg
41;122;601;352;87;12;6;Dodge Ram Pickup 3500 Quad Cab 2009;Dodge;Truck;02610.jpg
8;94;285;200;84;12;8;Dodge Caliber Wagon 2007;Dodge;Wagon;02611.jpg
17;147;548;362;98;13;2;Eagle Talon Hatchback 1998;Eagle;Hatchback;02612.jpg
44;95;595;435;153;27;1;Lamborghini Diablo Coupe 2001;Lamborghini;Coupe;02613.jpg
53;105;461;337;77;10;0;Chrysler Sebring Convertible 2010;Chrysler;Convertible;02614.jpg
27;35;379;255;108;17;3;Ford Freestar Minivan 2007;Ford;Minivan;02615.jpg
237;88;657;372;151;27;1;Lamborghini Aventador Coupe 2012;Lamborghini;Coupe;02616.jpg
280;158;777;491;140;22;4;Hyundai Azera Sedan 2012;Hyundai;Sedan;02617.jpg
37;10;400;300;124;20;6;HUMMER H3T Crew Cab 2010;HUMMER;Truck;02618.jpg
4;89;680;379;63;9;4;Chevrolet Sonic Sedan 2012;Chevrolet;Sedan;02619.jpg
5;42;797;406;12;3;0;Audi RS 4 Convertible 2008;Audi;Convertible;02620.jpg
44;114;597;435;187;45;4;Toyota Camry Sedan 2012;Toyota;Sedan;02621.jpg
57;39;200;156;90;12;6;Dodge Dakota Crew Cab 2010;Dodge;Truck;02622.jpg
41;132;672;431;192;46;2;Volkswagen Beetle Hatchback 2012;Volkswagen;Hatchback;02623.jpg
52;147;981;547;81;10;0;Chrysler PT Cruiser Convertible 2008;Chrysler;Convertible;02624.jpg
53;102;398;234;15;3;1;Audi R8 Coupe 2012;Audi;Coupe;02625.jpg
67;361;1861;1057;105;16;4;Fisker Karma Sedan 2012;Fisker;Sedan;02626.jpg
11;11;293;168;28;4;1;BMW 1 Series Coupe 2012;BMW;Coupe;02627.jpg
27;15;310;222;113;17;6;Ford F-150 Regular Cab 2012;Ford;Truck;02628.jpg
69;284;1105;786;192;46;2;Volkswagen Beetle Hatchback 2012;Volkswagen;Hatchback;02629.jpg
153;94;553;356;23;3;4;Audi S4 Sedan 2012;Audi;Sedan;02630.jpg
25;50;623;417;165;34;4;Mercedes-Benz S-Class Sedan 2012;Mercedes-Benz;Sedan;02631.jpg
55;224;884;573;15;3;1;Audi R8 Coupe 2012;Audi;Coupe;02632.jpg
1;56;402;251;60;9;8;Chevrolet HHR SS 2010;Chevrolet;Wagon;02633.jpg
72;199;961;744;106;17;6;Ford F-450 Super Duty Crew Cab 2012;Ford;Truck;02634.jpg
39;172;1451;902;164;34;4;Mercedes-Benz E-Class Sedan 2012;Mercedes-Benz;Sedan;02635.jpg
121;287;1500;898;160;33;1;McLaren MP4-12C Coupe 2012;McLaren;Coupe;02636.jpg
63;105;597;420;78;10;3;Chrysler Town and Country Minivan 2012;Chrysler;Minivan;02637.jpg
92;158;585;416;89;12;5;Dodge Journey SUV 2012;Dodge;SUV;02638.jpg
44;78;529;329;82;11;8;Daewoo Nubira Wagon 2002;Daewoo;Wagon;02639.jpg
27;80;613;402;75;9;6;Chevrolet Silverado 1500 Regular Cab 2012;Chevrolet;Truck;02640.jpg
71;35;587;375;13;3;1;Audi A5 Coupe 2012;Audi;Coupe;02641.jpg
9;12;595;354;185;44;4;Tesla Model S Sedan 2012;Tesla;Sedan;02642.jpg
14;82;596;422;58;9;5;Chevrolet Traverse SUV 2012;Chevrolet;SUV;02643.jpg
12;57;240;134;106;17;6;Ford F-450 Super Duty Crew Cab 2012;Ford;Truck;02644.jpg
87;75;494;327;9;2;1;Aston Martin V8 Vantage Coupe 2012;Aston;Coupe;02645.jpg
74;87;319;264;97;12;4;Dodge Charger SRT-8 2009;Dodge;Sedan;02646.jpg
25;36;292;170;141;23;1;Infiniti G Coupe IPL 2012;Infiniti;Coupe;02647.jpg
6;38;289;163;82;11;8;Daewoo Nubira Wagon 2002;Daewoo;Wagon;02648.jpg
65;14;458;326;28;4;1;BMW 1 Series Coupe 2012;BMW;Coupe;02649.jpg
119;64;2029;1533;188;45;4;Toyota Corolla Sedan 2012;Toyota;Sedan;02650.jpg
9;118;1007;590;97;12;4;Dodge Charger SRT-8 2009;Dodge;Sedan;02651.jpg
18;57;903;686;146;26;5;Jeep Wrangler SUV 2012;Jeep;SUV;02652.jpg
53;301;963;615;164;34;4;Mercedes-Benz E-Class Sedan 2012;Mercedes-Benz;Sedan;02653.jpg
115;47;812;543;57;9;1;Chevrolet Corvette Ron Fellows Edition Z06 2007;Chevrolet;Coupe;02654.jpg
23;50;626;461;32;4;5;BMW X5 SUV 2007;BMW;SUV;02655.jpg
38;30;240;138;16;3;4;Audi V8 Sedan 1994;Audi;Sedan;02656.jpg
16;35;286;225;151;27;1;Lamborghini Aventador Coupe 2012;Lamborghini;Coupe;02657.jpg
27;37;611;444;64;9;7;Chevrolet Express Cargo Van 2007;Chevrolet;Van;02658.jpg
25;69;487;356;110;17;5;Ford Edge SUV 2012;Ford;SUV;02659.jpg
32;113;527;407;172;37;1;Plymouth Neon Coupe 1999;Plymouth;Coupe;02660.jpg
17;5;282;173;76;10;5;Chrysler Aspen SUV 2009;Chrysler;SUV;02661.jpg
42;81;765;507;82;11;8;Daewoo Nubira Wagon 2002;Daewoo;Wagon;02662.jpg
14;84;627;398;3;1;4;Acura TL Sedan 2012;Acura;Sedan;02663.jpg
137;131;836;503;101;15;1;Ferrari FF Coupe 2012;Ferrari;Coupe;02664.jpg
152;167;1095;681;139;22;2;Hyundai Elantra Touring Hatchback 2012;Hyundai;Hatchback;02665.jpg
33;39;374;242;129;21;4;Honda Accord Sedan 2012;Honda;Sedan;02666.jpg
1;27;799;600;57;9;1;Chevrolet Corvette Ron Fellows Edition Z06 2007;Chevrolet;Coupe;02667.jpg
48;10;402;284;84;12;8;Dodge Caliber Wagon 2007;Dodge;Wagon;02668.jpg
13;256;769;532;2;1;4;Acura RL Sedan 2012;Acura;Sedan;02669.jpg
19;63;307;170;5;1;4;Acura TSX Sedan 2012;Acura;Sedan;02670.jpg
95;62;402;306;7;1;2;Acura ZDX Hatchback 2012;Acura;Hatchback;02671.jpg
14;66;314;199;71;9;7;Chevrolet Express Van 2007;Chevrolet;Van;02672.jpg
72;61;541;291;59;9;0;Chevrolet Camaro Convertible 2012;Chevrolet;Convertible;02673.jpg
8;27;252;145;13;3;1;Audi A5 Coupe 2012;Audi;Coupe;02674.jpg
18;29;779;588;79;10;4;Chrysler 300 SRT-8 2010;Chrysler;Sedan;02675.jpg
13;154;798;466;153;27;1;Lamborghini Diablo Coupe 2001;Lamborghini;Coupe;02676.jpg
18;34;485;310;110;17;5;Ford Edge SUV 2012;Ford;SUV;02677.jpg
68;230;638;444;143;24;5;Isuzu Ascender SUV 2008;Isuzu;SUV;02678.jpg
32;51;360;262;95;12;5;Dodge Durango SUV 2007;Dodge;SUV;02679.jpg
70;1;1597;1099;24;3;4;Audi S4 Sedan 2007;Audi;Sedan;02680.jpg
232;318;803;510;36;4;0;BMW M6 Convertible 2010;BMW;Convertible;02681.jpg
23;91;429;289;104;15;1;Ferrari 458 Italia Coupe 2012;Ferrari;Coupe;02682.jpg
12;46;245;152;72;9;1;Chevrolet Monte Carlo Coupe 2007;Chevrolet;Coupe;02683.jpg
18;29;242;176;86;12;6;Dodge Ram Pickup 3500 Crew Cab 2010;Dodge;Truck;02684.jpg
21;53;201;136;174;39;3;Ram C/V Cargo Van Minivan 2012;Ram;Minivan;02685.jpg
15;52;262;173;38;4;0;BMW Z4 Convertible 2012;BMW;Convertible;02686.jpg
8;50;247;177;188;45;4;Toyota Corolla Sedan 2012;Toyota;Sedan;02687.jpg
35;157;479;332;20;3;4;Audi S6 Sedan 2011;Audi;Sedan;02688.jpg
9;51;296;197;83;12;8;Dodge Caliber Wagon 2012;Dodge;Wagon;02689.jpg
60;169;588;467;120;18;5;GMC Yukon Hybrid SUV 2012;GMC;SUV;02690.jpg
58;67;720;282;34;4;1;BMW M3 Coupe 2012;BMW;Coupe;02691.jpg
41;104;656;401;98;13;2;Eagle Talon Hatchback 1998;Eagle;Hatchback;02692.jpg
6;55;257;143;161;34;0;Mercedes-Benz 300-Class Convertible 1993;Mercedes-Benz;Convertible;02693.jpg
31;91;441;368;165;34;4;Mercedes-Benz S-Class Sedan 2012;Mercedes-Benz;Sedan;02694.jpg
31;46;475;269;56;9;1;Chevrolet Corvette ZR1 2012;Chevrolet;Coupe;02695.jpg
25;29;265;163;21;3;0;Audi S5 Convertible 2012;Audi;Convertible;02696.jpg
6;17;299;222;76;10;5;Chrysler Aspen SUV 2009;Chrysler;SUV;02697.jpg
132;96;525;283;108;17;3;Ford Freestar Minivan 2007;Ford;Minivan;02698.jpg
19;539;1278;981;172;37;1;Plymouth Neon Coupe 1999;Plymouth;Coupe;02699.jpg
27;2;232;182;121;18;5;GMC Acadia SUV 2012;GMC;SUV;02700.jpg
137;210;1270;698;144;25;1;Jaguar XK XKR 2012;Jaguar;Coupe;02701.jpg
15;122;390;281;37;4;5;BMW X3 SUV 2012;BMW;SUV;02702.jpg
31;96;600;313;186;45;5;Toyota Sequoia SUV 2012;Toyota;SUV;02703.jpg
87;72;738;501;112;17;1;Ford GT Coupe 2006;Ford;Coupe;02704.jpg
12;31;157;116;190;46;2;Volkswagen Golf Hatchback 2012;Volkswagen;Hatchback;02705.jpg
14;19;606;275;53;8;6;Cadillac Escalade EXT Crew Cab 2007;Cadillac;Truck;02706.jpg
65;153;601;416;115;17;4;Ford Focus Sedan 2007;Ford;Sedan;02707.jpg
37;44;708;436;176;40;4;Rolls-Royce Ghost Sedan 2012;Rolls-Royce;Sedan;02708.jpg
109;45;527;401;81;10;0;Chrysler PT Cruiser Convertible 2008;Chrysler;Convertible;02709.jpg
44;99;525;371;98;13;2;Eagle Talon Hatchback 1998;Eagle;Hatchback;02710.jpg
105;147;545;417;174;39;3;Ram C/V Cargo Van Minivan 2012;Ram;Minivan;02711.jpg
31;8;415;221;109;17;5;Ford Expedition EL SUV 2009;Ford;SUV;02712.jpg
73;69;271;140;57;9;1;Chevrolet Corvette Ron Fellows Edition Z06 2007;Chevrolet;Coupe;02713.jpg
19;165;709;607;172;37;1;Plymouth Neon Coupe 1999;Plymouth;Coupe;02714.jpg
56;80;509;408;24;3;4;Audi S4 Sedan 2007;Audi;Sedan;02715.jpg
33;52;227;166;83;12;8;Dodge Caliber Wagon 2012;Dodge;Wagon;02716.jpg
39;61;596;347;31;4;0;BMW 6 Series Convertible 2007;BMW;Convertible;02717.jpg
29;11;458;316;41;5;4;Bentley Mulsanne Sedan 2011;Bentley;Sedan;02718.jpg
12;55;630;314;93;12;1;Dodge Challenger SRT8 2011;Dodge;Coupe;02719.jpg
81;85;565;405;149;26;5;Jeep Compass SUV 2012;Jeep;SUV;02720.jpg
15;4;246;171;116;17;7;Ford E-Series Wagon Van 2012;Ford;Van;02721.jpg
78;104;1373;845;103;15;0;Ferrari 458 Italia Convertible 2012;Ferrari;Convertible;02722.jpg
1;21;400;176;163;34;1;Mercedes-Benz SL-Class Coupe 2009;Mercedes-Benz;Coupe;02723.jpg
38;18;192;110;108;17;3;Ford Freestar Minivan 2007;Ford;Minivan;02724.jpg
104;67;548;409;128;21;1;Honda Accord Coupe 2012;Honda;Coupe;02725.jpg
29;82;215;175;72;9;1;Chevrolet Monte Carlo Coupe 2007;Chevrolet;Coupe;02726.jpg
90;30;577;396;179;42;0;Spyker C8 Convertible 2009;Spyker;Convertible;02727.jpg
5;73;280;221;16;3;4;Audi V8 Sedan 1994;Audi;Sedan;02728.jpg
22;45;607;405;94;12;5;Dodge Durango SUV 2012;Dodge;SUV;02729.jpg
249;254;591;467;140;22;4;Hyundai Azera Sedan 2012;Hyundai;Sedan;02730.jpg
115;73;398;335;100;14;0;FIAT 500 Convertible 2012;FIAT;Convertible;02731.jpg
55;48;617;404;88;12;7;Dodge Sprinter Cargo Van 2009;Dodge;Van;02732.jpg
10;93;784;537;127;21;3;Honda Odyssey Minivan 2007;Honda;Minivan;02733.jpg
36;103;623;397;169;36;7;Nissan NV Passenger Van 2012;Nissan;Van;02734.jpg
72;63;427;319;46;6;1;Bugatti Veyron 16.4 Coupe 2009;Bugatti;Coupe;02735.jpg
19;21;244;183;162;34;4;Mercedes-Benz C-Class Sedan 2012;Mercedes-Benz;Sedan;02736.jpg
50;72;558;419;196;48;0;smart fortwo Convertible 2012;smart;Convertible;02737.jpg
86;292;1176;639;6;1;4;Acura Integra Type R 2001;Acura;Sedan;02738.jpg
27;9;270;128;5;1;4;Acura TSX Sedan 2012;Acura;Sedan;02739.jpg
54;155;729;449;56;9;1;Chevrolet Corvette ZR1 2012;Chevrolet;Coupe;02740.jpg
41;224;951;656;184;43;4;Suzuki SX4 Sedan 2012;Suzuki;Sedan;02741.jpg
62;377;1015;752;190;46;2;Volkswagen Golf Hatchback 2012;Volkswagen;Hatchback;02742.jpg
105;42;493;342;110;17;5;Ford Edge SUV 2012;Ford;SUV;02743.jpg
66;141;613;379;61;9;4;Chevrolet Impala Sedan 2007;Chevrolet;Sedan;02744.jpg
191;145;760;614;144;25;1;Jaguar XK XKR 2012;Jaguar;Coupe;02745.jpg
13;15;474;327;60;9;8;Chevrolet HHR SS 2010;Chevrolet;Wagon;02746.jpg
99;160;911;656;147;26;5;Jeep Liberty SUV 2012;Jeep;SUV;02747.jpg
18;10;115;95;119;18;7;GMC Savana Van 2012;GMC;Van;02748.jpg
114;26;925;744;150;27;1;Lamborghini Reventon Coupe 2008;Lamborghini;Coupe;02749.jpg
6;8;194;122;135;22;4;Hyundai Elantra Sedan 2007;Hyundai;Sedan;02750.jpg
4;30;279;186;84;12;8;Dodge Caliber Wagon 2007;Dodge;Wagon;02751.jpg
43;51;269;151;151;27;1;Lamborghini Aventador Coupe 2012;Lamborghini;Coupe;02752.jpg
87;86;576;392;166;34;7;Mercedes-Benz Sprinter Van 2012;Mercedes-Benz;Van;02753.jpg
39;117;597;417;139;22;2;Hyundai Elantra Touring Hatchback 2012;Hyundai;Hatchback;02754.jpg
31;126;597;447;192;46;2;Volkswagen Beetle Hatchback 2012;Volkswagen;Hatchback;02755.jpg
44;15;626;413;169;36;7;Nissan NV Passenger Van 2012;Nissan;Van;02756.jpg
33;54;614;409;115;17;4;Ford Focus Sedan 2007;Ford;Sedan;02757.jpg
50;57;474;283;28;4;1;BMW 1 Series Coupe 2012;BMW;Coupe;02758.jpg
40;64;390;306;109;17;5;Ford Expedition EL SUV 2009;Ford;SUV;02759.jpg
27;64;180;169;104;15;1;Ferrari 458 Italia Coupe 2012;Ferrari;Coupe;02760.jpg
87;158;590;361;90;12;6;Dodge Dakota Crew Cab 2010;Dodge;Truck;02761.jpg
84;117;634;358;104;15;1;Ferrari 458 Italia Coupe 2012;Ferrari;Coupe;02762.jpg
18;34;285;176;62;9;5;Chevrolet Tahoe Hybrid SUV 2012;Chevrolet;SUV;02763.jpg
314;235;1383;1002;25;3;1;Audi TT RS Coupe 2012;Audi;Coupe;02764.jpg
12;10;251;173;131;22;5;Hyundai Santa Fe SUV 2012;Hyundai;SUV;02765.jpg
131;234;1411;896;14;3;1;Audi TTS Coupe 2012;Audi;Coupe;02766.jpg
25;116;414;276;101;15;1;Ferrari FF Coupe 2012;Ferrari;Coupe;02767.jpg
36;133;461;327;52;8;5;Cadillac SRX SUV 2012;Cadillac;SUV;02768.jpg
32;76;612;415;132;22;5;Hyundai Tucson SUV 2012;Hyundai;SUV;02769.jpg
14;96;290;205;17;3;4;Audi 100 Sedan 1994;Audi;Sedan;02770.jpg
120;108;393;203;9;2;1;Aston Martin V8 Vantage Coupe 2012;Aston;Coupe;02771.jpg
122;54;1170;827;28;4;1;BMW 1 Series Coupe 2012;BMW;Coupe;02772.jpg
52;122;386;253;12;3;0;Audi RS 4 Convertible 2008;Audi;Convertible;02773.jpg
16;119;410;244;36;4;0;BMW M6 Convertible 2010;BMW;Convertible;02774.jpg
13;153;626;391;75;9;6;Chevrolet Silverado 1500 Regular Cab 2012;Chevrolet;Truck;02775.jpg
13;125;591;315;102;15;0;Ferrari California Convertible 2012;Ferrari;Convertible;02776.jpg
57;46;273;183;157;30;0;MINI Cooper Roadster Convertible 2012;MINI Cooper;Convertible;02777.jpg
38;135;1014;719;155;28;5;Land Rover LR2 SUV 2012;Land Rover;SUV;02778.jpg
142;76;593;309;147;26;5;Jeep Liberty SUV 2012;Jeep;SUV;02779.jpg
147;156;721;496;195;47;5;Volvo XC90 SUV 2007;Volvo;SUV;02780.jpg
39;94;620;440;123;19;0;Geo Metro Convertible 1993;Geo;Convertible;02781.jpg
181;100;579;371;63;9;4;Chevrolet Sonic Sedan 2012;Chevrolet;Sedan;02782.jpg
12;63;623;333;73;9;4;Chevrolet Malibu Sedan 2007;Chevrolet;Sedan;02783.jpg
79;186;654;437;46;6;1;Bugatti Veyron 16.4 Coupe 2009;Bugatti;Coupe;02784.jpg
24;55;982;569;77;10;0;Chrysler Sebring Convertible 2010;Chrysler;Convertible;02785.jpg
187;142;778;594;150;27;1;Lamborghini Reventon Coupe 2008;Lamborghini;Coupe;02786.jpg
46;87;523;348;29;4;4;BMW 3 Series Sedan 2012;BMW;Sedan;02787.jpg
44;117;378;242;38;4;0;BMW Z4 Convertible 2012;BMW;Convertible;02788.jpg
78;253;1230;809;41;5;4;Bentley Mulsanne Sedan 2011;Bentley;Sedan;02789.jpg
10;33;250;171;90;12;6;Dodge Dakota Crew Cab 2010;Dodge;Truck;02790.jpg
59;45;414;228;21;3;0;Audi S5 Convertible 2012;Audi;Convertible;02791.jpg
59;101;564;380;54;9;6;Chevrolet Silverado 1500 Hybrid Crew Cab 2012;Chevrolet;Truck;02792.jpg
82;151;1022;681;124;20;6;HUMMER H3T Crew Cab 2010;HUMMER;Truck;02793.jpg
58;59;390;264;49;7;4;Buick Verano Sedan 2012;Buick;Sedan;02794.jpg
102;206;597;407;58;9;5;Chevrolet Traverse SUV 2012;Chevrolet;SUV;02795.jpg
2;32;156;102;18;3;8;Audi 100 Wagon 1994;Audi;Wagon;02796.jpg
84;31;1128;639;12;3;0;Audi RS 4 Convertible 2008;Audi;Convertible;02797.jpg
64;92;683;438;49;7;4;Buick Verano Sedan 2012;Buick;Sedan;02798.jpg
57;19;331;190;157;30;0;MINI Cooper Roadster Convertible 2012;MINI Cooper;Convertible;02799.jpg
5;260;1022;767;23;3;4;Audi S4 Sedan 2012;Audi;Sedan;02800.jpg
34;73;394;292;49;7;4;Buick Verano Sedan 2012;Buick;Sedan;02801.jpg
21;93;419;297;179;42;0;Spyker C8 Convertible 2009;Spyker;Convertible;02802.jpg
57;158;500;349;150;27;1;Lamborghini Reventon Coupe 2008;Lamborghini;Coupe;02803.jpg
56;160;476;343;61;9;4;Chevrolet Impala Sedan 2007;Chevrolet;Sedan;02804.jpg
34;99;603;394;113;17;6;Ford F-150 Regular Cab 2012;Ford;Truck;02805.jpg
66;306;951;667;153;27;1;Lamborghini Diablo Coupe 2001;Lamborghini;Coupe;02806.jpg
59;158;976;671;184;43;4;Suzuki SX4 Sedan 2012;Suzuki;Sedan;02807.jpg
39;113;627;363;75;9;6;Chevrolet Silverado 1500 Regular Cab 2012;Chevrolet;Truck;02808.jpg
77;71;386;237;36;4;0;BMW M6 Convertible 2010;BMW;Convertible;02809.jpg
11;57;603;386;115;17;4;Ford Focus Sedan 2007;Ford;Sedan;02810.jpg
78;96;509;330;52;8;5;Cadillac SRX SUV 2012;Cadillac;SUV;02811.jpg
5;17;316;175;177;40;4;Rolls-Royce Phantom Sedan 2012;Rolls-Royce;Sedan;02812.jpg
473;299;1172;740;31;4;0;BMW 6 Series Convertible 2007;BMW;Convertible;02813.jpg
133;219;1547;962;168;36;2;Nissan Leaf Hatchback 2012;Nissan;Hatchback;02814.jpg
72;16;415;286;174;39;3;Ram C/V Cargo Van Minivan 2012;Ram;Minivan;02815.jpg
538;181;1783;988;170;36;2;Nissan Juke Hatchback 2012;Nissan;Hatchback;02816.jpg
48;30;179;112;157;30;0;MINI Cooper Roadster Convertible 2012;MINI Cooper;Convertible;02817.jpg
32;41;614;440;119;18;7;GMC Savana Van 2012;GMC;Van;02818.jpg
67;138;491;348;146;26;5;Jeep Wrangler SUV 2012;Jeep;SUV;02819.jpg
620;431;2899;1909;103;15;0;Ferrari 458 Italia Convertible 2012;Ferrari;Convertible;02820.jpg
33;32;1079;696;58;9;5;Chevrolet Traverse SUV 2012;Chevrolet;SUV;02821.jpg
10;4;797;431;178;41;2;Scion xD Hatchback 2012;Scion;Hatchback;02822.jpg
90;18;480;316;40;5;4;Bentley Arnage Sedan 2009;Bentley;Sedan;02823.jpg
35;172;760;489;46;6;1;Bugatti Veyron 16.4 Coupe 2009;Bugatti;Coupe;02824.jpg
106;60;431;303;93;12;1;Dodge Challenger SRT8 2011;Dodge;Coupe;02825.jpg
41;110;1005;637;167;35;4;Mitsubishi Lancer Sedan 2012;Mitsubishi;Sedan;02826.jpg
119;319;1176;826;164;34;4;Mercedes-Benz E-Class Sedan 2012;Mercedes-Benz;Sedan;02827.jpg
263;25;890;679;100;14;0;FIAT 500 Convertible 2012;FIAT;Convertible;02828.jpg
33;20;292;200;95;12;5;Dodge Durango SUV 2007;Dodge;SUV;02829.jpg
23;54;237;171;113;17;6;Ford F-150 Regular Cab 2012;Ford;Truck;02830.jpg
208;166;708;571;98;13;2;Eagle Talon Hatchback 1998;Eagle;Hatchback;02831.jpg
33;115;576;346;3;1;4;Acura TL Sedan 2012;Acura;Sedan;02832.jpg
53;302;963;619;164;34;4;Mercedes-Benz E-Class Sedan 2012;Mercedes-Benz;Sedan;02833.jpg
331;352;1327;1102;117;17;4;Ford Fiesta Sedan 2012;Ford;Sedan;02834.jpg
26;59;473;306;26;4;4;BMW ActiveHybrid 5 Sedan 2012;BMW;Sedan;02835.jpg
28;236;872;590;56;9;1;Chevrolet Corvette ZR1 2012;Chevrolet;Coupe;02836.jpg
7;26;250;122;138;22;4;Hyundai Sonata Sedan 2012;Hyundai;Sedan;02837.jpg
100;322;1597;1123;98;13;2;Eagle Talon Hatchback 1998;Eagle;Hatchback;02838.jpg
304;412;1438;1033;163;34;1;Mercedes-Benz SL-Class Coupe 2009;Mercedes-Benz;Coupe;02839.jpg
7;155;1013;535;74;9;6;Chevrolet Silverado 1500 Extended Cab 2012;Chevrolet;Truck;02840.jpg
157;226;1909;1078;170;36;2;Nissan Juke Hatchback 2012;Nissan;Hatchback;02841.jpg
69;99;760;516;75;9;6;Chevrolet Silverado 1500 Regular Cab 2012;Chevrolet;Truck;02842.jpg
34;53;270;139;5;1;4;Acura TSX Sedan 2012;Acura;Sedan;02843.jpg
40;45;438;338;196;48;0;smart fortwo Convertible 2012;smart;Convertible;02844.jpg
64;142;590;370;44;5;4;Bentley Continental Flying Spur Sedan 2007;Bentley;Sedan;02845.jpg
54;18;200;119;113;17;6;Ford F-150 Regular Cab 2012;Ford;Truck;02846.jpg
30;34;392;300;188;45;4;Toyota Corolla Sedan 2012;Toyota;Sedan;02847.jpg
51;73;570;426;1;0;5;AM General Hummer SUV 2000;AM;SUV;02848.jpg
70;222;957;519;79;10;4;Chrysler 300 SRT-8 2010;Chrysler;Sedan;02849.jpg
97;153;392;271;33;4;5;BMW X6 SUV 2012;BMW;SUV;02850.jpg
212;278;730;450;51;8;4;Cadillac CTS-V Sedan 2012;Cadillac;Sedan;02851.jpg
4;69;300;214;165;34;4;Mercedes-Benz S-Class Sedan 2012;Mercedes-Benz;Sedan;02852.jpg
135;195;915;729;89;12;5;Dodge Journey SUV 2012;Dodge;SUV;02853.jpg
26;26;494;286;68;9;0;Chevrolet TrailBlazer SS 2009;Chevrolet;Convertible;02854.jpg
7;58;526;323;78;10;3;Chrysler Town and Country Minivan 2012;Chrysler;Minivan;02855.jpg
20;152;761;505;81;10;0;Chrysler PT Cruiser Convertible 2008;Chrysler;Convertible;02856.jpg
7;53;394;268;107;17;0;Ford Mustang Convertible 2007;Ford;Convertible;02857.jpg
80;198;940;583;186;45;5;Toyota Sequoia SUV 2012;Toyota;SUV;02858.jpg
2;57;625;391;74;9;6;Chevrolet Silverado 1500 Extended Cab 2012;Chevrolet;Truck;02859.jpg
23;9;698;236;192;46;2;Volkswagen Beetle Hatchback 2012;Volkswagen;Hatchback;02860.jpg
58;120;462;278;102;15;0;Ferrari California Convertible 2012;Ferrari;Convertible;02861.jpg
122;78;537;383;64;9;7;Chevrolet Express Cargo Van 2007;Chevrolet;Van;02862.jpg
13;203;1015;746;108;17;3;Ford Freestar Minivan 2007;Ford;Minivan;02863.jpg
99;204;1252;746;170;36;2;Nissan Juke Hatchback 2012;Nissan;Hatchback;02864.jpg
85;170;1967;1145;72;9;1;Chevrolet Monte Carlo Coupe 2007;Chevrolet;Coupe;02865.jpg
18;5;122;82;196;48;0;smart fortwo Convertible 2012;smart;Convertible;02866.jpg
15;90;592;300;158;31;0;Maybach Landaulet Convertible 2012;Maybach;Convertible;02867.jpg
115;104;783;349;43;5;1;Bentley Continental GT Coupe 2007;Bentley;Coupe;02868.jpg
2;53;446;203;98;13;2;Eagle Talon Hatchback 1998;Eagle;Hatchback;02869.jpg
20;56;625;411;194;47;4;Volvo 240 Sedan 1993;Volvo;Sedan;02870.jpg
95;174;978;548;75;9;6;Chevrolet Silverado 1500 Regular Cab 2012;Chevrolet;Truck;02871.jpg
217;236;542;358;148;26;5;Jeep Grand Cherokee SUV 2012;Jeep;SUV;02872.jpg
187;264;1136;720;12;3;0;Audi RS 4 Convertible 2008;Audi;Convertible;02873.jpg
109;155;1971;1387;30;4;8;BMW 3 Series Wagon 2012;BMW;Wagon;02874.jpg
197;223;880;442;144;25;1;Jaguar XK XKR 2012;Jaguar;Coupe;02875.jpg
54;61;558;278;73;9;4;Chevrolet Malibu Sedan 2007;Chevrolet;Sedan;02876.jpg
12;100;423;264;91;12;6;Dodge Dakota Club Cab 2007;Dodge;Truck;02877.jpg
216;128;1400;974;119;18;7;GMC Savana Van 2012;GMC;Van;02878.jpg
47;69;218;171;76;10;5;Chrysler Aspen SUV 2009;Chrysler;SUV;02879.jpg
4;4;270;160;116;17;7;Ford E-Series Wagon Van 2012;Ford;Van;02880.jpg
28;8;245;171;76;10;5;Chrysler Aspen SUV 2009;Chrysler;SUV;02881.jpg
45;160;731;725;63;9;4;Chevrolet Sonic Sedan 2012;Chevrolet;Sedan;02882.jpg
52;73;455;287;62;9;5;Chevrolet Tahoe Hybrid SUV 2012;Chevrolet;SUV;02883.jpg
233;98;678;368;72;9;1;Chevrolet Monte Carlo Coupe 2007;Chevrolet;Coupe;02884.jpg
207;313;1433;969;12;3;0;Audi RS 4 Convertible 2008;Audi;Convertible;02885.jpg
25;67;557;370;148;26;5;Jeep Grand Cherokee SUV 2012;Jeep;SUV;02886.jpg
52;493;1573;1039;17;3;4;Audi 100 Sedan 1994;Audi;Sedan;02887.jpg
46;46;193;160;135;22;4;Hyundai Elantra Sedan 2007;Hyundai;Sedan;02888.jpg
68;96;549;380;46;6;1;Bugatti Veyron 16.4 Coupe 2009;Bugatti;Coupe;02889.jpg
23;4;641;339;168;36;2;Nissan Leaf Hatchback 2012;Nissan;Hatchback;02890.jpg
23;132;620;396;57;9;1;Chevrolet Corvette Ron Fellows Edition Z06 2007;Chevrolet;Coupe;02891.jpg
29;78;534;415;43;5;1;Bentley Continental GT Coupe 2007;Bentley;Coupe;02892.jpg
32;133;984;610;86;12;6;Dodge Ram Pickup 3500 Crew Cab 2010;Dodge;Truck;02893.jpg
25;68;277;144;141;23;1;Infiniti G Coupe IPL 2012;Infiniti;Coupe;02894.jpg
80;36;426;282;130;22;2;Hyundai Veloster Hatchback 2012;Hyundai;Hatchback;02895.jpg
25;98;591;353;14;3;1;Audi TTS Coupe 2012;Audi;Coupe;02896.jpg
57;35;222;144;5;1;4;Acura TSX Sedan 2012;Acura;Sedan;02897.jpg
26;158;1007;708;77;10;0;Chrysler Sebring Convertible 2010;Chrysler;Convertible;02898.jpg
100;20;474;216;13;3;1;Audi A5 Coupe 2012;Audi;Coupe;02899.jpg
9;151;474;300;16;3;4;Audi V8 Sedan 1994;Audi;Sedan;02900.jpg
20;81;1012;638;37;4;5;BMW X3 SUV 2012;BMW;SUV;02901.jpg
16;28;305;224;157;30;0;MINI Cooper Roadster Convertible 2012;MINI Cooper;Convertible;02902.jpg
16;23;776;535;75;9;6;Chevrolet Silverado 1500 Regular Cab 2012;Chevrolet;Truck;02903.jpg
7;70;507;251;180;42;1;Spyker C8 Coupe 2009;Spyker;Coupe;02904.jpg
7;345;982;740;63;9;4;Chevrolet Sonic Sedan 2012;Chevrolet;Sedan;02905.jpg
54;77;603;385;49;7;4;Buick Verano Sedan 2012;Buick;Sedan;02906.jpg
23;81;535;339;144;25;1;Jaguar XK XKR 2012;Jaguar;Coupe;02907.jpg
14;199;625;398;128;21;1;Honda Accord Coupe 2012;Honda;Coupe;02908.jpg
231;85;1712;1026;61;9;4;Chevrolet Impala Sedan 2007;Chevrolet;Sedan;02909.jpg
38;35;250;145;56;9;1;Chevrolet Corvette ZR1 2012;Chevrolet;Coupe;02910.jpg
64;240;1508;943;6;1;4;Acura Integra Type R 2001;Acura;Sedan;02911.jpg
12;37;264;167;74;9;6;Chevrolet Silverado 1500 Extended Cab 2012;Chevrolet;Truck;02912.jpg
13;46;488;295;4;1;4;Acura TL Type-S 2008;Acura;Sedan;02913.jpg
26;50;228;145;162;34;4;Mercedes-Benz C-Class Sedan 2012;Mercedes-Benz;Sedan;02914.jpg
91;11;334;258;180;42;1;Spyker C8 Coupe 2009;Spyker;Coupe;02915.jpg
62;104;512;263;174;39;3;Ram C/V Cargo Van Minivan 2012;Ram;Minivan;02916.jpg
37;32;562;376;98;13;2;Eagle Talon Hatchback 1998;Eagle;Hatchback;02917.jpg
15;74;439;289;36;4;0;BMW M6 Convertible 2010;BMW;Convertible;02918.jpg
42;96;612;353;6;1;4;Acura Integra Type R 2001;Acura;Sedan;02919.jpg
241;192;542;357;124;20;6;HUMMER H3T Crew Cab 2010;HUMMER;Truck;02920.jpg
93;44;488;207;11;2;1;Aston Martin Virage Coupe 2012;Aston;Coupe;02921.jpg
17;75;481;279;179;42;0;Spyker C8 Convertible 2009;Spyker;Convertible;02922.jpg
295;87;756;429;101;15;1;Ferrari FF Coupe 2012;Ferrari;Coupe;02923.jpg
15;330;1268;716;173;38;4;Porsche Panamera Sedan 2012;Porsche;Sedan;02924.jpg
56;30;984;494;150;27;1;Lamborghini Reventon Coupe 2008;Lamborghini;Coupe;02925.jpg
72;186;772;510;125;20;6;HUMMER H2 SUT Crew Cab 2009;HUMMER;Truck;02926.jpg
3;22;253;173;72;9;1;Chevrolet Monte Carlo Coupe 2007;Chevrolet;Coupe;02927.jpg
62;114;579;327;59;9;0;Chevrolet Camaro Convertible 2012;Chevrolet;Convertible;02928.jpg
24;45;260;189;83;12;8;Dodge Caliber Wagon 2012;Dodge;Wagon;02929.jpg
61;101;1013;673;148;26;5;Jeep Grand Cherokee SUV 2012;Jeep;SUV;02930.jpg
107;111;838;545;178;41;2;Scion xD Hatchback 2012;Scion;Hatchback;02931.jpg
90;1;799;526;189;45;5;Toyota 4Runner SUV 2012;Toyota;SUV;02932.jpg
29;89;398;275;77;10;0;Chrysler Sebring Convertible 2010;Chrysler;Convertible;02933.jpg
57;192;921;618;75;9;6;Chevrolet Silverado 1500 Regular Cab 2012;Chevrolet;Truck;02934.jpg
17;67;631;387;95;12;5;Dodge Durango SUV 2007;Dodge;SUV;02935.jpg
37;23;367;194;38;4;0;BMW Z4 Convertible 2012;BMW;Convertible;02936.jpg
2;195;459;478;178;41;2;Scion xD Hatchback 2012;Scion;Hatchback;02937.jpg
87;104;668;423;86;12;6;Dodge Ram Pickup 3500 Crew Cab 2010;Dodge;Truck;02938.jpg
55;228;2021;1165;72;9;1;Chevrolet Monte Carlo Coupe 2007;Chevrolet;Coupe;02939.jpg
9;132;1979;1533;145;26;5;Jeep Patriot SUV 2012;Jeep;SUV;02940.jpg
55;117;419;276;66;9;4;Chevrolet Cobalt SS 2010;Chevrolet;Sedan;02941.jpg
72;1;569;420;58;9;5;Chevrolet Traverse SUV 2012;Chevrolet;SUV;02942.jpg
24;70;601;345;140;22;4;Hyundai Azera Sedan 2012;Hyundai;Sedan;02943.jpg
123;207;947;543;129;21;4;Honda Accord Sedan 2012;Honda;Sedan;02944.jpg
12;54;246;181;54;9;6;Chevrolet Silverado 1500 Hybrid Crew Cab 2012;Chevrolet;Truck;02945.jpg
126;441;1969;1079;75;9;6;Chevrolet Silverado 1500 Regular Cab 2012;Chevrolet;Truck;02946.jpg
146;274;1153;775;66;9;4;Chevrolet Cobalt SS 2010;Chevrolet;Sedan;02947.jpg
98;133;333;250;14;3;1;Audi TTS Coupe 2012;Audi;Coupe;02948.jpg
68;178;984;592;184;43;4;Suzuki SX4 Sedan 2012;Suzuki;Sedan;02949.jpg
29;82;631;472;145;26;5;Jeep Patriot SUV 2012;Jeep;SUV;02950.jpg
262;277;1399;1024;135;22;4;Hyundai Elantra Sedan 2007;Hyundai;Sedan;02951.jpg
31;72;670;426;184;43;4;Suzuki SX4 Sedan 2012;Suzuki;Sedan;02952.jpg
42;42;431;250;99;14;2;FIAT 500 Abarth 2012;FIAT;Hatchback;02953.jpg
30;78;498;375;159;32;5;Mazda Tribute SUV 2011;Mazda;SUV;02954.jpg
187;9;688;713;151;27;1;Lamborghini Aventador Coupe 2012;Lamborghini;Coupe;02955.jpg
10;28;434;370;85;12;3;Dodge Caravan Minivan 1997;Dodge;Minivan;02956.jpg
10;102;243;188;188;45;4;Toyota Corolla Sedan 2012;Toyota;Sedan;02957.jpg
29;54;615;420;20;3;4;Audi S6 Sedan 2011;Audi;Sedan;02958.jpg
9;12;413;265;190;46;2;Volkswagen Golf Hatchback 2012;Volkswagen;Hatchback;02959.jpg
18;53;483;299;154;28;5;Land Rover Range Rover SUV 2012;Land Rover;SUV;02960.jpg
103;99;894;679;196;48;0;smart fortwo Convertible 2012;smart;Convertible;02961.jpg
34;45;243;163;125;20;6;HUMMER H2 SUT Crew Cab 2009;HUMMER;Truck;02962.jpg
295;235;1747;1140;89;12;5;Dodge Journey SUV 2012;Dodge;SUV;02963.jpg
76;52;530;373;160;33;1;McLaren MP4-12C Coupe 2012;McLaren;Coupe;02964.jpg
58;1;1561;1195;133;22;5;Hyundai Veracruz SUV 2012;Hyundai;SUV;02965.jpg
39;35;251;173;106;17;6;Ford F-450 Super Duty Crew Cab 2012;Ford;Truck;02966.jpg
56;153;578;386;43;5;1;Bentley Continental GT Coupe 2007;Bentley;Coupe;02967.jpg
62;377;1220;838;173;38;4;Porsche Panamera Sedan 2012;Porsche;Sedan;02968.jpg
3;37;191;174;51;8;4;Cadillac CTS-V Sedan 2012;Cadillac;Sedan;02969.jpg
10;36;219;155;46;6;1;Bugatti Veyron 16.4 Coupe 2009;Bugatti;Coupe;02970.jpg
5;18;228;175;48;7;5;Buick Rainier SUV 2007;Buick;SUV;02971.jpg
31;41;178;97;105;16;4;Fisker Karma Sedan 2012;Fisker;Sedan;02972.jpg
67;46;556;393;173;38;4;Porsche Panamera Sedan 2012;Porsche;Sedan;02973.jpg
8;9;768;450;20;3;4;Audi S6 Sedan 2011;Audi;Sedan;02974.jpg
130;150;1145;699;33;4;5;BMW X6 SUV 2012;BMW;SUV;02975.jpg
26;26;237;164;70;9;6;Chevrolet Silverado 1500 Classic Extended Cab 2007;Chevrolet;Truck;02976.jpg
39;135;512;346;110;17;5;Ford Edge SUV 2012;Ford;SUV;02977.jpg
73;69;552;393;129;21;4;Honda Accord Sedan 2012;Honda;Sedan;02978.jpg
83;83;604;394;163;34;1;Mercedes-Benz SL-Class Coupe 2009;Mercedes-Benz;Coupe;02979.jpg
23;36;639;421;162;34;4;Mercedes-Benz C-Class Sedan 2012;Mercedes-Benz;Sedan;02980.jpg
80;137;944;646;81;10;0;Chrysler PT Cruiser Convertible 2008;Chrysler;Convertible;02981.jpg
54;42;594;443;172;37;1;Plymouth Neon Coupe 1999;Plymouth;Coupe;02982.jpg
25;84;612;431;169;36;7;Nissan NV Passenger Van 2012;Nissan;Van;02983.jpg
39;193;560;433;126;21;3;Honda Odyssey Minivan 2012;Honda;Minivan;02984.jpg
20;19;492;318;109;17;5;Ford Expedition EL SUV 2009;Ford;SUV;02985.jpg
219;37;771;354;129;21;4;Honda Accord Sedan 2012;Honda;Sedan;02986.jpg
3;5;300;134;181;43;4;Suzuki Aerio Sedan 2007;Suzuki;Sedan;02987.jpg
34;287;568;584;47;7;4;Buick Regal GS 2012;Buick;Sedan;02988.jpg
585;349;1517;1137;193;47;2;Volvo C30 Hatchback 2012;Volvo;Hatchback;02989.jpg
26;117;562;288;61;9;4;Chevrolet Impala Sedan 2007;Chevrolet;Sedan;02990.jpg
8;34;182;102;83;12;8;Dodge Caliber Wagon 2012;Dodge;Wagon;02991.jpg
32;103;485;288;30;4;8;BMW 3 Series Wagon 2012;BMW;Wagon;02992.jpg
55;163;1573;931;8;2;0;Aston Martin V8 Vantage Convertible 2012;Aston;Convertible;02993.jpg
25;124;772;463;56;9;1;Chevrolet Corvette ZR1 2012;Chevrolet;Coupe;02994.jpg
29;32;585;379;182;43;4;Suzuki Kizashi Sedan 2012;Suzuki;Sedan;02995.jpg
174;271;3826;2919;149;26;5;Jeep Compass SUV 2012;Jeep;SUV;02996.jpg
226;97;1378;848;192;46;2;Volkswagen Beetle Hatchback 2012;Volkswagen;Hatchback;02997.jpg
6;19;160;106;123;19;0;Geo Metro Convertible 1993;Geo;Convertible;02998.jpg
28;28;287;140;33;4;5;BMW X6 SUV 2012;BMW;SUV;02999.jpg
25;11;266;165;91;12;6;Dodge Dakota Club Cab 2007;Dodge;Truck;03000.jpg
5;1;131;86;161;34;0;Mercedes-Benz 300-Class Convertible 1993;Mercedes-Benz;Convertible;03001.jpg
61;388;1489;1114;179;42;0;Spyker C8 Convertible 2009;Spyker;Convertible;03002.jpg
10;246;788;581;191;46;2;Volkswagen Golf Hatchback 1991;Volkswagen;Hatchback;03003.jpg
57;120;577;376;178;41;2;Scion xD Hatchback 2012;Scion;Hatchback;03004.jpg
5;78;257;169;161;34;0;Mercedes-Benz 300-Class Convertible 1993;Mercedes-Benz;Convertible;03005.jpg
56;77;515;353;59;9;0;Chevrolet Camaro Convertible 2012;Chevrolet;Convertible;03006.jpg
7;6;292;202;48;7;5;Buick Rainier SUV 2007;Buick;SUV;03007.jpg
13;235;2021;1253;1;0;5;AM General Hummer SUV 2000;AM;SUV;03008.jpg
13;97;1576;952;9;2;1;Aston Martin V8 Vantage Coupe 2012;Aston;Coupe;03009.jpg
22;151;467;320;30;4;8;BMW 3 Series Wagon 2012;BMW;Wagon;03010.jpg
104;183;842;608;2;1;4;Acura RL Sedan 2012;Acura;Sedan;03011.jpg
31;72;660;434;83;12;8;Dodge Caliber Wagon 2012;Dodge;Wagon;03012.jpg
108;50;896;321;105;16;4;Fisker Karma Sedan 2012;Fisker;Sedan;03013.jpg
50;254;700;491;36;4;0;BMW M6 Convertible 2010;BMW;Convertible;03014.jpg
7;97;313;187;16;3;4;Audi V8 Sedan 1994;Audi;Sedan;03015.jpg
44;179;685;475;157;30;0;MINI Cooper Roadster Convertible 2012;MINI Cooper;Convertible;03016.jpg
32;118;988;709;95;12;5;Dodge Durango SUV 2007;Dodge;SUV;03017.jpg
43;110;559;452;117;17;4;Ford Fiesta Sedan 2012;Ford;Sedan;03018.jpg
123;103;392;251;25;3;1;Audi TT RS Coupe 2012;Audi;Coupe;03019.jpg
18;89;253;168;74;9;6;Chevrolet Silverado 1500 Extended Cab 2012;Chevrolet;Truck;03020.jpg
83;81;644;420;139;22;2;Hyundai Elantra Touring Hatchback 2012;Hyundai;Hatchback;03021.jpg
16;17;485;248;37;4;5;BMW X3 SUV 2012;BMW;SUV;03022.jpg
25;37;215;138;60;9;8;Chevrolet HHR SS 2010;Chevrolet;Wagon;03023.jpg
65;41;546;452;166;34;7;Mercedes-Benz Sprinter Van 2012;Mercedes-Benz;Van;03024.jpg
36;49;387;252;20;3;4;Audi S6 Sedan 2011;Audi;Sedan;03025.jpg
37;31;557;306;137;22;4;Hyundai Genesis Sedan 2012;Hyundai;Sedan;03026.jpg
198;95;1224;763;99;14;2;FIAT 500 Abarth 2012;FIAT;Hatchback;03027.jpg
2;56;739;455;72;9;1;Chevrolet Monte Carlo Coupe 2007;Chevrolet;Coupe;03028.jpg
21;109;425;236;107;17;0;Ford Mustang Convertible 2007;Ford;Convertible;03029.jpg
35;12;448;331;3;1;4;Acura TL Sedan 2012;Acura;Sedan;03030.jpg
120;249;494;390;163;34;1;Mercedes-Benz SL-Class Coupe 2009;Mercedes-Benz;Coupe;03031.jpg
17;24;253;174;60;9;8;Chevrolet HHR SS 2010;Chevrolet;Wagon;03032.jpg
100;145;559;422;191;46;2;Volkswagen Golf Hatchback 1991;Volkswagen;Hatchback;03033.jpg
120;84;890;658;77;10;0;Chrysler Sebring Convertible 2010;Chrysler;Convertible;03034.jpg
82;1059;1149;1639;63;9;4;Chevrolet Sonic Sedan 2012;Chevrolet;Sedan;03035.jpg
33;41;613;423;94;12;5;Dodge Durango SUV 2012;Dodge;SUV;03036.jpg
7;3;194;101;156;29;4;Lincoln Town Car Sedan 2011;Lincoln;Sedan;03037.jpg
38;43;607;359;26;4;4;BMW ActiveHybrid 5 Sedan 2012;BMW;Sedan;03038.jpg
92;82;498;336;94;12;5;Dodge Durango SUV 2012;Dodge;SUV;03039.jpg
55;80;608;368;91;12;6;Dodge Dakota Club Cab 2007;Dodge;Truck;03040.jpg
16;69;606;323;186;45;5;Toyota Sequoia SUV 2012;Toyota;SUV;03041.jpg
272;358;1043;949;167;35;4;Mitsubishi Lancer Sedan 2012;Mitsubishi;Sedan;03042.jpg
78;93;400;299;157;30;0;MINI Cooper Roadster Convertible 2012;MINI Cooper;Convertible;03043.jpg
203;222;751;449;183;43;2;Suzuki SX4 Hatchback 2012;Suzuki;Hatchback;03044.jpg
113;71;596;419;148;26;5;Jeep Grand Cherokee SUV 2012;Jeep;SUV;03045.jpg
47;101;432;241;103;15;0;Ferrari 458 Italia Convertible 2012;Ferrari;Convertible;03046.jpg
64;214;648;444;93;12;1;Dodge Challenger SRT8 2011;Dodge;Coupe;03047.jpg
40;27;391;205;60;9;8;Chevrolet HHR SS 2010;Chevrolet;Wagon;03048.jpg
94;21;462;261;176;40;4;Rolls-Royce Ghost Sedan 2012;Rolls-Royce;Sedan;03050.jpg
39;47;452;227;4;1;4;Acura TL Type-S 2008;Acura;Sedan;03051.jpg
139;134;395;257;130;22;2;Hyundai Veloster Hatchback 2012;Hyundai;Hatchback;03052.jpg
214;463;1210;910;112;17;1;Ford GT Coupe 2006;Ford;Coupe;03053.jpg
20;216;562;391;5;1;4;Acura TSX Sedan 2012;Acura;Sedan;03054.jpg
1;26;201;112;14;3;1;Audi TTS Coupe 2012;Audi;Coupe;03055.jpg
92;224;1206;877;88;12;7;Dodge Sprinter Cargo Van 2009;Dodge;Van;03056.jpg
149;126;902;554;19;3;2;Audi TT Hatchback 2011;Audi;Hatchback;03057.jpg
44;38;548;463;98;13;2;Eagle Talon Hatchback 1998;Eagle;Hatchback;03058.jpg
39;78;570;447;195;47;5;Volvo XC90 SUV 2007;Volvo;SUV;03059.jpg
65;41;513;375;60;9;8;Chevrolet HHR SS 2010;Chevrolet;Wagon;03060.jpg
14;45;213;149;114;17;6;Ford F-150 Regular Cab 2007;Ford;Truck;03061.jpg
155;477;1950;1092;69;9;6;Chevrolet Silverado 2500HD Regular Cab 2012;Chevrolet;Truck;03062.jpg
20;86;374;186;156;29;4;Lincoln Town Car Sedan 2011;Lincoln;Sedan;03063.jpg
39;33;261;195;9;2;1;Aston Martin V8 Vantage Coupe 2012;Aston;Coupe;03064.jpg
68;16;450;222;186;45;5;Toyota Sequoia SUV 2012;Toyota;SUV;03065.jpg
41;358;696;654;36;4;0;BMW M6 Convertible 2010;BMW;Convertible;03066.jpg
130;133;710;455;165;34;4;Mercedes-Benz S-Class Sedan 2012;Mercedes-Benz;Sedan;03067.jpg
67;68;635;451;137;22;4;Hyundai Genesis Sedan 2012;Hyundai;Sedan;03068.jpg
38;89;611;403;163;34;1;Mercedes-Benz SL-Class Coupe 2009;Mercedes-Benz;Coupe;03069.jpg
107;115;2370;1355;40;5;4;Bentley Arnage Sedan 2009;Bentley;Sedan;03070.jpg
90;164;957;613;38;4;0;BMW Z4 Convertible 2012;BMW;Convertible;03071.jpg
1;13;255;185;91;12;6;Dodge Dakota Club Cab 2007;Dodge;Truck;03072.jpg
7;129;672;425;92;12;8;Dodge Magnum Wagon 2008;Dodge;Wagon;03073.jpg
16;6;268;178;125;20;6;HUMMER H2 SUT Crew Cab 2009;HUMMER;Truck;03074.jpg
22;298;1537;976;152;27;1;Lamborghini Gallardo LP 570-4 Superleggera 2012;Lamborghini;Coupe;03075.jpg
134;14;1503;996;179;42;0;Spyker C8 Convertible 2009;Spyker;Convertible;03076.jpg
104;178;965;656;193;47;2;Volvo C30 Hatchback 2012;Volvo;Hatchback;03077.jpg
53;32;201;165;90;12;6;Dodge Dakota Crew Cab 2010;Dodge;Truck;03078.jpg
40;164;713;376;171;36;1;Nissan 240SX Coupe 1998;Nissan;Coupe;03079.jpg
327;275;779;481;176;40;4;Rolls-Royce Ghost Sedan 2012;Rolls-Royce;Sedan;03080.jpg
26;37;241;166;5;1;4;Acura TSX Sedan 2012;Acura;Sedan;03081.jpg
75;66;420;274;93;12;1;Dodge Challenger SRT8 2011;Dodge;Coupe;03082.jpg
124;87;435;321;54;9;6;Chevrolet Silverado 1500 Hybrid Crew Cab 2012;Chevrolet;Truck;03083.jpg
3;2;574;429;98;13;2;Eagle Talon Hatchback 1998;Eagle;Hatchback;03084.jpg
66;68;480;249;67;9;4;Chevrolet Malibu Hybrid Sedan 2010;Chevrolet;Sedan;03085.jpg
11;83;441;261;136;22;4;Hyundai Accent Sedan 2012;Hyundai;Sedan;03086.jpg
86;44;547;275;24;3;4;Audi S4 Sedan 2007;Audi;Sedan;03087.jpg
17;41;596;431;171;36;1;Nissan 240SX Coupe 1998;Nissan;Coupe;03088.jpg
236;79;825;588;146;26;5;Jeep Wrangler SUV 2012;Jeep;SUV;03089.jpg
18;31;556;407;186;45;5;Toyota Sequoia SUV 2012;Toyota;SUV;03090.jpg
35;34;419;297;36;4;0;BMW M6 Convertible 2010;BMW;Convertible;03091.jpg
1;250;1597;952;164;34;4;Mercedes-Benz E-Class Sedan 2012;Mercedes-Benz;Sedan;03092.jpg
91;141;1894;1234;154;28;5;Land Rover Range Rover SUV 2012;Land Rover;SUV;03093.jpg
20;18;263;151;54;9;6;Chevrolet Silverado 1500 Hybrid Crew Cab 2012;Chevrolet;Truck;03094.jpg
140;317;1457;840;119;18;7;GMC Savana Van 2012;GMC;Van;03095.jpg
31;111;743;457;97;12;4;Dodge Charger SRT-8 2009;Dodge;Sedan;03096.jpg
19;241;1576;1129;125;20;6;HUMMER H2 SUT Crew Cab 2009;HUMMER;Truck;03097.jpg
36;115;415;294;123;19;0;Geo Metro Convertible 1993;Geo;Convertible;03098.jpg
51;43;577;378;116;17;7;Ford E-Series Wagon Van 2012;Ford;Van;03099.jpg
111;140;408;262;129;21;4;Honda Accord Sedan 2012;Honda;Sedan;03100.jpg
66;68;512;289;10;2;0;Aston Martin Virage Convertible 2012;Aston;Convertible;03101.jpg
14;135;605;445;4;1;4;Acura TL Type-S 2008;Acura;Sedan;03102.jpg
23;46;284;189;23;3;4;Audi S4 Sedan 2012;Audi;Sedan;03103.jpg
105;58;837;370;51;8;4;Cadillac CTS-V Sedan 2012;Cadillac;Sedan;03104.jpg
10;15;276;202;95;12;5;Dodge Durango SUV 2007;Dodge;SUV;03105.jpg
44;92;603;387;77;10;0;Chrysler Sebring Convertible 2010;Chrysler;Convertible;03106.jpg
33;91;468;314;162;34;4;Mercedes-Benz C-Class Sedan 2012;Mercedes-Benz;Sedan;03107.jpg
54;114;359;267;109;17;5;Ford Expedition EL SUV 2009;Ford;SUV;03108.jpg
36;62;267;176;186;45;5;Toyota Sequoia SUV 2012;Toyota;SUV;03109.jpg
151;172;909;627;95;12;5;Dodge Durango SUV 2007;Dodge;SUV;03110.jpg
17;36;778;481;35;4;4;BMW M5 Sedan 2010;BMW;Sedan;03111.jpg
119;186;507;381;168;36;2;Nissan Leaf Hatchback 2012;Nissan;Hatchback;03112.jpg
28;61;409;266;188;45;4;Toyota Corolla Sedan 2012;Toyota;Sedan;03113.jpg
71;28;491;359;193;47;2;Volvo C30 Hatchback 2012;Volvo;Hatchback;03114.jpg
67;31;212;147;38;4;0;BMW Z4 Convertible 2012;BMW;Convertible;03115.jpg
3;89;374;254;148;26;5;Jeep Grand Cherokee SUV 2012;Jeep;SUV;03116.jpg
71;183;432;308;74;9;6;Chevrolet Silverado 1500 Extended Cab 2012;Chevrolet;Truck;03117.jpg
20;19;243;175;111;17;6;Ford Ranger SuperCab 2011;Ford;Truck;03118.jpg
11;51;629;408;24;3;4;Audi S4 Sedan 2007;Audi;Sedan;03119.jpg
11;21;248;172;116;17;7;Ford E-Series Wagon Van 2012;Ford;Van;03120.jpg
9;28;300;213;25;3;1;Audi TT RS Coupe 2012;Audi;Coupe;03121.jpg
37;93;427;298;152;27;1;Lamborghini Gallardo LP 570-4 Superleggera 2012;Lamborghini;Coupe;03122.jpg
24;20;429;278;124;20;6;HUMMER H3T Crew Cab 2010;HUMMER;Truck;03123.jpg
193;209;1347;875;167;35;4;Mitsubishi Lancer Sedan 2012;Mitsubishi;Sedan;03124.jpg
35;64;989;598;170;36;2;Nissan Juke Hatchback 2012;Nissan;Hatchback;03125.jpg
75;143;397;279;142;23;5;Infiniti QX56 SUV 2011;Infiniti;SUV;03126.jpg
25;56;450;316;5;1;4;Acura TSX Sedan 2012;Acura;Sedan;03127.jpg
1;19;500;359;160;33;1;McLaren MP4-12C Coupe 2012;McLaren;Coupe;03128.jpg
65;44;821;340;95;12;5;Dodge Durango SUV 2007;Dodge;SUV;03129.jpg
26;206;1001;517;72;9;1;Chevrolet Monte Carlo Coupe 2007;Chevrolet;Coupe;03130.jpg
21;70;624;435;120;18;5;GMC Yukon Hybrid SUV 2012;GMC;SUV;03131.jpg
45;14;261;191;90;12;6;Dodge Dakota Crew Cab 2010;Dodge;Truck;03132.jpg
14;6;263;173;131;22;5;Hyundai Santa Fe SUV 2012;Hyundai;SUV;03133.jpg
20;74;562;370;121;18;5;GMC Acadia SUV 2012;GMC;SUV;03134.jpg
61;16;393;204;62;9;5;Chevrolet Tahoe Hybrid SUV 2012;Chevrolet;SUV;03135.jpg
45;41;286;141;128;21;1;Honda Accord Coupe 2012;Honda;Coupe;03136.jpg
8;51;342;212;48;7;5;Buick Rainier SUV 2007;Buick;SUV;03138.jpg
173;307;1083;617;15;3;1;Audi R8 Coupe 2012;Audi;Coupe;03139.jpg
125;47;551;393;148;26;5;Jeep Grand Cherokee SUV 2012;Jeep;SUV;03140.jpg
66;123;523;395;191;46;2;Volkswagen Golf Hatchback 1991;Volkswagen;Hatchback;03141.jpg
105;47;961;660;132;22;5;Hyundai Tucson SUV 2012;Hyundai;SUV;03142.jpg
1;28;260;132;118;18;5;GMC Terrain SUV 2012;GMC;SUV;03143.jpg
130;157;938;537;66;9;4;Chevrolet Cobalt SS 2010;Chevrolet;Sedan;03144.jpg
12;60;396;312;111;17;6;Ford Ranger SuperCab 2011;Ford;Truck;03145.jpg
18;57;478;274;110;17;5;Ford Edge SUV 2012;Ford;SUV;03146.jpg
34;48;471;274;130;22;2;Hyundai Veloster Hatchback 2012;Hyundai;Hatchback;03147.jpg
36;129;471;328;181;43;4;Suzuki Aerio Sedan 2007;Suzuki;Sedan;03148.jpg
133;176;2208;1603;44;5;4;Bentley Continental Flying Spur Sedan 2007;Bentley;Sedan;03149.jpg
41;4;259;190;118;18;5;GMC Terrain SUV 2012;GMC;SUV;03150.jpg
160;132;908;559;112;17;1;Ford GT Coupe 2006;Ford;Coupe;03151.jpg
48;41;511;237;3;1;4;Acura TL Sedan 2012;Acura;Sedan;03152.jpg
51;114;433;296;179;42;0;Spyker C8 Convertible 2009;Spyker;Convertible;03153.jpg
71;169;593;447;58;9;5;Chevrolet Traverse SUV 2012;Chevrolet;SUV;03154.jpg
28;154;435;378;120;18;5;GMC Yukon Hybrid SUV 2012;GMC;SUV;03155.jpg
59;71;549;349;62;9;5;Chevrolet Tahoe Hybrid SUV 2012;Chevrolet;SUV;03156.jpg
28;180;988;694;20;3;4;Audi S6 Sedan 2011;Audi;Sedan;03157.jpg
16;147;377;287;71;9;7;Chevrolet Express Van 2007;Chevrolet;Van;03158.jpg
9;3;273;166;100;14;0;FIAT 500 Convertible 2012;FIAT;Convertible;03159.jpg
17;135;589;439;97;12;4;Dodge Charger SRT-8 2009;Dodge;Sedan;03160.jpg
100;360;1172;825;27;4;0;BMW 1 Series Convertible 2012;BMW;Convertible;03162.jpg
62;243;941;610;66;9;4;Chevrolet Cobalt SS 2010;Chevrolet;Sedan;03163.jpg
40;49;281;182;48;7;5;Buick Rainier SUV 2007;Buick;SUV;03164.jpg
30;26;589;373;4;1;4;Acura TL Type-S 2008;Acura;Sedan;03165.jpg
1;87;791;430;122;18;6;GMC Canyon Extended Cab 2012;GMC;Truck;03166.jpg
44;30;412;199;12;3;0;Audi RS 4 Convertible 2008;Audi;Convertible;03167.jpg
72;139;532;331;49;7;4;Buick Verano Sedan 2012;Buick;Sedan;03168.jpg
84;13;562;311;3;1;4;Acura TL Sedan 2012;Acura;Sedan;03169.jpg
31;193;769;520;181;43;4;Suzuki Aerio Sedan 2007;Suzuki;Sedan;03170.jpg
97;101;495;369;86;12;6;Dodge Ram Pickup 3500 Crew Cab 2010;Dodge;Truck;03171.jpg
21;38;579;418;82;11;8;Daewoo Nubira Wagon 2002;Daewoo;Wagon;03172.jpg
50;163;983;552;158;31;0;Maybach Landaulet Convertible 2012;Maybach;Convertible;03173.jpg
213;209;1193;685;36;4;0;BMW M6 Convertible 2010;BMW;Convertible;03174.jpg
46;132;620;386;43;5;1;Bentley Continental GT Coupe 2007;Bentley;Coupe;03175.jpg
25;19;281;142;106;17;6;Ford F-450 Super Duty Crew Cab 2012;Ford;Truck;03176.jpg
105;84;651;472;193;47;2;Volvo C30 Hatchback 2012;Volvo;Hatchback;03177.jpg
1;1;500;214;31;4;0;BMW 6 Series Convertible 2007;BMW;Convertible;03178.jpg
196;113;1563;1118;149;26;5;Jeep Compass SUV 2012;Jeep;SUV;03179.jpg
81;167;1344;984;32;4;5;BMW X5 SUV 2007;BMW;SUV;03180.jpg
28;39;473;324;34;4;1;BMW M3 Coupe 2012;BMW;Coupe;03181.jpg
82;124;739;437;100;14;0;FIAT 500 Convertible 2012;FIAT;Convertible;03182.jpg
68;175;784;492;141;23;1;Infiniti G Coupe IPL 2012;Infiniti;Coupe;03183.jpg
88;158;746;395;11;2;1;Aston Martin Virage Coupe 2012;Aston;Coupe;03184.jpg
673;981;4278;2553;56;9;1;Chevrolet Corvette ZR1 2012;Chevrolet;Coupe;03185.jpg
48;69;573;379;178;41;2;Scion xD Hatchback 2012;Scion;Hatchback;03186.jpg
66;39;576;446;89;12;5;Dodge Journey SUV 2012;Dodge;SUV;03187.jpg
57;1;567;375;193;47;2;Volvo C30 Hatchback 2012;Volvo;Hatchback;03188.jpg
7;46;195;148;121;18;5;GMC Acadia SUV 2012;GMC;SUV;03189.jpg
184;493;1666;1027;165;34;4;Mercedes-Benz S-Class Sedan 2012;Mercedes-Benz;Sedan;03190.jpg
4;7;299;124;5;1;4;Acura TSX Sedan 2012;Acura;Sedan;03191.jpg
328;325;1540;1090;112;17;1;Ford GT Coupe 2006;Ford;Coupe;03192.jpg
26;55;355;223;119;18;7;GMC Savana Van 2012;GMC;Van;03193.jpg
181;253;1501;895;77;10;0;Chrysler Sebring Convertible 2010;Chrysler;Convertible;03194.jpg
33;95;621;383;54;9;6;Chevrolet Silverado 1500 Hybrid Crew Cab 2012;Chevrolet;Truck;03195.jpg
170;93;524;345;100;14;0;FIAT 500 Convertible 2012;FIAT;Convertible;03196.jpg
87;101;284;207;148;26;5;Jeep Grand Cherokee SUV 2012;Jeep;SUV;03197.jpg
34;36;266;182;76;10;5;Chrysler Aspen SUV 2009;Chrysler;SUV;03198.jpg
364;372;953;820;27;4;0;BMW 1 Series Convertible 2012;BMW;Convertible;03199.jpg
590;243;1455;829;168;36;2;Nissan Leaf Hatchback 2012;Nissan;Hatchback;03200.jpg
134;162;502;354;176;40;4;Rolls-Royce Ghost Sedan 2012;Rolls-Royce;Sedan;03201.jpg
38;129;1765;1002;127;21;3;Honda Odyssey Minivan 2007;Honda;Minivan;03202.jpg
51;180;976;627;15;3;1;Audi R8 Coupe 2012;Audi;Coupe;03203.jpg
55;109;957;702;166;34;7;Mercedes-Benz Sprinter Van 2012;Mercedes-Benz;Van;03204.jpg
119;68;445;301;83;12;8;Dodge Caliber Wagon 2012;Dodge;Wagon;03205.jpg
138;45;602;287;23;3;4;Audi S4 Sedan 2012;Audi;Sedan;03206.jpg
13;67;284;154;92;12;8;Dodge Magnum Wagon 2008;Dodge;Wagon;03207.jpg
114;114;682;382;11;2;1;Aston Martin Virage Coupe 2012;Aston;Coupe;03208.jpg
7;131;424;323;155;28;5;Land Rover LR2 SUV 2012;Land Rover;SUV;03209.jpg
40;153;715;444;87;12;6;Dodge Ram Pickup 3500 Quad Cab 2009;Dodge;Truck;03210.jpg
169;199;1405;820;55;9;0;Chevrolet Corvette Convertible 2012;Chevrolet;Convertible;03211.jpg
8;78;231;160;181;43;4;Suzuki Aerio Sedan 2007;Suzuki;Sedan;03212.jpg
79;45;493;316;163;34;1;Mercedes-Benz SL-Class Coupe 2009;Mercedes-Benz;Coupe;03213.jpg
7;12;287;135;30;4;8;BMW 3 Series Wagon 2012;BMW;Wagon;03214.jpg
25;140;537;329;15;3;1;Audi R8 Coupe 2012;Audi;Coupe;03215.jpg
72;1;578;349;73;9;4;Chevrolet Malibu Sedan 2007;Chevrolet;Sedan;03216.jpg
3;152;996;766;61;9;4;Chevrolet Impala Sedan 2007;Chevrolet;Sedan;03217.jpg
75;1;738;470;166;34;7;Mercedes-Benz Sprinter Van 2012;Mercedes-Benz;Van;03218.jpg
148;803;3159;1819;112;17;1;Ford GT Coupe 2006;Ford;Coupe;03219.jpg
31;25;252;167;86;12;6;Dodge Ram Pickup 3500 Crew Cab 2010;Dodge;Truck;03220.jpg
112;13;690;391;13;3;1;Audi A5 Coupe 2012;Audi;Coupe;03221.jpg
4;4;232;147;54;9;6;Chevrolet Silverado 1500 Hybrid Crew Cab 2012;Chevrolet;Truck;03222.jpg
1;1;300;103;111;17;6;Ford Ranger SuperCab 2011;Ford;Truck;03223.jpg
65;478;1514;989;193;47;2;Volvo C30 Hatchback 2012;Volvo;Hatchback;03224.jpg
36;107;986;721;117;17;4;Ford Fiesta Sedan 2012;Ford;Sedan;03225.jpg
37;460;1901;1066;22;3;1;Audi S5 Coupe 2012;Audi;Coupe;03226.jpg
79;13;575;290;194;47;4;Volvo 240 Sedan 1993;Volvo;Sedan;03227.jpg
22;8;607;434;94;12;5;Dodge Durango SUV 2012;Dodge;SUV;03228.jpg
84;89;564;435;117;17;4;Ford Fiesta Sedan 2012;Ford;Sedan;03229.jpg
36;122;3433;1518;167;35;4;Mitsubishi Lancer Sedan 2012;Mitsubishi;Sedan;03230.jpg
61;169;518;343;72;9;1;Chevrolet Monte Carlo Coupe 2007;Chevrolet;Coupe;03231.jpg
90;42;340;265;109;17;5;Ford Expedition EL SUV 2009;Ford;SUV;03232.jpg
7;14;294;174;13;3;1;Audi A5 Coupe 2012;Audi;Coupe;03233.jpg
44;24;322;228;82;11;8;Daewoo Nubira Wagon 2002;Daewoo;Wagon;03234.jpg
28;26;394;244;150;27;1;Lamborghini Reventon Coupe 2008;Lamborghini;Coupe;03235.jpg
70;15;886;571;60;9;8;Chevrolet HHR SS 2010;Chevrolet;Wagon;03236.jpg
57;30;587;455;33;4;5;BMW X6 SUV 2012;BMW;SUV;03237.jpg
39;144;766;532;9;2;1;Aston Martin V8 Vantage Coupe 2012;Aston;Coupe;03239.jpg
3;7;257;101;106;17;6;Ford F-450 Super Duty Crew Cab 2012;Ford;Truck;03240.jpg
45;79;795;507;4;1;4;Acura TL Type-S 2008;Acura;Sedan;03241.jpg
65;60;439;268;66;9;4;Chevrolet Cobalt SS 2010;Chevrolet;Sedan;03242.jpg
51;71;588;375;4;1;4;Acura TL Type-S 2008;Acura;Sedan;03243.jpg
157;138;731;596;32;4;5;BMW X5 SUV 2007;BMW;SUV;03244.jpg
11;53;1001;702;43;5;1;Bentley Continental GT Coupe 2007;Bentley;Coupe;03245.jpg
10;199;492;505;110;17;5;Ford Edge SUV 2012;Ford;SUV;03246.jpg
95;130;988;685;125;20;6;HUMMER H2 SUT Crew Cab 2009;HUMMER;Truck;03247.jpg
92;64;256;158;177;40;4;Rolls-Royce Phantom Sedan 2012;Rolls-Royce;Sedan;03248.jpg
37;104;382;268;81;10;0;Chrysler PT Cruiser Convertible 2008;Chrysler;Convertible;03249.jpg
366;163;602;301;176;40;4;Rolls-Royce Ghost Sedan 2012;Rolls-Royce;Sedan;03250.jpg
69;174;444;338;66;9;4;Chevrolet Cobalt SS 2010;Chevrolet;Sedan;03251.jpg
15;116;445;365;85;12;3;Dodge Caravan Minivan 1997;Dodge;Minivan;03252.jpg
11;23;248;172;17;3;4;Audi 100 Sedan 1994;Audi;Sedan;03253.jpg
201;154;447;304;29;4;4;BMW 3 Series Sedan 2012;BMW;Sedan;03254.jpg
154;120;1051;783;149;26;5;Jeep Compass SUV 2012;Jeep;SUV;03255.jpg
383;797;2407;1754;140;22;4;Hyundai Azera Sedan 2012;Hyundai;Sedan;03256.jpg
39;18;522;379;179;42;0;Spyker C8 Convertible 2009;Spyker;Convertible;03257.jpg
83;82;539;374;160;33;1;McLaren MP4-12C Coupe 2012;McLaren;Coupe;03258.jpg
136;181;1133;719;180;42;1;Spyker C8 Coupe 2009;Spyker;Coupe;03259.jpg
35;57;751;472;133;22;5;Hyundai Veracruz SUV 2012;Hyundai;SUV;03260.jpg
4;31;259;146;70;9;6;Chevrolet Silverado 1500 Classic Extended Cab 2007;Chevrolet;Truck;03261.jpg
38;13;178;111;158;31;0;Maybach Landaulet Convertible 2012;Maybach;Convertible;03262.jpg
72;89;568;274;168;36;2;Nissan Leaf Hatchback 2012;Nissan;Hatchback;03263.jpg
163;319;1588;1027;98;13;2;Eagle Talon Hatchback 1998;Eagle;Hatchback;03264.jpg
33;150;619;409;6;1;4;Acura Integra Type R 2001;Acura;Sedan;03265.jpg
36;85;476;246;134;22;4;Hyundai Sonata Hybrid Sedan 2012;Hyundai;Sedan;03266.jpg
16;115;445;269;2;1;4;Acura RL Sedan 2012;Acura;Sedan;03267.jpg
43;128;409;284;84;12;8;Dodge Caliber Wagon 2007;Dodge;Wagon;03268.jpg
35;75;351;212;24;3;4;Audi S4 Sedan 2007;Audi;Sedan;03269.jpg
167;147;478;325;98;13;2;Eagle Talon Hatchback 1998;Eagle;Hatchback;03270.jpg
7;26;392;225;186;45;5;Toyota Sequoia SUV 2012;Toyota;SUV;03271.jpg
203;191;1278;812;98;13;2;Eagle Talon Hatchback 1998;Eagle;Hatchback;03272.jpg
17;70;527;294;40;5;4;Bentley Arnage Sedan 2009;Bentley;Sedan;03273.jpg
37;53;546;315;132;22;5;Hyundai Tucson SUV 2012;Hyundai;SUV;03274.jpg
18;28;422;280;143;24;5;Isuzu Ascender SUV 2008;Isuzu;SUV;03275.jpg
4;14;499;305;196;48;0;smart fortwo Convertible 2012;smart;Convertible;03276.jpg
545;333;1496;977;140;22;4;Hyundai Azera Sedan 2012;Hyundai;Sedan;03277.jpg
210;257;2274;1379;46;6;1;Bugatti Veyron 16.4 Coupe 2009;Bugatti;Coupe;03278.jpg
81;127;1539;1344;132;22;5;Hyundai Tucson SUV 2012;Hyundai;SUV;03279.jpg
31;20;592;352;84;12;8;Dodge Caliber Wagon 2007;Dodge;Wagon;03280.jpg
38;29;615;445;189;45;5;Toyota 4Runner SUV 2012;Toyota;SUV;03281.jpg
50;48;611;453;79;10;4;Chrysler 300 SRT-8 2010;Chrysler;Sedan;03282.jpg
37;65;612;367;15;3;1;Audi R8 Coupe 2012;Audi;Coupe;03283.jpg
52;267;544;526;183;43;2;Suzuki SX4 Hatchback 2012;Suzuki;Hatchback;03284.jpg
80;121;581;329;41;5;4;Bentley Mulsanne Sedan 2011;Bentley;Sedan;03285.jpg
83;67;504;309;166;34;7;Mercedes-Benz Sprinter Van 2012;Mercedes-Benz;Van;03286.jpg
88;1;588;316;48;7;5;Buick Rainier SUV 2007;Buick;SUV;03287.jpg
18;86;571;324;35;4;4;BMW M5 Sedan 2010;BMW;Sedan;03288.jpg
172;227;644;432;14;3;1;Audi TTS Coupe 2012;Audi;Coupe;03289.jpg
30;87;963;629;137;22;4;Hyundai Genesis Sedan 2012;Hyundai;Sedan;03290.jpg
217;151;596;423;56;9;1;Chevrolet Corvette ZR1 2012;Chevrolet;Coupe;03291.jpg
125;39;624;442;132;22;5;Hyundai Tucson SUV 2012;Hyundai;SUV;03292.jpg
23;34;405;243;100;14;0;FIAT 500 Convertible 2012;FIAT;Convertible;03293.jpg
57;17;484;335;34;4;1;BMW M3 Coupe 2012;BMW;Coupe;03294.jpg
1;92;714;575;91;12;6;Dodge Dakota Club Cab 2007;Dodge;Truck;03295.jpg
76;197;730;419;171;36;1;Nissan 240SX Coupe 1998;Nissan;Coupe;03296.jpg
111;260;636;524;160;33;1;McLaren MP4-12C Coupe 2012;McLaren;Coupe;03297.jpg
6;34;298;210;35;4;4;BMW M5 Sedan 2010;BMW;Sedan;03298.jpg
28;37;233;156;41;5;4;Bentley Mulsanne Sedan 2011;Bentley;Sedan;03299.jpg
41;164;619;383;191;46;2;Volkswagen Golf Hatchback 1991;Volkswagen;Hatchback;03300.jpg
1;32;767;688;171;36;1;Nissan 240SX Coupe 1998;Nissan;Coupe;03301.jpg
49;40;565;401;165;34;4;Mercedes-Benz S-Class Sedan 2012;Mercedes-Benz;Sedan;03302.jpg
23;145;603;410;155;28;5;Land Rover LR2 SUV 2012;Land Rover;SUV;03303.jpg
228;140;831;412;63;9;4;Chevrolet Sonic Sedan 2012;Chevrolet;Sedan;03304.jpg
11;24;630;374;87;12;6;Dodge Ram Pickup 3500 Quad Cab 2009;Dodge;Truck;03305.jpg
24;43;398;325;110;17;5;Ford Edge SUV 2012;Ford;SUV;03306.jpg
72;53;317;207;195;47;5;Volvo XC90 SUV 2007;Volvo;SUV;03307.jpg
33;148;598;368;7;1;2;Acura ZDX Hatchback 2012;Acura;Hatchback;03308.jpg
7;151;1015;644;122;18;6;GMC Canyon Extended Cab 2012;GMC;Truck;03309.jpg
30;90;764;540;179;42;0;Spyker C8 Convertible 2009;Spyker;Convertible;03310.jpg
22;142;474;326;8;2;0;Aston Martin V8 Vantage Convertible 2012;Aston;Convertible;03311.jpg
40;183;548;368;111;17;6;Ford Ranger SuperCab 2011;Ford;Truck;03312.jpg
21;55;283;223;13;3;1;Audi A5 Coupe 2012;Audi;Coupe;03313.jpg
12;168;612;347;16;3;4;Audi V8 Sedan 1994;Audi;Sedan;03314.jpg
38;54;593;431;82;11;8;Daewoo Nubira Wagon 2002;Daewoo;Wagon;03315.jpg
300;221;685;418;7;1;2;Acura ZDX Hatchback 2012;Acura;Hatchback;03316.jpg
32;32;438;394;2;1;4;Acura RL Sedan 2012;Acura;Sedan;03317.jpg
102;84;534;440;119;18;7;GMC Savana Van 2012;GMC;Van;03318.jpg
19;35;242;174;125;20;6;HUMMER H2 SUT Crew Cab 2009;HUMMER;Truck;03319.jpg
24;53;241;151;69;9;6;Chevrolet Silverado 2500HD Regular Cab 2012;Chevrolet;Truck;03320.jpg
8;59;498;266;16;3;4;Audi V8 Sedan 1994;Audi;Sedan;03321.jpg
18;16;288;201;127;21;3;Honda Odyssey Minivan 2007;Honda;Minivan;03322.jpg
111;209;934;501;151;27;1;Lamborghini Aventador Coupe 2012;Lamborghini;Coupe;03323.jpg
74;97;648;393;59;9;0;Chevrolet Camaro Convertible 2012;Chevrolet;Convertible;03324.jpg
185;116;920;485;165;34;4;Mercedes-Benz S-Class Sedan 2012;Mercedes-Benz;Sedan;03325.jpg
32;28;730;512;167;35;4;Mitsubishi Lancer Sedan 2012;Mitsubishi;Sedan;03326.jpg
53;142;385;250;36;4;0;BMW M6 Convertible 2010;BMW;Convertible;03327.jpg
46;16;368;300;88;12;7;Dodge Sprinter Cargo Van 2009;Dodge;Van;03328.jpg
13;55;618;435;87;12;6;Dodge Ram Pickup 3500 Quad Cab 2009;Dodge;Truck;03329.jpg
130;277;1267;859;46;6;1;Bugatti Veyron 16.4 Coupe 2009;Bugatti;Coupe;03330.jpg
10;7;964;491;81;10;0;Chrysler PT Cruiser Convertible 2008;Chrysler;Convertible;03331.jpg
1;70;487;320;127;21;3;Honda Odyssey Minivan 2007;Honda;Minivan;03332.jpg
16;37;219;168;177;40;4;Rolls-Royce Phantom Sedan 2012;Rolls-Royce;Sedan;03333.jpg
14;81;615;420;172;37;1;Plymouth Neon Coupe 1999;Plymouth;Coupe;03334.jpg
120;105;528;310;42;5;1;Bentley Continental GT Coupe 2012;Bentley;Coupe;03335.jpg
26;116;433;275;85;12;3;Dodge Caravan Minivan 1997;Dodge;Minivan;03336.jpg
3;1;497;225;186;45;5;Toyota Sequoia SUV 2012;Toyota;SUV;03337.jpg
288;198;1645;874;167;35;4;Mitsubishi Lancer Sedan 2012;Mitsubishi;Sedan;03338.jpg
82;177;969;659;37;4;5;BMW X3 SUV 2012;BMW;SUV;03339.jpg
43;164;997;663;96;12;4;Dodge Charger Sedan 2012;Dodge;Sedan;03340.jpg
13;38;236;192;196;48;0;smart fortwo Convertible 2012;smart;Convertible;03341.jpg
31;99;412;232;51;8;4;Cadillac CTS-V Sedan 2012;Cadillac;Sedan;03342.jpg
57;77;595;379;73;9;4;Chevrolet Malibu Sedan 2007;Chevrolet;Sedan;03343.jpg
24;28;416;289;20;3;4;Audi S6 Sedan 2011;Audi;Sedan;03344.jpg
96;159;427;329;194;47;4;Volvo 240 Sedan 1993;Volvo;Sedan;03345.jpg
34;88;968;640;168;36;2;Nissan Leaf Hatchback 2012;Nissan;Hatchback;03346.jpg
152;115;469;227;38;4;0;BMW Z4 Convertible 2012;BMW;Convertible;03347.jpg
7;30;253;167;121;18;5;GMC Acadia SUV 2012;GMC;SUV;03348.jpg
26;104;632;392;25;3;1;Audi TT RS Coupe 2012;Audi;Coupe;03349.jpg
38;42;263;147;104;15;1;Ferrari 458 Italia Coupe 2012;Ferrari;Coupe;03350.jpg
104;145;1203;765;63;9;4;Chevrolet Sonic Sedan 2012;Chevrolet;Sedan;03351.jpg
40;81;394;227;67;9;4;Chevrolet Malibu Hybrid Sedan 2010;Chevrolet;Sedan;03352.jpg
20;89;444;256;49;7;4;Buick Verano Sedan 2012;Buick;Sedan;03353.jpg
81;68;612;414;155;28;5;Land Rover LR2 SUV 2012;Land Rover;SUV;03354.jpg
10;12;256;175;67;9;4;Chevrolet Malibu Hybrid Sedan 2010;Chevrolet;Sedan;03355.jpg
51;197;937;563;192;46;2;Volkswagen Beetle Hatchback 2012;Volkswagen;Hatchback;03356.jpg
19;14;434;259;179;42;0;Spyker C8 Convertible 2009;Spyker;Convertible;03357.jpg
17;42;469;344;69;9;6;Chevrolet Silverado 2500HD Regular Cab 2012;Chevrolet;Truck;03359.jpg
98;163;747;495;26;4;4;BMW ActiveHybrid 5 Sedan 2012;BMW;Sedan;03360.jpg
32;60;626;410;37;4;5;BMW X3 SUV 2012;BMW;SUV;03361.jpg
75;5;552;353;149;26;5;Jeep Compass SUV 2012;Jeep;SUV;03362.jpg
167;267;763;623;88;12;7;Dodge Sprinter Cargo Van 2009;Dodge;Van;03363.jpg
22;63;441;259;125;20;6;HUMMER H2 SUT Crew Cab 2009;HUMMER;Truck;03364.jpg
40;91;1504;983;123;19;0;Geo Metro Convertible 1993;Geo;Convertible;03365.jpg
70;61;720;537;186;45;5;Toyota Sequoia SUV 2012;Toyota;SUV;03366.jpg
32;125;762;503;20;3;4;Audi S6 Sedan 2011;Audi;Sedan;03367.jpg
25;42;552;326;177;40;4;Rolls-Royce Phantom Sedan 2012;Rolls-Royce;Sedan;03368.jpg
154;313;963;623;157;30;0;MINI Cooper Roadster Convertible 2012;MINI Cooper;Convertible;03369.jpg
187;235;934;604;31;4;0;BMW 6 Series Convertible 2007;BMW;Convertible;03370.jpg
5;115;545;338;76;10;5;Chrysler Aspen SUV 2009;Chrysler;SUV;03371.jpg
13;80;288;178;47;7;4;Buick Regal GS 2012;Buick;Sedan;03372.jpg
26;56;389;248;77;10;0;Chrysler Sebring Convertible 2010;Chrysler;Convertible;03373.jpg
56;99;392;239;162;34;4;Mercedes-Benz C-Class Sedan 2012;Mercedes-Benz;Sedan;03374.jpg
147;38;897;696;121;18;5;GMC Acadia SUV 2012;GMC;SUV;03375.jpg
14;39;278;206;51;8;4;Cadillac CTS-V Sedan 2012;Cadillac;Sedan;03376.jpg
18;102;630;433;71;9;7;Chevrolet Express Van 2007;Chevrolet;Van;03377.jpg
7;50;256;145;109;17;5;Ford Expedition EL SUV 2009;Ford;SUV;03378.jpg
67;227;1005;746;8;2;0;Aston Martin V8 Vantage Convertible 2012;Aston;Convertible;03379.jpg
20;17;251;179;108;17;3;Ford Freestar Minivan 2007;Ford;Minivan;03380.jpg
78;111;589;392;155;28;5;Land Rover LR2 SUV 2012;Land Rover;SUV;03381.jpg
297;346;995;584;192;46;2;Volkswagen Beetle Hatchback 2012;Volkswagen;Hatchback;03382.jpg
15;44;245;184;19;3;2;Audi TT Hatchback 2011;Audi;Hatchback;03383.jpg
17;93;233;231;85;12;3;Dodge Caravan Minivan 1997;Dodge;Minivan;03384.jpg
3;2;495;228;186;45;5;Toyota Sequoia SUV 2012;Toyota;SUV;03385.jpg
25;10;584;404;101;15;1;Ferrari FF Coupe 2012;Ferrari;Coupe;03386.jpg
29;55;233;142;92;12;8;Dodge Magnum Wagon 2008;Dodge;Wagon;03387.jpg
70;85;955;681;137;22;4;Hyundai Genesis Sedan 2012;Hyundai;Sedan;03388.jpg
17;11;240;160;109;17;5;Ford Expedition EL SUV 2009;Ford;SUV;03389.jpg
21;198;629;441;10;2;0;Aston Martin Virage Convertible 2012;Aston;Convertible;03390.jpg
139;76;358;216;93;12;1;Dodge Challenger SRT8 2011;Dodge;Coupe;03391.jpg
35;346;1237;736;164;34;4;Mercedes-Benz E-Class Sedan 2012;Mercedes-Benz;Sedan;03392.jpg
125;645;1845;1421;1;0;5;AM General Hummer SUV 2000;AM;SUV;03393.jpg
20;321;1003;621;164;34;4;Mercedes-Benz E-Class Sedan 2012;Mercedes-Benz;Sedan;03394.jpg
279;258;1390;886;93;12;1;Dodge Challenger SRT8 2011;Dodge;Coupe;03395.jpg
53;130;471;304;165;34;4;Mercedes-Benz S-Class Sedan 2012;Mercedes-Benz;Sedan;03396.jpg
24;110;618;369;96;12;4;Dodge Charger Sedan 2012;Dodge;Sedan;03397.jpg
102;117;524;328;103;15;0;Ferrari 458 Italia Convertible 2012;Ferrari;Convertible;03398.jpg
140;61;482;283;35;4;4;BMW M5 Sedan 2010;BMW;Sedan;03399.jpg
71;111;558;356;134;22;4;Hyundai Sonata Hybrid Sedan 2012;Hyundai;Sedan;03400.jpg
39;112;753;462;62;9;5;Chevrolet Tahoe Hybrid SUV 2012;Chevrolet;SUV;03401.jpg
7;48;294;179;29;4;4;BMW 3 Series Sedan 2012;BMW;Sedan;03402.jpg
82;53;438;306;137;22;4;Hyundai Genesis Sedan 2012;Hyundai;Sedan;03403.jpg
19;116;517;316;41;5;4;Bentley Mulsanne Sedan 2011;Bentley;Sedan;03404.jpg
104;1;533;476;166;34;7;Mercedes-Benz Sprinter Van 2012;Mercedes-Benz;Van;03405.jpg
39;24;577;316;180;42;1;Spyker C8 Coupe 2009;Spyker;Coupe;03406.jpg
8;28;263;142;128;21;1;Honda Accord Coupe 2012;Honda;Coupe;03407.jpg
101;149;436;285;56;9;1;Chevrolet Corvette ZR1 2012;Chevrolet;Coupe;03408.jpg
90;408;1510;866;144;25;1;Jaguar XK XKR 2012;Jaguar;Coupe;03409.jpg
127;59;449;284;138;22;4;Hyundai Sonata Sedan 2012;Hyundai;Sedan;03410.jpg
36;62;246;132;67;9;4;Chevrolet Malibu Hybrid Sedan 2010;Chevrolet;Sedan;03411.jpg
37;53;982;725;20;3;4;Audi S6 Sedan 2011;Audi;Sedan;03412.jpg
123;373;1196;827;42;5;1;Bentley Continental GT Coupe 2012;Bentley;Coupe;03413.jpg
15;18;204;120;151;27;1;Lamborghini Aventador Coupe 2012;Lamborghini;Coupe;03414.jpg
7;82;648;417;84;12;8;Dodge Caliber Wagon 2007;Dodge;Wagon;03415.jpg
71;90;433;290;176;40;4;Rolls-Royce Ghost Sedan 2012;Rolls-Royce;Sedan;03416.jpg
45;62;247;190;5;1;4;Acura TSX Sedan 2012;Acura;Sedan;03417.jpg
19;109;585;409;13;3;1;Audi A5 Coupe 2012;Audi;Coupe;03418.jpg
25;19;324;183;180;42;1;Spyker C8 Coupe 2009;Spyker;Coupe;03419.jpg
12;5;282;161;90;12;6;Dodge Dakota Crew Cab 2010;Dodge;Truck;03420.jpg
48;72;590;378;45;6;0;Bugatti Veyron 16.4 Convertible 2009;Bugatti;Convertible;03421.jpg
207;177;581;343;25;3;1;Audi TT RS Coupe 2012;Audi;Coupe;03422.jpg
17;533;637;905;170;36;2;Nissan Juke Hatchback 2012;Nissan;Hatchback;03423.jpg
6;98;691;450;194;47;4;Volvo 240 Sedan 1993;Volvo;Sedan;03424.jpg
36;93;521;319;43;5;1;Bentley Continental GT Coupe 2007;Bentley;Coupe;03425.jpg
16;62;384;257;68;9;0;Chevrolet TrailBlazer SS 2009;Chevrolet;Convertible;03426.jpg
44;89;278;201;22;3;1;Audi S5 Coupe 2012;Audi;Coupe;03427.jpg
25;79;492;369;114;17;6;Ford F-150 Regular Cab 2007;Ford;Truck;03428.jpg
7;66;475;321;16;3;4;Audi V8 Sedan 1994;Audi;Sedan;03429.jpg
28;181;1585;961;191;46;2;Volkswagen Golf Hatchback 1991;Volkswagen;Hatchback;03430.jpg
5;18;111;73;123;19;0;Geo Metro Convertible 1993;Geo;Convertible;03431.jpg
180;117;500;362;83;12;8;Dodge Caliber Wagon 2012;Dodge;Wagon;03432.jpg
52;242;632;520;43;5;1;Bentley Continental GT Coupe 2007;Bentley;Coupe;03433.jpg
14;79;410;289;128;21;1;Honda Accord Coupe 2012;Honda;Coupe;03434.jpg
4;15;87;54;18;3;8;Audi 100 Wagon 1994;Audi;Wagon;03435.jpg
20;96;564;341;43;5;1;Bentley Continental GT Coupe 2007;Bentley;Coupe;03436.jpg
94;325;1531;1099;181;43;4;Suzuki Aerio Sedan 2007;Suzuki;Sedan;03437.jpg
47;21;620;382;191;46;2;Volkswagen Golf Hatchback 1991;Volkswagen;Hatchback;03438.jpg
9;77;376;189;18;3;8;Audi 100 Wagon 1994;Audi;Wagon;03439.jpg
106;61;394;306;110;17;5;Ford Edge SUV 2012;Ford;SUV;03440.jpg
63;138;539;321;126;21;3;Honda Odyssey Minivan 2012;Honda;Minivan;03441.jpg
29;101;450;265;62;9;5;Chevrolet Tahoe Hybrid SUV 2012;Chevrolet;SUV;03442.jpg
31;37;238;164;86;12;6;Dodge Ram Pickup 3500 Crew Cab 2010;Dodge;Truck;03443.jpg
8;6;241;142;95;12;5;Dodge Durango SUV 2007;Dodge;SUV;03444.jpg
13;113;243;191;22;3;1;Audi S5 Coupe 2012;Audi;Coupe;03445.jpg
5;29;257;183;162;34;4;Mercedes-Benz C-Class Sedan 2012;Mercedes-Benz;Sedan;03446.jpg
40;88;468;290;52;8;5;Cadillac SRX SUV 2012;Cadillac;SUV;03447.jpg
11;45;487;246;78;10;3;Chrysler Town and Country Minivan 2012;Chrysler;Minivan;03448.jpg
12;60;294;185;22;3;1;Audi S5 Coupe 2012;Audi;Coupe;03449.jpg
31;114;460;325;78;10;3;Chrysler Town and Country Minivan 2012;Chrysler;Minivan;03450.jpg
37;31;441;318;34;4;1;BMW M3 Coupe 2012;BMW;Coupe;03451.jpg
73;447;1155;858;160;33;1;McLaren MP4-12C Coupe 2012;McLaren;Coupe;03452.jpg
27;85;613;403;82;11;8;Daewoo Nubira Wagon 2002;Daewoo;Wagon;03453.jpg
8;33;195;119;9;2;1;Aston Martin V8 Vantage Coupe 2012;Aston;Coupe;03454.jpg
71;124;968;569;41;5;4;Bentley Mulsanne Sedan 2011;Bentley;Sedan;03455.jpg
47;87;973;589;138;22;4;Hyundai Sonata Sedan 2012;Hyundai;Sedan;03456.jpg
32;97;462;303;27;4;0;BMW 1 Series Convertible 2012;BMW;Convertible;03457.jpg
39;198;992;597;11;2;1;Aston Martin Virage Coupe 2012;Aston;Coupe;03458.jpg
29;98;613;298;82;11;8;Daewoo Nubira Wagon 2002;Daewoo;Wagon;03459.jpg
128;191;894;744;83;12;8;Dodge Caliber Wagon 2012;Dodge;Wagon;03460.jpg
88;97;600;388;123;19;0;Geo Metro Convertible 1993;Geo;Convertible;03461.jpg
8;95;623;375;173;38;4;Porsche Panamera Sedan 2012;Porsche;Sedan;03462.jpg
33;73;760;585;119;18;7;GMC Savana Van 2012;GMC;Van;03463.jpg
21;30;423;255;44;5;4;Bentley Continental Flying Spur Sedan 2007;Bentley;Sedan;03464.jpg
6;63;638;391;72;9;1;Chevrolet Monte Carlo Coupe 2007;Chevrolet;Coupe;03465.jpg
20;68;618;300;186;45;5;Toyota Sequoia SUV 2012;Toyota;SUV;03466.jpg
30;152;602;421;4;1;4;Acura TL Type-S 2008;Acura;Sedan;03467.jpg
2;142;508;429;82;11;8;Daewoo Nubira Wagon 2002;Daewoo;Wagon;03468.jpg
325;190;1627;997;42;5;1;Bentley Continental GT Coupe 2012;Bentley;Coupe;03469.jpg
16;91;676;400;182;43;4;Suzuki Kizashi Sedan 2012;Suzuki;Sedan;03470.jpg
140;368;1973;1006;173;38;4;Porsche Panamera Sedan 2012;Porsche;Sedan;03471.jpg
67;482;638;901;23;3;4;Audi S4 Sedan 2012;Audi;Sedan;03472.jpg
87;81;627;460;122;18;6;GMC Canyon Extended Cab 2012;GMC;Truck;03473.jpg
754;210;1401;679;148;26;5;Jeep Grand Cherokee SUV 2012;Jeep;SUV;03474.jpg
197;598;958;1005;103;15;0;Ferrari 458 Italia Convertible 2012;Ferrari;Convertible;03475.jpg
26;48;380;244;178;41;2;Scion xD Hatchback 2012;Scion;Hatchback;03476.jpg
39;42;584;421;148;26;5;Jeep Grand Cherokee SUV 2012;Jeep;SUV;03477.jpg
17;24;620;330;34;4;1;BMW M3 Coupe 2012;BMW;Coupe;03478.jpg
21;80;437;308;46;6;1;Bugatti Veyron 16.4 Coupe 2009;Bugatti;Coupe;03479.jpg
166;83;807;520;43;5;1;Bentley Continental GT Coupe 2007;Bentley;Coupe;03480.jpg
30;65;545;506;125;20;6;HUMMER H2 SUT Crew Cab 2009;HUMMER;Truck;03481.jpg
55;107;996;721;71;9;7;Chevrolet Express Van 2007;Chevrolet;Van;03482.jpg
52;1;996;562;58;9;5;Chevrolet Traverse SUV 2012;Chevrolet;SUV;03483.jpg
16;52;388;191;67;9;4;Chevrolet Malibu Hybrid Sedan 2010;Chevrolet;Sedan;03484.jpg
59;139;1003;644;172;37;1;Plymouth Neon Coupe 1999;Plymouth;Coupe;03485.jpg
51;89;741;474;35;4;4;BMW M5 Sedan 2010;BMW;Sedan;03486.jpg
127;88;1846;1237;183;43;2;Suzuki SX4 Hatchback 2012;Suzuki;Hatchback;03487.jpg
37;114;612;335;111;17;6;Ford Ranger SuperCab 2011;Ford;Truck;03488.jpg
1;329;3054;2242;149;26;5;Jeep Compass SUV 2012;Jeep;SUV;03489.jpg
37;124;1003;631;183;43;2;Suzuki SX4 Hatchback 2012;Suzuki;Hatchback;03490.jpg
24;20;259;170;121;18;5;GMC Acadia SUV 2012;GMC;SUV;03491.jpg
42;112;783;424;153;27;1;Lamborghini Diablo Coupe 2001;Lamborghini;Coupe;03492.jpg
7;104;618;405;178;41;2;Scion xD Hatchback 2012;Scion;Hatchback;03493.jpg
57;27;535;363;155;28;5;Land Rover LR2 SUV 2012;Land Rover;SUV;03494.jpg
83;146;605;438;129;21;4;Honda Accord Sedan 2012;Honda;Sedan;03495.jpg
179;165;438;271;29;4;4;BMW 3 Series Sedan 2012;BMW;Sedan;03496.jpg
213;7;549;203;119;18;7;GMC Savana Van 2012;GMC;Van;03497.jpg
33;82;327;200;18;3;8;Audi 100 Wagon 1994;Audi;Wagon;03498.jpg
43;96;265;160;59;9;0;Chevrolet Camaro Convertible 2012;Chevrolet;Convertible;03499.jpg
16;80;254;152;151;27;1;Lamborghini Aventador Coupe 2012;Lamborghini;Coupe;03500.jpg
42;118;633;333;128;21;1;Honda Accord Coupe 2012;Honda;Coupe;03501.jpg
200;521;986;789;11;2;1;Aston Martin Virage Coupe 2012;Aston;Coupe;03502.jpg
40;116;552;360;21;3;0;Audi S5 Convertible 2012;Audi;Convertible;03503.jpg
15;53;355;223;141;23;1;Infiniti G Coupe IPL 2012;Infiniti;Coupe;03504.jpg
134;136;991;573;87;12;6;Dodge Ram Pickup 3500 Quad Cab 2009;Dodge;Truck;03505.jpg
209;90;684;460;41;5;4;Bentley Mulsanne Sedan 2011;Bentley;Sedan;03506.jpg
99;49;508;336;47;7;4;Buick Regal GS 2012;Buick;Sedan;03507.jpg
18;162;1017;612;171;36;1;Nissan 240SX Coupe 1998;Nissan;Coupe;03508.jpg
18;38;200;128;125;20;6;HUMMER H2 SUT Crew Cab 2009;HUMMER;Truck;03509.jpg
67;29;253;181;188;45;4;Toyota Corolla Sedan 2012;Toyota;Sedan;03510.jpg
9;36;293;180;5;1;4;Acura TSX Sedan 2012;Acura;Sedan;03511.jpg
147;215;1468;786;4;1;4;Acura TL Type-S 2008;Acura;Sedan;03512.jpg
101;131;674;385;16;3;4;Audi V8 Sedan 1994;Audi;Sedan;03513.jpg
12;52;256;186;80;10;0;Chrysler Crossfire Convertible 2008;Chrysler;Convertible;03514.jpg
5;95;1022;633;144;25;1;Jaguar XK XKR 2012;Jaguar;Coupe;03515.jpg
91;143;582;410;75;9;6;Chevrolet Silverado 1500 Regular Cab 2012;Chevrolet;Truck;03516.jpg
62;23;447;306;165;34;4;Mercedes-Benz S-Class Sedan 2012;Mercedes-Benz;Sedan;03517.jpg
266;235;773;708;183;43;2;Suzuki SX4 Hatchback 2012;Suzuki;Hatchback;03518.jpg
32;187;948;686;113;17;6;Ford F-150 Regular Cab 2012;Ford;Truck;03519.jpg
88;75;587;394;89;12;5;Dodge Journey SUV 2012;Dodge;SUV;03520.jpg
6;1;613;447;166;34;7;Mercedes-Benz Sprinter Van 2012;Mercedes-Benz;Van;03521.jpg
135;1;1982;1165;97;12;4;Dodge Charger SRT-8 2009;Dodge;Sedan;03522.jpg
43;15;248;154;8;2;0;Aston Martin V8 Vantage Convertible 2012;Aston;Convertible;03523.jpg
44;243;1259;711;112;17;1;Ford GT Coupe 2006;Ford;Coupe;03524.jpg
42;51;208;146;27;4;0;BMW 1 Series Convertible 2012;BMW;Convertible;03525.jpg
26;90;542;298;74;9;6;Chevrolet Silverado 1500 Extended Cab 2012;Chevrolet;Truck;03526.jpg
1;22;640;230;179;42;0;Spyker C8 Convertible 2009;Spyker;Convertible;03527.jpg
1;33;240;166;146;26;5;Jeep Wrangler SUV 2012;Jeep;SUV;03528.jpg
74;81;476;431;85;12;3;Dodge Caravan Minivan 1997;Dodge;Minivan;03529.jpg
203;112;955;644;155;28;5;Land Rover LR2 SUV 2012;Land Rover;SUV;03530.jpg
135;247;541;447;187;45;4;Toyota Camry Sedan 2012;Toyota;Sedan;03531.jpg
6;19;231;144;17;3;4;Audi 100 Sedan 1994;Audi;Sedan;03533.jpg
63;1;594;316;32;4;5;BMW X5 SUV 2007;BMW;SUV;03534.jpg
46;28;217;141;162;34;4;Mercedes-Benz C-Class Sedan 2012;Mercedes-Benz;Sedan;03535.jpg
17;71;384;250;92;12;8;Dodge Magnum Wagon 2008;Dodge;Wagon;03536.jpg
45;68;426;253;2;1;4;Acura RL Sedan 2012;Acura;Sedan;03537.jpg
4;98;496;322;36;4;0;BMW M6 Convertible 2010;BMW;Convertible;03538.jpg
48;50;404;177;69;9;6;Chevrolet Silverado 2500HD Regular Cab 2012;Chevrolet;Truck;03539.jpg
26;102;618;382;173;38;4;Porsche Panamera Sedan 2012;Porsche;Sedan;03540.jpg
55;59;431;220;56;9;1;Chevrolet Corvette ZR1 2012;Chevrolet;Coupe;03541.jpg
135;146;827;491;140;22;4;Hyundai Azera Sedan 2012;Hyundai;Sedan;03542.jpg
29;248;760;522;20;3;4;Audi S6 Sedan 2011;Audi;Sedan;03543.jpg
13;111;480;268;56;9;1;Chevrolet Corvette ZR1 2012;Chevrolet;Coupe;03544.jpg
68;30;336;253;35;4;4;BMW M5 Sedan 2010;BMW;Sedan;03545.jpg
103;167;695;467;154;28;5;Land Rover Range Rover SUV 2012;Land Rover;SUV;03546.jpg
118;131;575;336;14;3;1;Audi TTS Coupe 2012;Audi;Coupe;03547.jpg
200;96;899;654;167;35;4;Mitsubishi Lancer Sedan 2012;Mitsubishi;Sedan;03548.jpg
181;147;741;425;102;15;0;Ferrari California Convertible 2012;Ferrari;Convertible;03549.jpg
51;156;601;363;87;12;6;Dodge Ram Pickup 3500 Quad Cab 2009;Dodge;Truck;03550.jpg
59;129;594;453;87;12;6;Dodge Ram Pickup 3500 Quad Cab 2009;Dodge;Truck;03551.jpg
10;37;312;202;109;17;5;Ford Expedition EL SUV 2009;Ford;SUV;03552.jpg
5;150;796;444;50;7;5;Buick Enclave SUV 2012;Buick;SUV;03553.jpg
22;84;252;168;119;18;7;GMC Savana Van 2012;GMC;Van;03554.jpg
36;51;817;531;193;47;2;Volvo C30 Hatchback 2012;Volvo;Hatchback;03555.jpg
23;23;620;450;110;17;5;Ford Edge SUV 2012;Ford;SUV;03556.jpg
39;50;566;413;85;12;3;Dodge Caravan Minivan 1997;Dodge;Minivan;03557.jpg
57;155;589;426;37;4;5;BMW X3 SUV 2012;BMW;SUV;03558.jpg
90;141;476;274;56;9;1;Chevrolet Corvette ZR1 2012;Chevrolet;Coupe;03559.jpg
458;408;1374;1012;42;5;1;Bentley Continental GT Coupe 2012;Bentley;Coupe;03560.jpg
69;60;600;359;11;2;1;Aston Martin Virage Coupe 2012;Aston;Coupe;03561.jpg
8;67;620;268;101;15;1;Ferrari FF Coupe 2012;Ferrari;Coupe;03562.jpg
19;39;275;161;105;16;4;Fisker Karma Sedan 2012;Fisker;Sedan;03563.jpg
56;152;698;427;179;42;0;Spyker C8 Convertible 2009;Spyker;Convertible;03564.jpg
16;52;380;280;84;12;8;Dodge Caliber Wagon 2007;Dodge;Wagon;03565.jpg
5;113;466;360;107;17;0;Ford Mustang Convertible 2007;Ford;Convertible;03566.jpg
35;180;855;793;154;28;5;Land Rover Range Rover SUV 2012;Land Rover;SUV;03567.jpg
38;163;593;342;29;4;4;BMW 3 Series Sedan 2012;BMW;Sedan;03568.jpg
23;75;283;173;136;22;4;Hyundai Accent Sedan 2012;Hyundai;Sedan;03569.jpg
20;100;482;310;33;4;5;BMW X6 SUV 2012;BMW;SUV;03570.jpg
123;86;576;408;155;28;5;Land Rover LR2 SUV 2012;Land Rover;SUV;03571.jpg
24;45;426;256;102;15;0;Ferrari California Convertible 2012;Ferrari;Convertible;03572.jpg
8;40;467;319;110;17;5;Ford Edge SUV 2012;Ford;SUV;03573.jpg
48;5;722;497;166;34;7;Mercedes-Benz Sprinter Van 2012;Mercedes-Benz;Van;03574.jpg
57;3;615;461;8;2;0;Aston Martin V8 Vantage Convertible 2012;Aston;Convertible;03575.jpg
22;138;515;284;101;15;1;Ferrari FF Coupe 2012;Ferrari;Coupe;03576.jpg
33;50;425;303;90;12;6;Dodge Dakota Crew Cab 2010;Dodge;Truck;03577.jpg
122;30;491;401;49;7;4;Buick Verano Sedan 2012;Buick;Sedan;03578.jpg
80;265;1180;782;191;46;2;Volkswagen Golf Hatchback 1991;Volkswagen;Hatchback;03579.jpg
1;31;636;433;145;26;5;Jeep Patriot SUV 2012;Jeep;SUV;03580.jpg
45;83;590;452;65;9;6;Chevrolet Avalanche Crew Cab 2012;Chevrolet;Truck;03581.jpg
245;235;560;414;168;36;2;Nissan Leaf Hatchback 2012;Nissan;Hatchback;03582.jpg
59;164;716;419;140;22;4;Hyundai Azera Sedan 2012;Hyundai;Sedan;03583.jpg
276;420;1291;932;112;17;1;Ford GT Coupe 2006;Ford;Coupe;03584.jpg
69;258;768;583;188;45;4;Toyota Corolla Sedan 2012;Toyota;Sedan;03585.jpg
142;351;1438;975;145;26;5;Jeep Patriot SUV 2012;Jeep;SUV;03586.jpg
45;26;393;263;143;24;5;Isuzu Ascender SUV 2008;Isuzu;SUV;03587.jpg
34;5;288;195;195;47;5;Volvo XC90 SUV 2007;Volvo;SUV;03588.jpg
57;70;578;328;8;2;0;Aston Martin V8 Vantage Convertible 2012;Aston;Convertible;03589.jpg
2;35;262;142;14;3;1;Audi TTS Coupe 2012;Audi;Coupe;03590.jpg
52;340;453;700;144;25;1;Jaguar XK XKR 2012;Jaguar;Coupe;03591.jpg
197;55;520;217;96;12;4;Dodge Charger Sedan 2012;Dodge;Sedan;03592.jpg
55;308;949;675;192;46;2;Volkswagen Beetle Hatchback 2012;Volkswagen;Hatchback;03593.jpg
126;3;1178;813;180;42;1;Spyker C8 Coupe 2009;Spyker;Coupe;03594.jpg
16;207;556;420;22;3;1;Audi S5 Coupe 2012;Audi;Coupe;03595.jpg
247;178;1258;871;191;46;2;Volkswagen Golf Hatchback 1991;Volkswagen;Hatchback;03596.jpg
17;158;588;401;61;9;4;Chevrolet Impala Sedan 2007;Chevrolet;Sedan;03597.jpg
44;161;615;471;133;22;5;Hyundai Veracruz SUV 2012;Hyundai;SUV;03598.jpg
108;292;1243;850;171;36;1;Nissan 240SX Coupe 1998;Nissan;Coupe;03599.jpg
252;201;1275;835;89;12;5;Dodge Journey SUV 2012;Dodge;SUV;03600.jpg
68;82;988;625;94;12;5;Dodge Durango SUV 2012;Dodge;SUV;03601.jpg
3;40;271;157;56;9;1;Chevrolet Corvette ZR1 2012;Chevrolet;Coupe;03602.jpg
55;91;497;315;40;5;4;Bentley Arnage Sedan 2009;Bentley;Sedan;03603.jpg
21;85;379;255;68;9;0;Chevrolet TrailBlazer SS 2009;Chevrolet;Convertible;03604.jpg
375;421;2556;1450;152;27;1;Lamborghini Gallardo LP 570-4 Superleggera 2012;Lamborghini;Coupe;03605.jpg
94;104;606;404;57;9;1;Chevrolet Corvette Ron Fellows Edition Z06 2007;Chevrolet;Coupe;03606.jpg
58;146;943;553;4;1;4;Acura TL Type-S 2008;Acura;Sedan;03607.jpg
180;205;538;400;6;1;4;Acura Integra Type R 2001;Acura;Sedan;03608.jpg
55;3;1007;706;166;34;7;Mercedes-Benz Sprinter Van 2012;Mercedes-Benz;Van;03609.jpg
42;1;589;316;96;12;4;Dodge Charger Sedan 2012;Dodge;Sedan;03610.jpg
1;9;109;72;174;39;3;Ram C/V Cargo Van Minivan 2012;Ram;Minivan;03611.jpg
80;40;350;283;69;9;6;Chevrolet Silverado 2500HD Regular Cab 2012;Chevrolet;Truck;03612.jpg
23;61;622;250;194;47;4;Volvo 240 Sedan 1993;Volvo;Sedan;03613.jpg
17;60;636;441;75;9;6;Chevrolet Silverado 1500 Regular Cab 2012;Chevrolet;Truck;03614.jpg
29;35;478;287;56;9;1;Chevrolet Corvette ZR1 2012;Chevrolet;Coupe;03615.jpg
48;92;599;392;87;12;6;Dodge Ram Pickup 3500 Quad Cab 2009;Dodge;Truck;03616.jpg
9;92;480;311;32;4;5;BMW X5 SUV 2007;BMW;SUV;03617.jpg
115;133;715;569;99;14;2;FIAT 500 Abarth 2012;FIAT;Hatchback;03618.jpg
15;76;309;168;21;3;0;Audi S5 Convertible 2012;Audi;Convertible;03619.jpg
62;91;419;213;38;4;0;BMW Z4 Convertible 2012;BMW;Convertible;03620.jpg
201;158;800;589;187;45;4;Toyota Camry Sedan 2012;Toyota;Sedan;03621.jpg
26;302;805;562;112;17;1;Ford GT Coupe 2006;Ford;Coupe;03622.jpg
73;221;581;409;187;45;4;Toyota Camry Sedan 2012;Toyota;Sedan;03623.jpg
2;99;599;430;58;9;5;Chevrolet Traverse SUV 2012;Chevrolet;SUV;03624.jpg
91;63;726;552;82;11;8;Daewoo Nubira Wagon 2002;Daewoo;Wagon;03625.jpg
271;712;1429;1132;153;27;1;Lamborghini Diablo Coupe 2001;Lamborghini;Coupe;03626.jpg
32;69;619;396;148;26;5;Jeep Grand Cherokee SUV 2012;Jeep;SUV;03627.jpg
48;31;539;470;188;45;4;Toyota Corolla Sedan 2012;Toyota;Sedan;03628.jpg
20;61;591;362;130;22;2;Hyundai Veloster Hatchback 2012;Hyundai;Hatchback;03629.jpg
426;596;2286;1416;89;12;5;Dodge Journey SUV 2012;Dodge;SUV;03630.jpg
31;65;475;327;117;17;4;Ford Fiesta Sedan 2012;Ford;Sedan;03631.jpg
6;35;294;185;70;9;6;Chevrolet Silverado 1500 Classic Extended Cab 2007;Chevrolet;Truck;03632.jpg
32;78;205;173;165;34;4;Mercedes-Benz S-Class Sedan 2012;Mercedes-Benz;Sedan;03633.jpg
21;11;229;99;28;4;1;BMW 1 Series Coupe 2012;BMW;Coupe;03634.jpg
83;45;265;174;100;14;0;FIAT 500 Convertible 2012;FIAT;Convertible;03635.jpg
1;15;586;480;191;46;2;Volkswagen Golf Hatchback 1991;Volkswagen;Hatchback;03636.jpg
80;90;549;403;166;34;7;Mercedes-Benz Sprinter Van 2012;Mercedes-Benz;Van;03637.jpg
37;226;959;554;66;9;4;Chevrolet Cobalt SS 2010;Chevrolet;Sedan;03638.jpg
69;59;601;346;177;40;4;Rolls-Royce Phantom Sedan 2012;Rolls-Royce;Sedan;03639.jpg
49;216;992;600;63;9;4;Chevrolet Sonic Sedan 2012;Chevrolet;Sedan;03640.jpg
118;78;599;419;5;1;4;Acura TSX Sedan 2012;Acura;Sedan;03641.jpg
433;259;957;613;170;36;2;Nissan Juke Hatchback 2012;Nissan;Hatchback;03642.jpg
45;132;533;401;110;17;5;Ford Edge SUV 2012;Ford;SUV;03643.jpg
10;202;792;543;21;3;0;Audi S5 Convertible 2012;Audi;Convertible;03644.jpg
64;121;1520;1106;140;22;4;Hyundai Azera Sedan 2012;Hyundai;Sedan;03645.jpg
87;28;508;412;85;12;3;Dodge Caravan Minivan 1997;Dodge;Minivan;03646.jpg
9;40;268;142;53;8;6;Cadillac Escalade EXT Crew Cab 2007;Cadillac;Truck;03647.jpg
169;186;778;556;149;26;5;Jeep Compass SUV 2012;Jeep;SUV;03648.jpg
18;38;286;201;95;12;5;Dodge Durango SUV 2007;Dodge;SUV;03649.jpg
51;24;257;194;84;12;8;Dodge Caliber Wagon 2007;Dodge;Wagon;03650.jpg
30;110;578;431;64;9;7;Chevrolet Express Cargo Van 2007;Chevrolet;Van;03651.jpg
9;19;196;114;73;9;4;Chevrolet Malibu Sedan 2007;Chevrolet;Sedan;03652.jpg
15;14;631;468;22;3;1;Audi S5 Coupe 2012;Audi;Coupe;03653.jpg
32;65;287;161;13;3;1;Audi A5 Coupe 2012;Audi;Coupe;03654.jpg
72;101;992;648;43;5;1;Bentley Continental GT Coupe 2007;Bentley;Coupe;03655.jpg
44;177;580;441;67;9;4;Chevrolet Malibu Hybrid Sedan 2010;Chevrolet;Sedan;03656.jpg
19;54;490;350;81;10;0;Chrysler PT Cruiser Convertible 2008;Chrysler;Convertible;03657.jpg
22;28;609;312;103;15;0;Ferrari 458 Italia Convertible 2012;Ferrari;Convertible;03658.jpg
19;74;624;267;9;2;1;Aston Martin V8 Vantage Coupe 2012;Aston;Coupe;03659.jpg
103;164;555;426;50;7;5;Buick Enclave SUV 2012;Buick;SUV;03660.jpg
30;103;614;378;182;43;4;Suzuki Kizashi Sedan 2012;Suzuki;Sedan;03661.jpg
224;89;1114;688;9;2;1;Aston Martin V8 Vantage Coupe 2012;Aston;Coupe;03662.jpg
70;237;709;567;137;22;4;Hyundai Genesis Sedan 2012;Hyundai;Sedan;03663.jpg
22;17;292;154;134;22;4;Hyundai Sonata Hybrid Sedan 2012;Hyundai;Sedan;03664.jpg
24;83;426;218;28;4;1;BMW 1 Series Coupe 2012;BMW;Coupe;03665.jpg
47;1;1005;763;63;9;4;Chevrolet Sonic Sedan 2012;Chevrolet;Sedan;03666.jpg
26;20;251;163;131;22;5;Hyundai Santa Fe SUV 2012;Hyundai;SUV;03667.jpg
80;67;502;365;193;47;2;Volvo C30 Hatchback 2012;Volvo;Hatchback;03668.jpg
14;12;251;158;76;10;5;Chrysler Aspen SUV 2009;Chrysler;SUV;03669.jpg
146;73;486;236;6;1;4;Acura Integra Type R 2001;Acura;Sedan;03670.jpg
57;47;619;458;98;13;2;Eagle Talon Hatchback 1998;Eagle;Hatchback;03671.jpg
135;308;1098;635;106;17;6;Ford F-450 Super Duty Crew Cab 2012;Ford;Truck;03672.jpg
85;43;601;410;16;3;4;Audi V8 Sedan 1994;Audi;Sedan;03673.jpg
64;75;2624;1392;98;13;2;Eagle Talon Hatchback 1998;Eagle;Hatchback;03674.jpg
64;78;1174;597;181;43;4;Suzuki Aerio Sedan 2007;Suzuki;Sedan;03675.jpg
47;55;394;251;39;5;0;Bentley Continental Supersports Conv. Convertible 2012;Bentley;Convertible;03676.jpg
63;89;616;448;33;4;5;BMW X6 SUV 2012;BMW;SUV;03677.jpg
66;79;224;168;190;46;2;Volkswagen Golf Hatchback 2012;Volkswagen;Hatchback;03678.jpg
45;31;232;161;82;11;8;Daewoo Nubira Wagon 2002;Daewoo;Wagon;03679.jpg
50;213;599;415;69;9;6;Chevrolet Silverado 2500HD Regular Cab 2012;Chevrolet;Truck;03680.jpg
16;41;231;154;85;12;3;Dodge Caravan Minivan 1997;Dodge;Minivan;03681.jpg
4;80;572;294;126;21;3;Honda Odyssey Minivan 2012;Honda;Minivan;03682.jpg
15;63;480;360;91;12;6;Dodge Dakota Club Cab 2007;Dodge;Truck;03683.jpg
13;37;433;200;36;4;0;BMW M6 Convertible 2010;BMW;Convertible;03684.jpg
13;62;533;382;70;9;6;Chevrolet Silverado 1500 Classic Extended Cab 2007;Chevrolet;Truck;03685.jpg
42;51;617;438;184;43;4;Suzuki SX4 Sedan 2012;Suzuki;Sedan;03686.jpg
39;23;517;263;103;15;0;Ferrari 458 Italia Convertible 2012;Ferrari;Convertible;03687.jpg
69;138;613;415;133;22;5;Hyundai Veracruz SUV 2012;Hyundai;SUV;03688.jpg
10;92;677;276;152;27;1;Lamborghini Gallardo LP 570-4 Superleggera 2012;Lamborghini;Coupe;03689.jpg
150;102;877;444;2;1;4;Acura RL Sedan 2012;Acura;Sedan;03690.jpg
33;54;228;169;91;12;6;Dodge Dakota Club Cab 2007;Dodge;Truck;03691.jpg
71;167;567;402;189;45;5;Toyota 4Runner SUV 2012;Toyota;SUV;03692.jpg
91;32;523;317;136;22;4;Hyundai Accent Sedan 2012;Hyundai;Sedan;03693.jpg
36;35;467;313;161;34;0;Mercedes-Benz 300-Class Convertible 1993;Mercedes-Benz;Convertible;03694.jpg
32;131;579;439;75;9;6;Chevrolet Silverado 1500 Regular Cab 2012;Chevrolet;Truck;03695.jpg
40;92;480;318;76;10;5;Chrysler Aspen SUV 2009;Chrysler;SUV;03696.jpg
137;38;581;381;120;18;5;GMC Yukon Hybrid SUV 2012;GMC;SUV;03697.jpg
22;87;787;516;19;3;2;Audi TT Hatchback 2011;Audi;Hatchback;03698.jpg
72;53;289;215;71;9;7;Chevrolet Express Van 2007;Chevrolet;Van;03699.jpg
311;224;647;357;150;27;1;Lamborghini Reventon Coupe 2008;Lamborghini;Coupe;03700.jpg
6;26;254;165;62;9;5;Chevrolet Tahoe Hybrid SUV 2012;Chevrolet;SUV;03701.jpg
161;340;1401;945;138;22;4;Hyundai Sonata Sedan 2012;Hyundai;Sedan;03702.jpg
13;24;276;180;19;3;2;Audi TT Hatchback 2011;Audi;Hatchback;03703.jpg
91;68;934;602;147;26;5;Jeep Liberty SUV 2012;Jeep;SUV;03704.jpg
36;93;481;344;135;22;4;Hyundai Elantra Sedan 2007;Hyundai;Sedan;03705.jpg
111;246;647;434;124;20;6;HUMMER H3T Crew Cab 2010;HUMMER;Truck;03706.jpg
114;122;524;375;100;14;0;FIAT 500 Convertible 2012;FIAT;Convertible;03707.jpg
21;50;483;316;53;8;6;Cadillac Escalade EXT Crew Cab 2007;Cadillac;Truck;03708.jpg
39;113;604;313;30;4;8;BMW 3 Series Wagon 2012;BMW;Wagon;03709.jpg
121;87;567;465;135;22;4;Hyundai Elantra Sedan 2007;Hyundai;Sedan;03710.jpg
41;206;984;706;172;37;1;Plymouth Neon Coupe 1999;Plymouth;Coupe;03711.jpg
24;143;1001;587;84;12;8;Dodge Caliber Wagon 2007;Dodge;Wagon;03712.jpg
143;127;461;316;157;30;0;MINI Cooper Roadster Convertible 2012;MINI Cooper;Convertible;03713.jpg
2;50;436;311;105;16;4;Fisker Karma Sedan 2012;Fisker;Sedan;03714.jpg
1;60;630;379;6;1;4;Acura Integra Type R 2001;Acura;Sedan;03715.jpg
56;1;588;258;31;4;0;BMW 6 Series Convertible 2007;BMW;Convertible;03716.jpg
9;25;136;92;17;3;4;Audi 100 Sedan 1994;Audi;Sedan;03717.jpg
25;51;282;164;48;7;5;Buick Rainier SUV 2007;Buick;SUV;03718.jpg
278;165;872;532;173;38;4;Porsche Panamera Sedan 2012;Porsche;Sedan;03719.jpg
54;87;426;311;175;40;0;Rolls-Royce Phantom Drophead Coupe Convertible 2012;Rolls-Royce;Convertible;03720.jpg
60;77;228;161;22;3;1;Audi S5 Coupe 2012;Audi;Coupe;03721.jpg
32;26;183;147;29;4;4;BMW 3 Series Sedan 2012;BMW;Sedan;03722.jpg
80;57;376;195;12;3;0;Audi RS 4 Convertible 2008;Audi;Convertible;03723.jpg
172;195;959;564;68;9;0;Chevrolet TrailBlazer SS 2009;Chevrolet;Convertible;03724.jpg
28;8;433;225;114;17;6;Ford F-150 Regular Cab 2007;Ford;Truck;03725.jpg
69;92;582;340;102;15;0;Ferrari California Convertible 2012;Ferrari;Convertible;03726.jpg
116;22;556;343;147;26;5;Jeep Liberty SUV 2012;Jeep;SUV;03727.jpg
76;131;386;312;196;48;0;smart fortwo Convertible 2012;smart;Convertible;03728.jpg
27;45;622;395;127;21;3;Honda Odyssey Minivan 2007;Honda;Minivan;03729.jpg
41;19;299;205;91;12;6;Dodge Dakota Club Cab 2007;Dodge;Truck;03730.jpg
18;57;236;168;143;24;5;Isuzu Ascender SUV 2008;Isuzu;SUV;03731.jpg
102;74;257;166;9;2;1;Aston Martin V8 Vantage Coupe 2012;Aston;Coupe;03732.jpg
99;118;930;589;57;9;1;Chevrolet Corvette Ron Fellows Edition Z06 2007;Chevrolet;Coupe;03733.jpg
9;198;777;514;36;4;0;BMW M6 Convertible 2010;BMW;Convertible;03734.jpg
1;49;295;165;108;17;3;Ford Freestar Minivan 2007;Ford;Minivan;03735.jpg
13;17;264;164;33;4;5;BMW X6 SUV 2012;BMW;SUV;03736.jpg
154;223;1378;1030;61;9;4;Chevrolet Impala Sedan 2007;Chevrolet;Sedan;03737.jpg
76;264;730;526;21;3;0;Audi S5 Convertible 2012;Audi;Convertible;03738.jpg
21;15;267;172;53;8;6;Cadillac Escalade EXT Crew Cab 2007;Cadillac;Truck;03739.jpg
44;170;605;342;26;4;4;BMW ActiveHybrid 5 Sedan 2012;BMW;Sedan;03740.jpg
21;4;263;150;100;14;0;FIAT 500 Convertible 2012;FIAT;Convertible;03741.jpg
14;52;443;276;127;21;3;Honda Odyssey Minivan 2007;Honda;Minivan;03742.jpg
16;47;557;317;144;25;1;Jaguar XK XKR 2012;Jaguar;Coupe;03743.jpg
17;17;298;210;108;17;3;Ford Freestar Minivan 2007;Ford;Minivan;03744.jpg
210;198;593;386;96;12;4;Dodge Charger Sedan 2012;Dodge;Sedan;03745.jpg
26;27;268;201;97;12;4;Dodge Charger SRT-8 2009;Dodge;Sedan;03746.jpg
74;23;874;660;141;23;1;Infiniti G Coupe IPL 2012;Infiniti;Coupe;03747.jpg
105;270;1292;996;192;46;2;Volkswagen Beetle Hatchback 2012;Volkswagen;Hatchback;03748.jpg
53;386;2174;1243;55;9;0;Chevrolet Corvette Convertible 2012;Chevrolet;Convertible;03749.jpg
137;567;3038;1771;14;3;1;Audi TTS Coupe 2012;Audi;Coupe;03750.jpg
25;26;436;281;46;6;1;Bugatti Veyron 16.4 Coupe 2009;Bugatti;Coupe;03751.jpg
51;74;633;361;74;9;6;Chevrolet Silverado 1500 Extended Cab 2012;Chevrolet;Truck;03752.jpg
50;63;388;277;152;27;1;Lamborghini Gallardo LP 570-4 Superleggera 2012;Lamborghini;Coupe;03753.jpg
146;262;731;612;176;40;4;Rolls-Royce Ghost Sedan 2012;Rolls-Royce;Sedan;03754.jpg
191;299;907;667;15;3;1;Audi R8 Coupe 2012;Audi;Coupe;03755.jpg
26;98;428;309;13;3;1;Audi A5 Coupe 2012;Audi;Coupe;03756.jpg
80;126;531;339;53;8;6;Cadillac Escalade EXT Crew Cab 2007;Cadillac;Truck;03757.jpg
12;42;248;160;19;3;2;Audi TT Hatchback 2011;Audi;Hatchback;03758.jpg
78;31;431;226;193;47;2;Volvo C30 Hatchback 2012;Volvo;Hatchback;03759.jpg
30;41;488;330;40;5;4;Bentley Arnage Sedan 2009;Bentley;Sedan;03760.jpg
114;106;492;292;6;1;4;Acura Integra Type R 2001;Acura;Sedan;03761.jpg
26;60;356;206;45;6;0;Bugatti Veyron 16.4 Convertible 2009;Bugatti;Convertible;03762.jpg
16;113;409;263;68;9;0;Chevrolet TrailBlazer SS 2009;Chevrolet;Convertible;03763.jpg
30;118;615;316;16;3;4;Audi V8 Sedan 1994;Audi;Sedan;03764.jpg
50;371;1397;800;17;3;4;Audi 100 Sedan 1994;Audi;Sedan;03765.jpg
196;104;756;449;11;2;1;Aston Martin Virage Coupe 2012;Aston;Coupe;03766.jpg
36;40;261;174;2;1;4;Acura RL Sedan 2012;Acura;Sedan;03767.jpg
19;20;286;212;162;34;4;Mercedes-Benz C-Class Sedan 2012;Mercedes-Benz;Sedan;03768.jpg
45;113;431;321;83;12;8;Dodge Caliber Wagon 2012;Dodge;Wagon;03769.jpg
36;81;564;339;154;28;5;Land Rover Range Rover SUV 2012;Land Rover;SUV;03770.jpg
7;42;614;380;162;34;4;Mercedes-Benz C-Class Sedan 2012;Mercedes-Benz;Sedan;03771.jpg
29;75;271;168;3;1;4;Acura TL Sedan 2012;Acura;Sedan;03772.jpg
58;226;757;517;140;22;4;Hyundai Azera Sedan 2012;Hyundai;Sedan;03773.jpg
20;114;602;355;48;7;5;Buick Rainier SUV 2007;Buick;SUV;03774.jpg
36;188;672;422;153;27;1;Lamborghini Diablo Coupe 2001;Lamborghini;Coupe;03775.jpg
13;8;619;393;94;12;5;Dodge Durango SUV 2012;Dodge;SUV;03776.jpg
53;1;597;439;64;9;7;Chevrolet Express Cargo Van 2007;Chevrolet;Van;03777.jpg
159;3;636;565;166;34;7;Mercedes-Benz Sprinter Van 2012;Mercedes-Benz;Van;03778.jpg
105;146;1573;1098;186;45;5;Toyota Sequoia SUV 2012;Toyota;SUV;03779.jpg
59;121;553;393;143;24;5;Isuzu Ascender SUV 2008;Isuzu;SUV;03780.jpg
66;43;478;371;196;48;0;smart fortwo Convertible 2012;smart;Convertible;03781.jpg
9;68;886;598;48;7;5;Buick Rainier SUV 2007;Buick;SUV;03782.jpg
6;165;545;360;128;21;1;Honda Accord Coupe 2012;Honda;Coupe;03783.jpg
84;150;1029;616;79;10;4;Chrysler 300 SRT-8 2010;Chrysler;Sedan;03784.jpg
56;120;456;252;194;47;4;Volvo 240 Sedan 1993;Volvo;Sedan;03785.jpg
10;14;540;264;98;13;2;Eagle Talon Hatchback 1998;Eagle;Hatchback;03786.jpg
9;12;649;345;138;22;4;Hyundai Sonata Sedan 2012;Hyundai;Sedan;03787.jpg
161;105;629;402;142;23;5;Infiniti QX56 SUV 2011;Infiniti;SUV;03788.jpg
13;72;265;163;122;18;6;GMC Canyon Extended Cab 2012;GMC;Truck;03789.jpg
451;625;2092;1763;7;1;2;Acura ZDX Hatchback 2012;Acura;Hatchback;03790.jpg
26;68;286;193;16;3;4;Audi V8 Sedan 1994;Audi;Sedan;03791.jpg
12;24;342;278;76;10;5;Chrysler Aspen SUV 2009;Chrysler;SUV;03792.jpg
68;79;514;322;134;22;4;Hyundai Sonata Hybrid Sedan 2012;Hyundai;Sedan;03793.jpg
47;118;509;326;189;45;5;Toyota 4Runner SUV 2012;Toyota;SUV;03794.jpg
31;75;480;308;4;1;4;Acura TL Type-S 2008;Acura;Sedan;03795.jpg
12;13;254;127;125;20;6;HUMMER H2 SUT Crew Cab 2009;HUMMER;Truck;03796.jpg
38;19;606;430;94;12;5;Dodge Durango SUV 2012;Dodge;SUV;03797.jpg
705;356;1353;748;124;20;6;HUMMER H3T Crew Cab 2010;HUMMER;Truck;03798.jpg
1;44;224;165;106;17;6;Ford F-450 Super Duty Crew Cab 2012;Ford;Truck;03799.jpg
34;5;393;211;68;9;0;Chevrolet TrailBlazer SS 2009;Chevrolet;Convertible;03800.jpg
38;93;580;375;155;28;5;Land Rover LR2 SUV 2012;Land Rover;SUV;03801.jpg
11;38;248;153;128;21;1;Honda Accord Coupe 2012;Honda;Coupe;03802.jpg
6;61;253;138;92;12;8;Dodge Magnum Wagon 2008;Dodge;Wagon;03803.jpg
12;36;254;170;14;3;1;Audi TTS Coupe 2012;Audi;Coupe;03804.jpg
39;68;598;374;144;25;1;Jaguar XK XKR 2012;Jaguar;Coupe;03805.jpg
1;70;957;729;147;26;5;Jeep Liberty SUV 2012;Jeep;SUV;03806.jpg
41;102;482;264;97;12;4;Dodge Charger SRT-8 2009;Dodge;Sedan;03807.jpg
103;234;599;402;180;42;1;Spyker C8 Coupe 2009;Spyker;Coupe;03808.jpg
13;70;625;400;155;28;5;Land Rover LR2 SUV 2012;Land Rover;SUV;03809.jpg
258;211;1409;868;150;27;1;Lamborghini Reventon Coupe 2008;Lamborghini;Coupe;03810.jpg
166;66;896;767;63;9;4;Chevrolet Sonic Sedan 2012;Chevrolet;Sedan;03811.jpg
4;10;388;150;171;36;1;Nissan 240SX Coupe 1998;Nissan;Coupe;03812.jpg
35;168;613;392;6;1;4;Acura Integra Type R 2001;Acura;Sedan;03813.jpg
143;85;946;621;137;22;4;Hyundai Genesis Sedan 2012;Hyundai;Sedan;03814.jpg
24;183;938;544;126;21;3;Honda Odyssey Minivan 2012;Honda;Minivan;03815.jpg
474;234;1574;1021;112;17;1;Ford GT Coupe 2006;Ford;Coupe;03816.jpg
54;181;417;344;168;36;2;Nissan Leaf Hatchback 2012;Nissan;Hatchback;03817.jpg
96;82;709;468;14;3;1;Audi TTS Coupe 2012;Audi;Coupe;03818.jpg
21;88;762;508;108;17;3;Ford Freestar Minivan 2007;Ford;Minivan;03819.jpg
33;25;1237;721;164;34;4;Mercedes-Benz E-Class Sedan 2012;Mercedes-Benz;Sedan;03820.jpg
212;191;1076;603;26;4;4;BMW ActiveHybrid 5 Sedan 2012;BMW;Sedan;03821.jpg
24;113;387;252;123;19;0;Geo Metro Convertible 1993;Geo;Convertible;03822.jpg
101;41;626;304;187;45;4;Toyota Camry Sedan 2012;Toyota;Sedan;03823.jpg
82;146;611;353;23;3;4;Audi S4 Sedan 2012;Audi;Sedan;03824.jpg
159;1;554;259;149;26;5;Jeep Compass SUV 2012;Jeep;SUV;03825.jpg
61;77;543;419;58;9;5;Chevrolet Traverse SUV 2012;Chevrolet;SUV;03826.jpg
40;88;1597;1027;98;13;2;Eagle Talon Hatchback 1998;Eagle;Hatchback;03827.jpg
11;56;613;297;9;2;1;Aston Martin V8 Vantage Coupe 2012;Aston;Coupe;03828.jpg
21;171;781;553;22;3;1;Audi S5 Coupe 2012;Audi;Coupe;03829.jpg
93;51;491;388;25;3;1;Audi TT RS Coupe 2012;Audi;Coupe;03830.jpg
68;90;579;410;61;9;4;Chevrolet Impala Sedan 2007;Chevrolet;Sedan;03831.jpg
41;82;337;197;56;9;1;Chevrolet Corvette ZR1 2012;Chevrolet;Coupe;03832.jpg
126;129;576;377;92;12;8;Dodge Magnum Wagon 2008;Dodge;Wagon;03833.jpg
164;119;887;601;132;22;5;Hyundai Tucson SUV 2012;Hyundai;SUV;03834.jpg
7;42;636;402;35;4;4;BMW M5 Sedan 2010;BMW;Sedan;03835.jpg
19;41;449;228;127;21;3;Honda Odyssey Minivan 2007;Honda;Minivan;03836.jpg
72;32;547;419;89;12;5;Dodge Journey SUV 2012;Dodge;SUV;03837.jpg
13;30;251;156;14;3;1;Audi TTS Coupe 2012;Audi;Coupe;03838.jpg
15;40;281;169;25;3;1;Audi TT RS Coupe 2012;Audi;Coupe;03839.jpg
13;103;497;334;137;22;4;Hyundai Genesis Sedan 2012;Hyundai;Sedan;03840.jpg
112;150;839;441;183;43;2;Suzuki SX4 Hatchback 2012;Suzuki;Hatchback;03841.jpg
120;608;1925;1249;24;3;4;Audi S4 Sedan 2007;Audi;Sedan;03842.jpg
86;190;951;560;125;20;6;HUMMER H2 SUT Crew Cab 2009;HUMMER;Truck;03843.jpg
59;176;549;416;11;2;1;Aston Martin Virage Coupe 2012;Aston;Coupe;03844.jpg
63;57;577;343;58;9;5;Chevrolet Traverse SUV 2012;Chevrolet;SUV;03845.jpg
23;17;604;391;182;43;4;Suzuki Kizashi Sedan 2012;Suzuki;Sedan;03846.jpg
98;254;951;643;164;34;4;Mercedes-Benz E-Class Sedan 2012;Mercedes-Benz;Sedan;03847.jpg
6;47;297;166;22;3;1;Audi S5 Coupe 2012;Audi;Coupe;03848.jpg
83;76;211;151;39;5;0;Bentley Continental Supersports Conv. Convertible 2012;Bentley;Convertible;03849.jpg
7;10;625;297;77;10;0;Chrysler Sebring Convertible 2010;Chrysler;Convertible;03850.jpg
7;131;575;365;91;12;6;Dodge Dakota Club Cab 2007;Dodge;Truck;03851.jpg
142;286;1798;1077;35;4;4;BMW M5 Sedan 2010;BMW;Sedan;03852.jpg
60;60;264;188;174;39;3;Ram C/V Cargo Van Minivan 2012;Ram;Minivan;03853.jpg
157;82;493;257;10;2;0;Aston Martin Virage Convertible 2012;Aston;Convertible;03854.jpg
61;151;481;356;24;3;4;Audi S4 Sedan 2007;Audi;Sedan;03855.jpg
48;75;285;165;74;9;6;Chevrolet Silverado 1500 Extended Cab 2012;Chevrolet;Truck;03856.jpg
282;338;1298;748;184;43;4;Suzuki SX4 Sedan 2012;Suzuki;Sedan;03857.jpg
18;145;485;346;84;12;8;Dodge Caliber Wagon 2007;Dodge;Wagon;03858.jpg
8;20;247;157;171;36;1;Nissan 240SX Coupe 1998;Nissan;Coupe;03859.jpg
18;30;378;247;39;5;0;Bentley Continental Supersports Conv. Convertible 2012;Bentley;Convertible;03860.jpg
71;101;713;392;107;17;0;Ford Mustang Convertible 2007;Ford;Convertible;03861.jpg
21;77;283;201;74;9;6;Chevrolet Silverado 1500 Extended Cab 2012;Chevrolet;Truck;03862.jpg
501;709;1261;1169;125;20;6;HUMMER H2 SUT Crew Cab 2009;HUMMER;Truck;03863.jpg
40;101;549;360;185;44;4;Tesla Model S Sedan 2012;Tesla;Sedan;03864.jpg
32;70;212;176;34;4;1;BMW M3 Coupe 2012;BMW;Coupe;03865.jpg
39;69;590;392;52;8;5;Cadillac SRX SUV 2012;Cadillac;SUV;03866.jpg
80;178;953;498;112;17;1;Ford GT Coupe 2006;Ford;Coupe;03867.jpg
157;196;642;345;153;27;1;Lamborghini Diablo Coupe 2001;Lamborghini;Coupe;03868.jpg
37;1;558;454;94;12;5;Dodge Durango SUV 2012;Dodge;SUV;03869.jpg
14;20;286;140;113;17;6;Ford F-150 Regular Cab 2012;Ford;Truck;03870.jpg
47;100;605;371;3;1;4;Acura TL Sedan 2012;Acura;Sedan;03871.jpg
99;133;593;368;49;7;4;Buick Verano Sedan 2012;Buick;Sedan;03872.jpg
15;111;489;258;185;44;4;Tesla Model S Sedan 2012;Tesla;Sedan;03873.jpg
53;67;523;300;28;4;1;BMW 1 Series Coupe 2012;BMW;Coupe;03874.jpg
45;22;745;514;2;1;4;Acura RL Sedan 2012;Acura;Sedan;03875.jpg
25;138;464;285;129;21;4;Honda Accord Sedan 2012;Honda;Sedan;03876.jpg
97;111;928;486;6;1;4;Acura Integra Type R 2001;Acura;Sedan;03877.jpg
152;97;780;553;196;48;0;smart fortwo Convertible 2012;smart;Convertible;03878.jpg
32;90;609;455;53;8;6;Cadillac Escalade EXT Crew Cab 2007;Cadillac;Truck;03879.jpg
35;11;576;267;193;47;2;Volvo C30 Hatchback 2012;Volvo;Hatchback;03880.jpg
10;86;614;383;3;1;4;Acura TL Sedan 2012;Acura;Sedan;03881.jpg
53;158;1010;463;11;2;1;Aston Martin Virage Coupe 2012;Aston;Coupe;03882.jpg
61;99;920;607;130;22;2;Hyundai Veloster Hatchback 2012;Hyundai;Hatchback;03883.jpg
199;120;653;378;183;43;2;Suzuki SX4 Hatchback 2012;Suzuki;Hatchback;03884.jpg
20;89;290;212;129;21;4;Honda Accord Sedan 2012;Honda;Sedan;03885.jpg
47;120;410;283;24;3;4;Audi S4 Sedan 2007;Audi;Sedan;03886.jpg
147;517;1942;1269;20;3;4;Audi S6 Sedan 2011;Audi;Sedan;03887.jpg
36;33;216;169;148;26;5;Jeep Grand Cherokee SUV 2012;Jeep;SUV;03888.jpg
28;117;411;254;138;22;4;Hyundai Sonata Sedan 2012;Hyundai;Sedan;03889.jpg
60;44;313;206;148;26;5;Jeep Grand Cherokee SUV 2012;Jeep;SUV;03890.jpg
15;42;615;368;60;9;8;Chevrolet HHR SS 2010;Chevrolet;Wagon;03891.jpg
27;13;779;336;24;3;4;Audi S4 Sedan 2007;Audi;Sedan;03892.jpg
118;204;709;397;134;22;4;Hyundai Sonata Hybrid Sedan 2012;Hyundai;Sedan;03893.jpg
23;39;366;251;110;17;5;Ford Edge SUV 2012;Ford;SUV;03894.jpg
43;102;935;588;126;21;3;Honda Odyssey Minivan 2012;Honda;Minivan;03895.jpg
41;52;346;236;68;9;0;Chevrolet TrailBlazer SS 2009;Chevrolet;Convertible;03896.jpg
14;77;538;325;94;12;5;Dodge Durango SUV 2012;Dodge;SUV;03897.jpg
19;23;226;192;196;48;0;smart fortwo Convertible 2012;smart;Convertible;03898.jpg
90;65;721;503;83;12;8;Dodge Caliber Wagon 2012;Dodge;Wagon;03899.jpg
14;3;382;191;177;40;4;Rolls-Royce Phantom Sedan 2012;Rolls-Royce;Sedan;03900.jpg
18;38;281;203;65;9;6;Chevrolet Avalanche Crew Cab 2012;Chevrolet;Truck;03901.jpg
14;49;493;289;93;12;1;Dodge Challenger SRT8 2011;Dodge;Coupe;03902.jpg
26;37;284;206;65;9;6;Chevrolet Avalanche Crew Cab 2012;Chevrolet;Truck;03903.jpg
15;27;254;166;72;9;1;Chevrolet Monte Carlo Coupe 2007;Chevrolet;Coupe;03904.jpg
120;172;462;392;11;2;1;Aston Martin Virage Coupe 2012;Aston;Coupe;03905.jpg
46;92;413;286;74;9;6;Chevrolet Silverado 1500 Extended Cab 2012;Chevrolet;Truck;03906.jpg
1;133;580;358;101;15;1;Ferrari FF Coupe 2012;Ferrari;Coupe;03907.jpg
27;146;587;398;55;9;0;Chevrolet Corvette Convertible 2012;Chevrolet;Convertible;03908.jpg
128;111;547;320;15;3;1;Audi R8 Coupe 2012;Audi;Coupe;03909.jpg
93;59;553;421;166;34;7;Mercedes-Benz Sprinter Van 2012;Mercedes-Benz;Van;03910.jpg
120;192;562;356;103;15;0;Ferrari 458 Italia Convertible 2012;Ferrari;Convertible;03911.jpg
33;17;481;316;139;22;2;Hyundai Elantra Touring Hatchback 2012;Hyundai;Hatchback;03912.jpg
19;36;453;327;135;22;4;Hyundai Elantra Sedan 2007;Hyundai;Sedan;03913.jpg
34;112;402;332;176;40;4;Rolls-Royce Ghost Sedan 2012;Rolls-Royce;Sedan;03914.jpg
25;33;239;115;128;21;1;Honda Accord Coupe 2012;Honda;Coupe;03915.jpg
26;15;607;309;186;45;5;Toyota Sequoia SUV 2012;Toyota;SUV;03916.jpg
466;207;1382;744;133;22;5;Hyundai Veracruz SUV 2012;Hyundai;SUV;03917.jpg
8;73;639;463;61;9;4;Chevrolet Impala Sedan 2007;Chevrolet;Sedan;03918.jpg
216;37;817;558;183;43;2;Suzuki SX4 Hatchback 2012;Suzuki;Hatchback;03919.jpg
133;86;642;478;94;12;5;Dodge Durango SUV 2012;Dodge;SUV;03920.jpg
307;160;1447;1081;149;26;5;Jeep Compass SUV 2012;Jeep;SUV;03921.jpg
19;42;296;185;190;46;2;Volkswagen Golf Hatchback 2012;Volkswagen;Hatchback;03922.jpg
3;91;617;446;48;7;5;Buick Rainier SUV 2007;Buick;SUV;03923.jpg
147;51;896;686;122;18;6;GMC Canyon Extended Cab 2012;GMC;Truck;03924.jpg
8;4;278;190;53;8;6;Cadillac Escalade EXT Crew Cab 2007;Cadillac;Truck;03925.jpg
18;75;437;331;143;24;5;Isuzu Ascender SUV 2008;Isuzu;SUV;03926.jpg
14;12;383;193;159;32;5;Mazda Tribute SUV 2011;Mazda;SUV;03927.jpg
1;46;273;168;41;5;4;Bentley Mulsanne Sedan 2011;Bentley;Sedan;03928.jpg
132;222;607;468;101;15;1;Ferrari FF Coupe 2012;Ferrari;Coupe;03929.jpg
14;31;250;175;190;46;2;Volkswagen Golf Hatchback 2012;Volkswagen;Hatchback;03930.jpg
231;143;933;572;167;35;4;Mitsubishi Lancer Sedan 2012;Mitsubishi;Sedan;03931.jpg
127;87;508;399;49;7;4;Buick Verano Sedan 2012;Buick;Sedan;03932.jpg
28;42;437;210;60;9;8;Chevrolet HHR SS 2010;Chevrolet;Wagon;03933.jpg
111;195;481;394;73;9;4;Chevrolet Malibu Sedan 2007;Chevrolet;Sedan;03934.jpg
188;509;1493;1201;32;4;5;BMW X5 SUV 2007;BMW;SUV;03935.jpg
4;24;245;165;22;3;1;Audi S5 Coupe 2012;Audi;Coupe;03936.jpg
15;152;587;447;189;45;5;Toyota 4Runner SUV 2012;Toyota;SUV;03937.jpg
48;236;498;449;166;34;7;Mercedes-Benz Sprinter Van 2012;Mercedes-Benz;Van;03938.jpg
54;81;596;445;155;28;5;Land Rover LR2 SUV 2012;Land Rover;SUV;03939.jpg
254;516;1702;1226;165;34;4;Mercedes-Benz S-Class Sedan 2012;Mercedes-Benz;Sedan;03940.jpg
8;51;222;125;107;17;0;Ford Mustang Convertible 2007;Ford;Convertible;03941.jpg
95;23;686;437;38;4;0;BMW Z4 Convertible 2012;BMW;Convertible;03942.jpg
50;127;587;396;1;0;5;AM General Hummer SUV 2000;AM;SUV;03943.jpg
56;197;1226;707;77;10;0;Chrysler Sebring Convertible 2010;Chrysler;Convertible;03944.jpg
8;56;496;262;194;47;4;Volvo 240 Sedan 1993;Volvo;Sedan;03945.jpg
1;97;961;646;72;9;1;Chevrolet Monte Carlo Coupe 2007;Chevrolet;Coupe;03946.jpg
358;113;1033;528;183;43;2;Suzuki SX4 Hatchback 2012;Suzuki;Hatchback;03947.jpg
1;70;466;304;124;20;6;HUMMER H3T Crew Cab 2010;HUMMER;Truck;03948.jpg
3;70;622;379;171;36;1;Nissan 240SX Coupe 1998;Nissan;Coupe;03949.jpg
100;108;550;358;150;27;1;Lamborghini Reventon Coupe 2008;Lamborghini;Coupe;03950.jpg
23;59;386;247;35;4;4;BMW M5 Sedan 2010;BMW;Sedan;03951.jpg
172;6;1127;616;20;3;4;Audi S6 Sedan 2011;Audi;Sedan;03952.jpg
43;105;421;282;29;4;4;BMW 3 Series Sedan 2012;BMW;Sedan;03953.jpg
39;212;982;683;119;18;7;GMC Savana Van 2012;GMC;Van;03954.jpg
18;31;215;111;123;19;0;Geo Metro Convertible 1993;Geo;Convertible;03955.jpg
92;82;364;219;142;23;5;Infiniti QX56 SUV 2011;Infiniti;SUV;03956.jpg
11;66;246;160;31;4;0;BMW 6 Series Convertible 2007;BMW;Convertible;03957.jpg
70;171;373;275;173;38;4;Porsche Panamera Sedan 2012;Porsche;Sedan;03958.jpg
54;79;536;401;69;9;6;Chevrolet Silverado 2500HD Regular Cab 2012;Chevrolet;Truck;03959.jpg
42;149;603;414;127;21;3;Honda Odyssey Minivan 2007;Honda;Minivan;03960.jpg
63;69;486;309;68;9;0;Chevrolet TrailBlazer SS 2009;Chevrolet;Convertible;03961.jpg
41;167;1227;802;79;10;4;Chrysler 300 SRT-8 2010;Chrysler;Sedan;03962.jpg
37;126;596;357;103;15;0;Ferrari 458 Italia Convertible 2012;Ferrari;Convertible;03963.jpg
23;62;486;289;71;9;7;Chevrolet Express Van 2007;Chevrolet;Van;03964.jpg
172;393;1713;1063;5;1;4;Acura TSX Sedan 2012;Acura;Sedan;03965.jpg
6;55;733;449;147;26;5;Jeep Liberty SUV 2012;Jeep;SUV;03966.jpg
25;35;266;180;118;18;5;GMC Terrain SUV 2012;GMC;SUV;03967.jpg
228;623;1813;1322;6;1;4;Acura Integra Type R 2001;Acura;Sedan;03968.jpg
63;72;757;462;15;3;1;Audi R8 Coupe 2012;Audi;Coupe;03969.jpg
10;63;243;158;62;9;5;Chevrolet Tahoe Hybrid SUV 2012;Chevrolet;SUV;03970.jpg
30;62;612;419;120;18;5;GMC Yukon Hybrid SUV 2012;GMC;SUV;03971.jpg
260;217;1083;659;164;34;4;Mercedes-Benz E-Class Sedan 2012;Mercedes-Benz;Sedan;03972.jpg
115;121;600;452;163;34;1;Mercedes-Benz SL-Class Coupe 2009;Mercedes-Benz;Coupe;03973.jpg
35;56;562;303;137;22;4;Hyundai Genesis Sedan 2012;Hyundai;Sedan;03974.jpg
26;192;628;389;43;5;1;Bentley Continental GT Coupe 2007;Bentley;Coupe;03975.jpg
31;12;259;183;65;9;6;Chevrolet Avalanche Crew Cab 2012;Chevrolet;Truck;03976.jpg
23;143;631;387;120;18;5;GMC Yukon Hybrid SUV 2012;GMC;SUV;03977.jpg
34;134;567;384;102;15;0;Ferrari California Convertible 2012;Ferrari;Convertible;03978.jpg
47;81;1149;684;164;34;4;Mercedes-Benz E-Class Sedan 2012;Mercedes-Benz;Sedan;03979.jpg
24;51;612;435;130;22;2;Hyundai Veloster Hatchback 2012;Hyundai;Hatchback;03980.jpg
25;89;455;257;16;3;4;Audi V8 Sedan 1994;Audi;Sedan;03981.jpg
67;80;593;266;191;46;2;Volkswagen Golf Hatchback 1991;Volkswagen;Hatchback;03982.jpg
6;83;474;309;153;27;1;Lamborghini Diablo Coupe 2001;Lamborghini;Coupe;03983.jpg
8;19;289;180;90;12;6;Dodge Dakota Crew Cab 2010;Dodge;Truck;03984.jpg
12;43;133;98;17;3;4;Audi 100 Sedan 1994;Audi;Sedan;03985.jpg
21;635;2748;1611;172;37;1;Plymouth Neon Coupe 1999;Plymouth;Coupe;03986.jpg
41;17;595;263;126;21;3;Honda Odyssey Minivan 2012;Honda;Minivan;03987.jpg
188;125;612;558;64;9;7;Chevrolet Express Cargo Van 2007;Chevrolet;Van;03988.jpg
4;6;278;173;189;45;5;Toyota 4Runner SUV 2012;Toyota;SUV;03989.jpg
91;455;1801;1128;27;4;0;BMW 1 Series Convertible 2012;BMW;Convertible;03990.jpg
6;128;515;333;181;43;4;Suzuki Aerio Sedan 2007;Suzuki;Sedan;03991.jpg
49;118;481;355;82;11;8;Daewoo Nubira Wagon 2002;Daewoo;Wagon;03992.jpg
30;140;1001;603;164;34;4;Mercedes-Benz E-Class Sedan 2012;Mercedes-Benz;Sedan;03993.jpg
18;32;537;233;66;9;4;Chevrolet Cobalt SS 2010;Chevrolet;Sedan;03994.jpg
13;147;787;450;195;47;5;Volvo XC90 SUV 2007;Volvo;SUV;03995.jpg
42;9;573;366;196;48;0;smart fortwo Convertible 2012;smart;Convertible;03996.jpg
1;1;477;335;114;17;6;Ford F-150 Regular Cab 2007;Ford;Truck;03997.jpg
22;47;477;267;67;9;4;Chevrolet Malibu Hybrid Sedan 2010;Chevrolet;Sedan;03998.jpg
1;1;500;367;82;11;8;Daewoo Nubira Wagon 2002;Daewoo;Wagon;03999.jpg
15;60;388;264;108;17;3;Ford Freestar Minivan 2007;Ford;Minivan;04000.jpg
97;259;868;646;164;34;4;Mercedes-Benz E-Class Sedan 2012;Mercedes-Benz;Sedan;04001.jpg
33;59;609;345;56;9;1;Chevrolet Corvette ZR1 2012;Chevrolet;Coupe;04002.jpg
81;241;994;717;59;9;0;Chevrolet Camaro Convertible 2012;Chevrolet;Convertible;04003.jpg
18;68;395;228;190;46;2;Volkswagen Golf Hatchback 2012;Volkswagen;Hatchback;04004.jpg
185;58;830;604;191;46;2;Volkswagen Golf Hatchback 1991;Volkswagen;Hatchback;04005.jpg
94;712;1492;1186;163;34;1;Mercedes-Benz SL-Class Coupe 2009;Mercedes-Benz;Coupe;04006.jpg
24;74;972;661;195;47;5;Volvo XC90 SUV 2007;Volvo;SUV;04007.jpg
31;64;264;165;62;9;5;Chevrolet Tahoe Hybrid SUV 2012;Chevrolet;SUV;04008.jpg
42;102;632;353;72;9;1;Chevrolet Monte Carlo Coupe 2007;Chevrolet;Coupe;04009.jpg
91;132;930;655;139;22;2;Hyundai Elantra Touring Hatchback 2012;Hyundai;Hatchback;04010.jpg
68;93;440;317;2;1;4;Acura RL Sedan 2012;Acura;Sedan;04011.jpg
33;45;209;152;188;45;4;Toyota Corolla Sedan 2012;Toyota;Sedan;04012.jpg
17;117;661;405;183;43;2;Suzuki SX4 Hatchback 2012;Suzuki;Hatchback;04013.jpg
103;356;882;721;81;10;0;Chrysler PT Cruiser Convertible 2008;Chrysler;Convertible;04015.jpg
180;123;423;268;160;33;1;McLaren MP4-12C Coupe 2012;McLaren;Coupe;04016.jpg
10;66;478;232;141;23;1;Infiniti G Coupe IPL 2012;Infiniti;Coupe;04017.jpg
64;110;575;359;37;4;5;BMW X3 SUV 2012;BMW;SUV;04018.jpg
40;16;607;380;132;22;5;Hyundai Tucson SUV 2012;Hyundai;SUV;04019.jpg
105;144;654;402;50;7;5;Buick Enclave SUV 2012;Buick;SUV;04020.jpg
35;85;479;329;93;12;1;Dodge Challenger SRT8 2011;Dodge;Coupe;04021.jpg
1;6;120;77;123;19;0;Geo Metro Convertible 1993;Geo;Convertible;04022.jpg
85;33;485;297;26;4;4;BMW ActiveHybrid 5 Sedan 2012;BMW;Sedan;04023.jpg
52;41;377;307;121;18;5;GMC Acadia SUV 2012;GMC;SUV;04024.jpg
1;39;268;183;91;12;6;Dodge Dakota Club Cab 2007;Dodge;Truck;04025.jpg
8;17;468;297;91;12;6;Dodge Dakota Club Cab 2007;Dodge;Truck;04026.jpg
23;33;626;393;79;10;4;Chrysler 300 SRT-8 2010;Chrysler;Sedan;04027.jpg
35;105;595;411;172;37;1;Plymouth Neon Coupe 1999;Plymouth;Coupe;04028.jpg
46;310;1209;732;30;4;8;BMW 3 Series Wagon 2012;BMW;Wagon;04029.jpg
5;22;295;195;28;4;1;BMW 1 Series Coupe 2012;BMW;Coupe;04030.jpg
28;93;786;546;135;22;4;Hyundai Elantra Sedan 2007;Hyundai;Sedan;04031.jpg
65;132;453;356;73;9;4;Chevrolet Malibu Sedan 2007;Chevrolet;Sedan;04032.jpg
11;62;198;125;158;31;0;Maybach Landaulet Convertible 2012;Maybach;Convertible;04033.jpg
21;12;293;215;109;17;5;Ford Expedition EL SUV 2009;Ford;SUV;04034.jpg
94;23;260;205;56;9;1;Chevrolet Corvette ZR1 2012;Chevrolet;Coupe;04035.jpg
27;88;406;256;117;17;4;Ford Fiesta Sedan 2012;Ford;Sedan;04036.jpg
8;25;292;177;91;12;6;Dodge Dakota Club Cab 2007;Dodge;Truck;04037.jpg
8;128;496;286;31;4;0;BMW 6 Series Convertible 2007;BMW;Convertible;04038.jpg
120;66;673;472;157;30;0;MINI Cooper Roadster Convertible 2012;MINI Cooper;Convertible;04039.jpg
68;354;992;669;21;3;0;Audi S5 Convertible 2012;Audi;Convertible;04040.jpg
8;56;215;121;56;9;1;Chevrolet Corvette ZR1 2012;Chevrolet;Coupe;04041.jpg
72;93;940;606;93;12;1;Dodge Challenger SRT8 2011;Dodge;Coupe;04042.jpg
26;96;618;426;81;10;0;Chrysler PT Cruiser Convertible 2008;Chrysler;Convertible;04043.jpg
152;325;1499;880;145;26;5;Jeep Patriot SUV 2012;Jeep;SUV;04044.jpg
20;79;734;431;84;12;8;Dodge Caliber Wagon 2007;Dodge;Wagon;04045.jpg
28;105;778;535;97;12;4;Dodge Charger SRT-8 2009;Dodge;Sedan;04046.jpg
12;19;100;54;123;19;0;Geo Metro Convertible 1993;Geo;Convertible;04047.jpg
73;98;505;298;99;14;2;FIAT 500 Abarth 2012;FIAT;Hatchback;04048.jpg
25;64;633;401;77;10;0;Chrysler Sebring Convertible 2010;Chrysler;Convertible;04049.jpg
50;363;1129;740;79;10;4;Chrysler 300 SRT-8 2010;Chrysler;Sedan;04050.jpg
22;60;377;260;62;9;5;Chevrolet Tahoe Hybrid SUV 2012;Chevrolet;SUV;04051.jpg
5;21;404;251;36;4;0;BMW M6 Convertible 2010;BMW;Convertible;04052.jpg
24;45;452;325;81;10;0;Chrysler PT Cruiser Convertible 2008;Chrysler;Convertible;04053.jpg
37;188;1273;836;36;4;0;BMW M6 Convertible 2010;BMW;Convertible;04054.jpg
200;147;615;465;100;14;0;FIAT 500 Convertible 2012;FIAT;Convertible;04055.jpg
28;48;663;302;1;0;5;AM General Hummer SUV 2000;AM;SUV;04056.jpg
43;57;654;386;183;43;2;Suzuki SX4 Hatchback 2012;Suzuki;Hatchback;04057.jpg
16;75;467;271;64;9;7;Chevrolet Express Cargo Van 2007;Chevrolet;Van;04058.jpg
19;86;389;227;23;3;4;Audi S4 Sedan 2012;Audi;Sedan;04059.jpg
18;77;565;439;32;4;5;BMW X5 SUV 2007;BMW;SUV;04060.jpg
12;48;252;169;19;3;2;Audi TT Hatchback 2011;Audi;Hatchback;04061.jpg
38;3;418;328;88;12;7;Dodge Sprinter Cargo Van 2009;Dodge;Van;04062.jpg
77;66;596;429;114;17;6;Ford F-150 Regular Cab 2007;Ford;Truck;04063.jpg
60;91;559;389;115;17;4;Ford Focus Sedan 2007;Ford;Sedan;04064.jpg
65;151;639;435;189;45;5;Toyota 4Runner SUV 2012;Toyota;SUV;04065.jpg
39;66;376;298;111;17;6;Ford Ranger SuperCab 2011;Ford;Truck;04066.jpg
17;114;594;415;33;4;5;BMW X6 SUV 2012;BMW;SUV;04067.jpg
26;74;618;411;117;17;4;Ford Fiesta Sedan 2012;Ford;Sedan;04068.jpg
22;55;285;199;84;12;8;Dodge Caliber Wagon 2007;Dodge;Wagon;04069.jpg
43;44;593;378;193;47;2;Volvo C30 Hatchback 2012;Volvo;Hatchback;04070.jpg
81;157;862;599;167;35;4;Mitsubishi Lancer Sedan 2012;Mitsubishi;Sedan;04071.jpg
35;95;609;331;8;2;0;Aston Martin V8 Vantage Convertible 2012;Aston;Convertible;04072.jpg
25;116;629;333;49;7;4;Buick Verano Sedan 2012;Buick;Sedan;04073.jpg
51;24;259;147;88;12;7;Dodge Sprinter Cargo Van 2009;Dodge;Van;04074.jpg
62;249;796;663;23;3;4;Audi S4 Sedan 2012;Audi;Sedan;04075.jpg
41;52;757;490;195;47;5;Volvo XC90 SUV 2007;Volvo;SUV;04076.jpg
32;36;261;154;128;21;1;Honda Accord Coupe 2012;Honda;Coupe;04077.jpg
456;773;2795;1988;191;46;2;Volkswagen Golf Hatchback 1991;Volkswagen;Hatchback;04078.jpg
37;7;300;195;83;12;8;Dodge Caliber Wagon 2012;Dodge;Wagon;04079.jpg
17;30;463;316;73;9;4;Chevrolet Malibu Sedan 2007;Chevrolet;Sedan;04080.jpg
45;53;602;399;144;25;1;Jaguar XK XKR 2012;Jaguar;Coupe;04081.jpg
9;29;416;255;179;42;0;Spyker C8 Convertible 2009;Spyker;Convertible;04082.jpg
90;115;416;387;113;17;6;Ford F-150 Regular Cab 2012;Ford;Truck;04083.jpg
9;101;512;307;177;40;4;Rolls-Royce Phantom Sedan 2012;Rolls-Royce;Sedan;04084.jpg
103;361;1075;719;7;1;2;Acura ZDX Hatchback 2012;Acura;Hatchback;04085.jpg
106;241;1155;732;27;4;0;BMW 1 Series Convertible 2012;BMW;Convertible;04086.jpg
48;65;621;443;118;18;5;GMC Terrain SUV 2012;GMC;SUV;04087.jpg
40;66;399;279;54;9;6;Chevrolet Silverado 1500 Hybrid Crew Cab 2012;Chevrolet;Truck;04088.jpg
492;248;916;538;26;4;4;BMW ActiveHybrid 5 Sedan 2012;BMW;Sedan;04089.jpg
136;247;1876;1045;182;43;4;Suzuki Kizashi Sedan 2012;Suzuki;Sedan;04090.jpg
18;95;290;205;48;7;5;Buick Rainier SUV 2007;Buick;SUV;04091.jpg
137;103;909;667;97;12;4;Dodge Charger SRT-8 2009;Dodge;Sedan;04092.jpg
113;169;1431;993;147;26;5;Jeep Liberty SUV 2012;Jeep;SUV;04093.jpg
75;272;1150;846;186;45;5;Toyota Sequoia SUV 2012;Toyota;SUV;04094.jpg
2;26;264;187;108;17;3;Ford Freestar Minivan 2007;Ford;Minivan;04095.jpg
98;89;509;347;136;22;4;Hyundai Accent Sedan 2012;Hyundai;Sedan;04096.jpg
161;206;553;377;63;9;4;Chevrolet Sonic Sedan 2012;Chevrolet;Sedan;04097.jpg
21;31;416;228;180;42;1;Spyker C8 Coupe 2009;Spyker;Coupe;04098.jpg
1;31;149;148;157;30;0;MINI Cooper Roadster Convertible 2012;MINI Cooper;Convertible;04099.jpg
51;8;256;187;111;17;6;Ford Ranger SuperCab 2011;Ford;Truck;04100.jpg
53;222;973;719;150;27;1;Lamborghini Reventon Coupe 2008;Lamborghini;Coupe;04101.jpg
114;149;938;633;94;12;5;Dodge Durango SUV 2012;Dodge;SUV;04102.jpg
160;79;699;457;82;11;8;Daewoo Nubira Wagon 2002;Daewoo;Wagon;04103.jpg
48;74;2608;1640;70;9;6;Chevrolet Silverado 1500 Classic Extended Cab 2007;Chevrolet;Truck;04104.jpg
20;254;997;642;152;27;1;Lamborghini Gallardo LP 570-4 Superleggera 2012;Lamborghini;Coupe;04105.jpg
183;6;694;291;145;26;5;Jeep Patriot SUV 2012;Jeep;SUV;04106.jpg
26;83;450;332;148;26;5;Jeep Grand Cherokee SUV 2012;Jeep;SUV;04107.jpg
16;37;289;165;155;28;5;Land Rover LR2 SUV 2012;Land Rover;SUV;04108.jpg
21;40;445;295;44;5;4;Bentley Continental Flying Spur Sedan 2007;Bentley;Sedan;04109.jpg
71;33;618;411;101;15;1;Ferrari FF Coupe 2012;Ferrari;Coupe;04110.jpg
27;8;1998;1443;64;9;7;Chevrolet Express Cargo Van 2007;Chevrolet;Van;04111.jpg
8;29;258;165;129;21;4;Honda Accord Sedan 2012;Honda;Sedan;04112.jpg
13;18;250;175;60;9;8;Chevrolet HHR SS 2010;Chevrolet;Wagon;04113.jpg
46;19;593;410;147;26;5;Jeep Liberty SUV 2012;Jeep;SUV;04115.jpg
66;68;1552;981;77;10;0;Chrysler Sebring Convertible 2010;Chrysler;Convertible;04116.jpg
2;21;356;264;52;8;5;Cadillac SRX SUV 2012;Cadillac;SUV;04117.jpg
19;77;413;242;83;12;8;Dodge Caliber Wagon 2012;Dodge;Wagon;04118.jpg
183;120;776;375;182;43;4;Suzuki Kizashi Sedan 2012;Suzuki;Sedan;04119.jpg
132;87;547;304;46;6;1;Bugatti Veyron 16.4 Coupe 2009;Bugatti;Coupe;04120.jpg
109;132;468;247;8;2;0;Aston Martin V8 Vantage Convertible 2012;Aston;Convertible;04121.jpg
17;27;258;194;116;17;7;Ford E-Series Wagon Van 2012;Ford;Van;04122.jpg
62;24;343;228;115;17;4;Ford Focus Sedan 2007;Ford;Sedan;04123.jpg
8;70;473;299;67;9;4;Chevrolet Malibu Hybrid Sedan 2010;Chevrolet;Sedan;04124.jpg
12;52;579;377;159;32;5;Mazda Tribute SUV 2011;Mazda;SUV;04125.jpg
110;101;519;323;42;5;1;Bentley Continental GT Coupe 2012;Bentley;Coupe;04126.jpg
1;24;297;190;83;12;8;Dodge Caliber Wagon 2012;Dodge;Wagon;04127.jpg
71;65;579;396;192;46;2;Volkswagen Beetle Hatchback 2012;Volkswagen;Hatchback;04128.jpg
22;123;591;373;29;4;4;BMW 3 Series Sedan 2012;BMW;Sedan;04129.jpg
37;41;345;173;130;22;2;Hyundai Veloster Hatchback 2012;Hyundai;Hatchback;04131.jpg
72;148;555;316;135;22;4;Hyundai Elantra Sedan 2007;Hyundai;Sedan;04132.jpg
20;54;244;154;128;21;1;Honda Accord Coupe 2012;Honda;Coupe;04133.jpg
43;107;683;392;147;26;5;Jeep Liberty SUV 2012;Jeep;SUV;04134.jpg
55;130;989;713;167;35;4;Mitsubishi Lancer Sedan 2012;Mitsubishi;Sedan;04135.jpg
164;394;1954;1053;164;34;4;Mercedes-Benz E-Class Sedan 2012;Mercedes-Benz;Sedan;04136.jpg
199;482;3385;2465;58;9;5;Chevrolet Traverse SUV 2012;Chevrolet;SUV;04137.jpg
30;48;222;144;31;4;0;BMW 6 Series Convertible 2007;BMW;Convertible;04138.jpg
21;83;633;374;123;19;0;Geo Metro Convertible 1993;Geo;Convertible;04139.jpg
61;24;206;144;113;17;6;Ford F-150 Regular Cab 2012;Ford;Truck;04140.jpg
5;1;701;350;184;43;4;Suzuki SX4 Sedan 2012;Suzuki;Sedan;04141.jpg
18;40;210;171;118;18;5;GMC Terrain SUV 2012;GMC;SUV;04142.jpg
178;163;729;452;110;17;5;Ford Edge SUV 2012;Ford;SUV;04144.jpg
11;192;555;373;128;21;1;Honda Accord Coupe 2012;Honda;Coupe;04145.jpg
114;34;577;337;182;43;4;Suzuki Kizashi Sedan 2012;Suzuki;Sedan;04146.jpg
31;158;602;373;122;18;6;GMC Canyon Extended Cab 2012;GMC;Truck;04147.jpg
16;25;271;187;131;22;5;Hyundai Santa Fe SUV 2012;Hyundai;SUV;04148.jpg
19;82;560;337;33;4;5;BMW X6 SUV 2012;BMW;SUV;04149.jpg
28;27;300;181;78;10;3;Chrysler Town and Country Minivan 2012;Chrysler;Minivan;04150.jpg
47;145;608;366;181;43;4;Suzuki Aerio Sedan 2007;Suzuki;Sedan;04151.jpg
28;58;226;150;27;4;0;BMW 1 Series Convertible 2012;BMW;Convertible;04152.jpg
23;9;641;352;183;43;2;Suzuki SX4 Hatchback 2012;Suzuki;Hatchback;04153.jpg
14;110;619;432;53;8;6;Cadillac Escalade EXT Crew Cab 2007;Cadillac;Truck;04154.jpg
85;106;356;292;15;3;1;Audi R8 Coupe 2012;Audi;Coupe;04155.jpg
11;21;733;529;184;43;4;Suzuki SX4 Sedan 2012;Suzuki;Sedan;04156.jpg
10;20;256;171;90;12;6;Dodge Dakota Crew Cab 2010;Dodge;Truck;04157.jpg
15;49;552;422;135;22;4;Hyundai Elantra Sedan 2007;Hyundai;Sedan;04158.jpg
21;63;577;324;150;27;1;Lamborghini Reventon Coupe 2008;Lamborghini;Coupe;04159.jpg
24;57;372;275;178;41;2;Scion xD Hatchback 2012;Scion;Hatchback;04160.jpg
127;166;947;559;89;12;5;Dodge Journey SUV 2012;Dodge;SUV;04161.jpg
4;25;257;165;95;12;5;Dodge Durango SUV 2007;Dodge;SUV;04162.jpg
23;31;238;140;70;9;6;Chevrolet Silverado 1500 Classic Extended Cab 2007;Chevrolet;Truck;04163.jpg
28;182;467;340;113;17;6;Ford F-150 Regular Cab 2012;Ford;Truck;04164.jpg
107;70;550;318;130;22;2;Hyundai Veloster Hatchback 2012;Hyundai;Hatchback;04165.jpg
80;134;708;456;11;2;1;Aston Martin Virage Coupe 2012;Aston;Coupe;04166.jpg
19;175;1582;1081;81;10;0;Chrysler PT Cruiser Convertible 2008;Chrysler;Convertible;04167.jpg
44;148;537;369;159;32;5;Mazda Tribute SUV 2011;Mazda;SUV;04168.jpg
10;41;289;174;128;21;1;Honda Accord Coupe 2012;Honda;Coupe;04169.jpg
29;181;582;398;85;12;3;Dodge Caravan Minivan 1997;Dodge;Minivan;04170.jpg
116;159;788;530;32;4;5;BMW X5 SUV 2007;BMW;SUV;04171.jpg
145;97;880;638;164;34;4;Mercedes-Benz E-Class Sedan 2012;Mercedes-Benz;Sedan;04172.jpg
161;54;1061;642;173;38;4;Porsche Panamera Sedan 2012;Porsche;Sedan;04173.jpg
34;52;226;157;175;40;0;Rolls-Royce Phantom Drophead Coupe Convertible 2012;Rolls-Royce;Convertible;04174.jpg
36;47;611;463;76;10;5;Chrysler Aspen SUV 2009;Chrysler;SUV;04175.jpg
218;500;1375;1061;18;3;8;Audi 100 Wagon 1994;Audi;Wagon;04176.jpg
42;150;415;348;161;34;0;Mercedes-Benz 300-Class Convertible 1993;Mercedes-Benz;Convertible;04177.jpg
89;120;562;316;182;43;4;Suzuki Kizashi Sedan 2012;Suzuki;Sedan;04178.jpg
78;99;573;404;108;17;3;Ford Freestar Minivan 2007;Ford;Minivan;04179.jpg
96;151;599;449;65;9;6;Chevrolet Avalanche Crew Cab 2012;Chevrolet;Truck;04180.jpg
110;108;536;265;177;40;4;Rolls-Royce Phantom Sedan 2012;Rolls-Royce;Sedan;04181.jpg
72;267;2602;1813;58;9;5;Chevrolet Traverse SUV 2012;Chevrolet;SUV;04182.jpg
16;109;981;694;170;36;2;Nissan Juke Hatchback 2012;Nissan;Hatchback;04183.jpg
1;1;240;99;125;20;6;HUMMER H2 SUT Crew Cab 2009;HUMMER;Truck;04184.jpg
41;84;583;414;178;41;2;Scion xD Hatchback 2012;Scion;Hatchback;04185.jpg
37;216;746;502;8;2;0;Aston Martin V8 Vantage Convertible 2012;Aston;Convertible;04186.jpg
99;120;588;415;74;9;6;Chevrolet Silverado 1500 Extended Cab 2012;Chevrolet;Truck;04187.jpg
34;112;961;686;121;18;5;GMC Acadia SUV 2012;GMC;SUV;04188.jpg
95;179;595;362;64;9;7;Chevrolet Express Cargo Van 2007;Chevrolet;Van;04189.jpg
16;102;621;423;10;2;0;Aston Martin Virage Convertible 2012;Aston;Convertible;04190.jpg
43;104;550;299;16;3;4;Audi V8 Sedan 1994;Audi;Sedan;04191.jpg
173;62;546;349;102;15;0;Ferrari California Convertible 2012;Ferrari;Convertible;04192.jpg
91;53;579;325;149;26;5;Jeep Compass SUV 2012;Jeep;SUV;04193.jpg
16;25;638;466;78;10;3;Chrysler Town and Country Minivan 2012;Chrysler;Minivan;04194.jpg
27;154;605;355;20;3;4;Audi S6 Sedan 2011;Audi;Sedan;04195.jpg
117;323;972;794;164;34;4;Mercedes-Benz E-Class Sedan 2012;Mercedes-Benz;Sedan;04196.jpg
34;46;563;374;8;2;0;Aston Martin V8 Vantage Convertible 2012;Aston;Convertible;04197.jpg
209;290;875;590;130;22;2;Hyundai Veloster Hatchback 2012;Hyundai;Hatchback;04198.jpg
8;15;256;178;109;17;5;Ford Expedition EL SUV 2009;Ford;SUV;04199.jpg
16;62;243;161;118;18;5;GMC Terrain SUV 2012;GMC;SUV;04200.jpg
153;67;561;435;61;9;4;Chevrolet Impala Sedan 2007;Chevrolet;Sedan;04201.jpg
56;117;474;266;141;23;1;Infiniti G Coupe IPL 2012;Infiniti;Coupe;04202.jpg
3;79;239;179;143;24;5;Isuzu Ascender SUV 2008;Isuzu;SUV;04203.jpg
27;73;635;425;80;10;0;Chrysler Crossfire Convertible 2008;Chrysler;Convertible;04204.jpg
4;2;265;182;31;4;0;BMW 6 Series Convertible 2007;BMW;Convertible;04205.jpg
21;172;666;519;172;37;1;Plymouth Neon Coupe 1999;Plymouth;Coupe;04206.jpg
17;13;313;226;106;17;6;Ford F-450 Super Duty Crew Cab 2012;Ford;Truck;04207.jpg
81;1;447;275;65;9;6;Chevrolet Avalanche Crew Cab 2012;Chevrolet;Truck;04208.jpg
107;562;1913;1203;96;12;4;Dodge Charger Sedan 2012;Dodge;Sedan;04209.jpg
56;114;338;323;180;42;1;Spyker C8 Coupe 2009;Spyker;Coupe;04210.jpg
80;141;988;640;96;12;4;Dodge Charger Sedan 2012;Dodge;Sedan;04211.jpg
1;7;270;183;65;9;6;Chevrolet Avalanche Crew Cab 2012;Chevrolet;Truck;04212.jpg
8;45;298;145;119;18;7;GMC Savana Van 2012;GMC;Van;04213.jpg
23;63;227;165;119;18;7;GMC Savana Van 2012;GMC;Van;04214.jpg
36;141;558;363;194;47;4;Volvo 240 Sedan 1993;Volvo;Sedan;04215.jpg
30;81;274;163;8;2;0;Aston Martin V8 Vantage Convertible 2012;Aston;Convertible;04216.jpg
209;167;777;380;144;25;1;Jaguar XK XKR 2012;Jaguar;Coupe;04217.jpg
43;117;561;278;59;9;0;Chevrolet Camaro Convertible 2012;Chevrolet;Convertible;04218.jpg
34;108;595;410;166;34;7;Mercedes-Benz Sprinter Van 2012;Mercedes-Benz;Van;04219.jpg
111;31;554;305;146;26;5;Jeep Wrangler SUV 2012;Jeep;SUV;04220.jpg
17;30;247;185;73;9;4;Chevrolet Malibu Sedan 2007;Chevrolet;Sedan;04221.jpg
17;67;307;236;121;18;5;GMC Acadia SUV 2012;GMC;SUV;04222.jpg
18;33;437;287;124;20;6;HUMMER H3T Crew Cab 2010;HUMMER;Truck;04223.jpg
17;152;476;367;6;1;4;Acura Integra Type R 2001;Acura;Sedan;04224.jpg
8;139;605;431;88;12;7;Dodge Sprinter Cargo Van 2009;Dodge;Van;04225.jpg
51;77;2462;1622;145;26;5;Jeep Patriot SUV 2012;Jeep;SUV;04226.jpg
34;38;276;182;77;10;0;Chrysler Sebring Convertible 2010;Chrysler;Convertible;04227.jpg
11;47;270;155;181;43;4;Suzuki Aerio Sedan 2007;Suzuki;Sedan;04228.jpg
124;75;1069;673;168;36;2;Nissan Leaf Hatchback 2012;Nissan;Hatchback;04229.jpg
2;33;778;333;107;17;0;Ford Mustang Convertible 2007;Ford;Convertible;04230.jpg
14;28;605;489;179;42;0;Spyker C8 Convertible 2009;Spyker;Convertible;04231.jpg
105;99;579;354;102;15;0;Ferrari California Convertible 2012;Ferrari;Convertible;04232.jpg
96;66;453;392;116;17;7;Ford E-Series Wagon Van 2012;Ford;Van;04233.jpg
1;103;456;266;74;9;6;Chevrolet Silverado 1500 Extended Cab 2012;Chevrolet;Truck;04234.jpg
23;65;637;307;116;17;7;Ford E-Series Wagon Van 2012;Ford;Van;04235.jpg
29;160;668;353;107;17;0;Ford Mustang Convertible 2007;Ford;Convertible;04236.jpg
143;99;1966;1497;20;3;4;Audi S6 Sedan 2011;Audi;Sedan;04237.jpg
48;100;446;289;81;10;0;Chrysler PT Cruiser Convertible 2008;Chrysler;Convertible;04238.jpg
84;38;585;429;118;18;5;GMC Terrain SUV 2012;GMC;SUV;04239.jpg
18;177;778;522;191;46;2;Volkswagen Golf Hatchback 1991;Volkswagen;Hatchback;04240.jpg
58;140;1209;670;15;3;1;Audi R8 Coupe 2012;Audi;Coupe;04241.jpg
349;88;2212;1429;147;26;5;Jeep Liberty SUV 2012;Jeep;SUV;04242.jpg
66;128;617;379;43;5;1;Bentley Continental GT Coupe 2007;Bentley;Coupe;04243.jpg
139;172;690;431;2;1;4;Acura RL Sedan 2012;Acura;Sedan;04244.jpg
23;89;617;479;87;12;6;Dodge Ram Pickup 3500 Quad Cab 2009;Dodge;Truck;04245.jpg
66;141;739;427;66;9;4;Chevrolet Cobalt SS 2010;Chevrolet;Sedan;04246.jpg
45;40;644;283;8;2;0;Aston Martin V8 Vantage Convertible 2012;Aston;Convertible;04247.jpg
18;1;442;225;124;20;6;HUMMER H3T Crew Cab 2010;HUMMER;Truck;04248.jpg
22;5;304;159;68;9;0;Chevrolet TrailBlazer SS 2009;Chevrolet;Convertible;04249.jpg
28;84;453;282;45;6;0;Bugatti Veyron 16.4 Convertible 2009;Bugatti;Convertible;04250.jpg
95;161;558;420;139;22;2;Hyundai Elantra Touring Hatchback 2012;Hyundai;Hatchback;04251.jpg
62;145;450;422;7;1;2;Acura ZDX Hatchback 2012;Acura;Hatchback;04252.jpg
53;136;557;350;171;36;1;Nissan 240SX Coupe 1998;Nissan;Coupe;04253.jpg
8;63;496;281;159;32;5;Mazda Tribute SUV 2011;Mazda;SUV;04254.jpg
169;129;414;278;99;14;2;FIAT 500 Abarth 2012;FIAT;Hatchback;04255.jpg
7;10;385;353;100;14;0;FIAT 500 Convertible 2012;FIAT;Convertible;04256.jpg
83;185;577;441;132;22;5;Hyundai Tucson SUV 2012;Hyundai;SUV;04257.jpg
14;16;609;461;76;10;5;Chrysler Aspen SUV 2009;Chrysler;SUV;04258.jpg
61;84;974;548;73;9;4;Chevrolet Malibu Sedan 2007;Chevrolet;Sedan;04259.jpg
36;52;372;218;78;10;3;Chrysler Town and Country Minivan 2012;Chrysler;Minivan;04260.jpg
79;131;275;317;100;14;0;FIAT 500 Convertible 2012;FIAT;Convertible;04261.jpg
25;33;483;243;105;16;4;Fisker Karma Sedan 2012;Fisker;Sedan;04262.jpg
41;175;614;399;192;46;2;Volkswagen Beetle Hatchback 2012;Volkswagen;Hatchback;04263.jpg
44;71;594;416;58;9;5;Chevrolet Traverse SUV 2012;Chevrolet;SUV;04264.jpg
11;86;615;416;150;27;1;Lamborghini Reventon Coupe 2008;Lamborghini;Coupe;04265.jpg
23;161;619;458;30;4;8;BMW 3 Series Wagon 2012;BMW;Wagon;04266.jpg
75;179;564;441;61;9;4;Chevrolet Impala Sedan 2007;Chevrolet;Sedan;04267.jpg
62;13;666;501;65;9;6;Chevrolet Avalanche Crew Cab 2012;Chevrolet;Truck;04268.jpg
39;48;275;180;25;3;1;Audi TT RS Coupe 2012;Audi;Coupe;04269.jpg
133;51;1081;872;78;10;3;Chrysler Town and Country Minivan 2012;Chrysler;Minivan;04270.jpg
8;30;500;325;56;9;1;Chevrolet Corvette ZR1 2012;Chevrolet;Coupe;04271.jpg
47;113;749;426;189;45;5;Toyota 4Runner SUV 2012;Toyota;SUV;04272.jpg
61;66;999;696;146;26;5;Jeep Wrangler SUV 2012;Jeep;SUV;04273.jpg
114;84;967;684;132;22;5;Hyundai Tucson SUV 2012;Hyundai;SUV;04274.jpg
221;577;1736;1340;79;10;4;Chrysler 300 SRT-8 2010;Chrysler;Sedan;04275.jpg
34;90;474;240;179;42;0;Spyker C8 Convertible 2009;Spyker;Convertible;04276.jpg
11;30;402;191;186;45;5;Toyota Sequoia SUV 2012;Toyota;SUV;04277.jpg
177;377;1929;1070;113;17;6;Ford F-150 Regular Cab 2012;Ford;Truck;04278.jpg
1;39;243;135;161;34;0;Mercedes-Benz 300-Class Convertible 1993;Mercedes-Benz;Convertible;04279.jpg
37;72;471;224;59;9;0;Chevrolet Camaro Convertible 2012;Chevrolet;Convertible;04280.jpg
72;46;261;140;163;34;1;Mercedes-Benz SL-Class Coupe 2009;Mercedes-Benz;Coupe;04281.jpg
346;229;1567;883;173;38;4;Porsche Panamera Sedan 2012;Porsche;Sedan;04282.jpg
41;28;660;350;96;12;4;Dodge Charger Sedan 2012;Dodge;Sedan;04283.jpg
1;63;619;411;171;36;1;Nissan 240SX Coupe 1998;Nissan;Coupe;04284.jpg
6;30;253;152;72;9;1;Chevrolet Monte Carlo Coupe 2007;Chevrolet;Coupe;04285.jpg
115;89;591;416;172;37;1;Plymouth Neon Coupe 1999;Plymouth;Coupe;04286.jpg
24;41;398;276;160;33;1;McLaren MP4-12C Coupe 2012;McLaren;Coupe;04287.jpg
76;72;926;690;182;43;4;Suzuki Kizashi Sedan 2012;Suzuki;Sedan;04288.jpg
48;41;353;241;51;8;4;Cadillac CTS-V Sedan 2012;Cadillac;Sedan;04289.jpg
152;140;443;355;117;17;4;Ford Fiesta Sedan 2012;Ford;Sedan;04290.jpg
29;64;215;173;111;17;6;Ford Ranger SuperCab 2011;Ford;Truck;04291.jpg
33;72;540;322;11;2;1;Aston Martin Virage Coupe 2012;Aston;Coupe;04292.jpg
74;45;996;627;106;17;6;Ford F-450 Super Duty Crew Cab 2012;Ford;Truck;04293.jpg
1;8;852;525;36;4;0;BMW M6 Convertible 2010;BMW;Convertible;04294.jpg
74;224;448;368;153;27;1;Lamborghini Diablo Coupe 2001;Lamborghini;Coupe;04295.jpg
183;255;963;671;101;15;1;Ferrari FF Coupe 2012;Ferrari;Coupe;04296.jpg
231;328;1691;1124;98;13;2;Eagle Talon Hatchback 1998;Eagle;Hatchback;04297.jpg
67;152;573;464;155;28;5;Land Rover LR2 SUV 2012;Land Rover;SUV;04298.jpg
12;1;599;385;169;36;7;Nissan NV Passenger Van 2012;Nissan;Van;04299.jpg
16;29;241;155;76;10;5;Chrysler Aspen SUV 2009;Chrysler;SUV;04300.jpg
44;18;229;135;157;30;0;MINI Cooper Roadster Convertible 2012;MINI Cooper;Convertible;04301.jpg
42;195;834;429;57;9;1;Chevrolet Corvette Ron Fellows Edition Z06 2007;Chevrolet;Coupe;04302.jpg
192;581;3976;1791;164;34;4;Mercedes-Benz E-Class Sedan 2012;Mercedes-Benz;Sedan;04303.jpg
87;54;581;391;172;37;1;Plymouth Neon Coupe 1999;Plymouth;Coupe;04304.jpg
23;130;622;441;118;18;5;GMC Terrain SUV 2012;GMC;SUV;04305.jpg
1;16;120;94;174;39;3;Ram C/V Cargo Van Minivan 2012;Ram;Minivan;04306.jpg
6;34;242;124;69;9;6;Chevrolet Silverado 2500HD Regular Cab 2012;Chevrolet;Truck;04307.jpg
91;90;874;495;9;2;1;Aston Martin V8 Vantage Coupe 2012;Aston;Coupe;04308.jpg
16;106;584;379;79;10;4;Chrysler 300 SRT-8 2010;Chrysler;Sedan;04309.jpg
29;143;614;423;58;9;5;Chevrolet Traverse SUV 2012;Chevrolet;SUV;04310.jpg
27;115;594;391;117;17;4;Ford Fiesta Sedan 2012;Ford;Sedan;04311.jpg
3;5;485;210;16;3;4;Audi V8 Sedan 1994;Audi;Sedan;04312.jpg
27;64;250;177;21;3;0;Audi S5 Convertible 2012;Audi;Convertible;04313.jpg
13;9;294;181;186;45;5;Toyota Sequoia SUV 2012;Toyota;SUV;04314.jpg
6;62;381;277;161;34;0;Mercedes-Benz 300-Class Convertible 1993;Mercedes-Benz;Convertible;04315.jpg
74;87;579;262;49;7;4;Buick Verano Sedan 2012;Buick;Sedan;04316.jpg
53;339;963;744;107;17;0;Ford Mustang Convertible 2007;Ford;Convertible;04317.jpg
21;15;363;255;86;12;6;Dodge Ram Pickup 3500 Crew Cab 2010;Dodge;Truck;04318.jpg
15;23;292;163;165;34;4;Mercedes-Benz S-Class Sedan 2012;Mercedes-Benz;Sedan;04319.jpg
109;14;909;715;154;28;5;Land Rover Range Rover SUV 2012;Land Rover;SUV;04320.jpg
98;15;630;294;63;9;4;Chevrolet Sonic Sedan 2012;Chevrolet;Sedan;04321.jpg
35;43;445;314;110;17;5;Ford Edge SUV 2012;Ford;SUV;04322.jpg
10;13;190;91;31;4;0;BMW 6 Series Convertible 2007;BMW;Convertible;04323.jpg
24;3;239;179;121;18;5;GMC Acadia SUV 2012;GMC;SUV;04324.jpg
26;12;457;272;186;45;5;Toyota Sequoia SUV 2012;Toyota;SUV;04325.jpg
108;207;897;596;63;9;4;Chevrolet Sonic Sedan 2012;Chevrolet;Sedan;04326.jpg
59;37;600;369;146;26;5;Jeep Wrangler SUV 2012;Jeep;SUV;04327.jpg
2;13;221;112;42;5;1;Bentley Continental GT Coupe 2012;Bentley;Coupe;04328.jpg
127;170;476;337;100;14;0;FIAT 500 Convertible 2012;FIAT;Convertible;04329.jpg
72;85;986;646;65;9;6;Chevrolet Avalanche Crew Cab 2012;Chevrolet;Truck;04330.jpg
14;126;500;296;98;13;2;Eagle Talon Hatchback 1998;Eagle;Hatchback;04331.jpg
64;151;768;405;182;43;4;Suzuki Kizashi Sedan 2012;Suzuki;Sedan;04332.jpg
71;37;312;134;180;42;1;Spyker C8 Coupe 2009;Spyker;Coupe;04333.jpg
137;272;654;773;45;6;0;Bugatti Veyron 16.4 Convertible 2009;Bugatti;Convertible;04334.jpg
47;58;552;412;185;44;4;Tesla Model S Sedan 2012;Tesla;Sedan;04335.jpg
61;30;969;767;146;26;5;Jeep Wrangler SUV 2012;Jeep;SUV;04336.jpg
24;73;600;338;141;23;1;Infiniti G Coupe IPL 2012;Infiniti;Coupe;04337.jpg
33;67;404;283;5;1;4;Acura TSX Sedan 2012;Acura;Sedan;04338.jpg
69;206;769;511;36;4;0;BMW M6 Convertible 2010;BMW;Convertible;04339.jpg
6;46;255;156;91;12;6;Dodge Dakota Club Cab 2007;Dodge;Truck;04340.jpg
48;34;400;243;91;12;6;Dodge Dakota Club Cab 2007;Dodge;Truck;04341.jpg
15;39;199;124;108;17;3;Ford Freestar Minivan 2007;Ford;Minivan;04342.jpg
143;310;915;656;112;17;1;Ford GT Coupe 2006;Ford;Coupe;04343.jpg
58;124;478;290;188;45;4;Toyota Corolla Sedan 2012;Toyota;Sedan;04344.jpg
172;256;1450;1075;53;8;6;Cadillac Escalade EXT Crew Cab 2007;Cadillac;Truck;04345.jpg
68;95;974;629;79;10;4;Chrysler 300 SRT-8 2010;Chrysler;Sedan;04346.jpg
58;94;467;293;162;34;4;Mercedes-Benz C-Class Sedan 2012;Mercedes-Benz;Sedan;04347.jpg
11;41;615;416;52;8;5;Cadillac SRX SUV 2012;Cadillac;SUV;04348.jpg
33;182;617;386;4;1;4;Acura TL Type-S 2008;Acura;Sedan;04349.jpg
27;45;628;441;67;9;4;Chevrolet Malibu Hybrid Sedan 2010;Chevrolet;Sedan;04350.jpg
200;239;1134;695;35;4;4;BMW M5 Sedan 2010;BMW;Sedan;04351.jpg
179;127;472;333;97;12;4;Dodge Charger SRT-8 2009;Dodge;Sedan;04352.jpg
61;225;968;520;43;5;1;Bentley Continental GT Coupe 2007;Bentley;Coupe;04353.jpg
53;44;684;444;146;26;5;Jeep Wrangler SUV 2012;Jeep;SUV;04354.jpg
135;253;1115;817;193;47;2;Volvo C30 Hatchback 2012;Volvo;Hatchback;04355.jpg
125;134;477;309;52;8;5;Cadillac SRX SUV 2012;Cadillac;SUV;04356.jpg
340;11;1687;1062;25;3;1;Audi TT RS Coupe 2012;Audi;Coupe;04357.jpg
37;63;267;215;195;47;5;Volvo XC90 SUV 2007;Volvo;SUV;04358.jpg
66;68;599;306;19;3;2;Audi TT Hatchback 2011;Audi;Hatchback;04359.jpg
9;29;266;154;56;9;1;Chevrolet Corvette ZR1 2012;Chevrolet;Coupe;04360.jpg
19;40;210;150;196;48;0;smart fortwo Convertible 2012;smart;Convertible;04361.jpg
108;81;739;388;160;33;1;McLaren MP4-12C Coupe 2012;McLaren;Coupe;04362.jpg
38;178;603;371;173;38;4;Porsche Panamera Sedan 2012;Porsche;Sedan;04363.jpg
160;289;1009;947;183;43;2;Suzuki SX4 Hatchback 2012;Suzuki;Hatchback;04364.jpg
47;18;562;355;144;25;1;Jaguar XK XKR 2012;Jaguar;Coupe;04365.jpg
96;69;584;303;49;7;4;Buick Verano Sedan 2012;Buick;Sedan;04366.jpg
24;268;1022;567;105;16;4;Fisker Karma Sedan 2012;Fisker;Sedan;04367.jpg
42;91;636;444;72;9;1;Chevrolet Monte Carlo Coupe 2007;Chevrolet;Coupe;04368.jpg
108;37;682;555;124;20;6;HUMMER H3T Crew Cab 2010;HUMMER;Truck;04369.jpg
168;201;782;604;63;9;4;Chevrolet Sonic Sedan 2012;Chevrolet;Sedan;04370.jpg
103;126;561;414;149;26;5;Jeep Compass SUV 2012;Jeep;SUV;04371.jpg
6;39;257;136;62;9;5;Chevrolet Tahoe Hybrid SUV 2012;Chevrolet;SUV;04372.jpg
41;197;695;440;91;12;6;Dodge Dakota Club Cab 2007;Dodge;Truck;04373.jpg
12;43;639;426;32;4;5;BMW X5 SUV 2007;BMW;SUV;04374.jpg
310;167;602;372;37;4;5;BMW X3 SUV 2012;BMW;SUV;04375.jpg
4;67;259;152;161;34;0;Mercedes-Benz 300-Class Convertible 1993;Mercedes-Benz;Convertible;04376.jpg
17;109;626;438;77;10;0;Chrysler Sebring Convertible 2010;Chrysler;Convertible;04377.jpg
80;73;706;438;144;25;1;Jaguar XK XKR 2012;Jaguar;Coupe;04378.jpg
10;13;234;146;12;3;0;Audi RS 4 Convertible 2008;Audi;Convertible;04379.jpg
7;91;463;296;17;3;4;Audi 100 Sedan 1994;Audi;Sedan;04380.jpg
83;129;367;289;76;10;5;Chrysler Aspen SUV 2009;Chrysler;SUV;04381.jpg
42;80;727;420;168;36;2;Nissan Leaf Hatchback 2012;Nissan;Hatchback;04382.jpg
1;6;500;240;159;32;5;Mazda Tribute SUV 2011;Mazda;SUV;04383.jpg
17;55;285;166;175;40;0;Rolls-Royce Phantom Drophead Coupe Convertible 2012;Rolls-Royce;Convertible;04384.jpg
53;53;569;371;35;4;4;BMW M5 Sedan 2010;BMW;Sedan;04385.jpg
37;38;540;245;10;2;0;Aston Martin Virage Convertible 2012;Aston;Convertible;04386.jpg
35;17;607;437;122;18;6;GMC Canyon Extended Cab 2012;GMC;Truck;04387.jpg
41;155;619;416;180;42;1;Spyker C8 Coupe 2009;Spyker;Coupe;04388.jpg
25;28;377;249;85;12;3;Dodge Caravan Minivan 1997;Dodge;Minivan;04389.jpg
69;145;855;581;139;22;2;Hyundai Elantra Touring Hatchback 2012;Hyundai;Hatchback;04390.jpg
129;74;797;451;148;26;5;Jeep Grand Cherokee SUV 2012;Jeep;SUV;04391.jpg
32;49;363;222;5;1;4;Acura TSX Sedan 2012;Acura;Sedan;04392.jpg
139;60;745;465;95;12;5;Dodge Durango SUV 2007;Dodge;SUV;04393.jpg
17;8;611;443;58;9;5;Chevrolet Traverse SUV 2012;Chevrolet;SUV;04394.jpg
68;184;719;467;102;15;0;Ferrari California Convertible 2012;Ferrari;Convertible;04395.jpg
59;15;753;465;8;2;0;Aston Martin V8 Vantage Convertible 2012;Aston;Convertible;04396.jpg
23;24;307;203;111;17;6;Ford Ranger SuperCab 2011;Ford;Truck;04397.jpg
721;172;3678;1982;176;40;4;Rolls-Royce Ghost Sedan 2012;Rolls-Royce;Sedan;04398.jpg
89;83;219;142;39;5;0;Bentley Continental Supersports Conv. Convertible 2012;Bentley;Convertible;04399.jpg
40;104;587;363;129;21;4;Honda Accord Sedan 2012;Honda;Sedan;04400.jpg
221;136;425;226;46;6;1;Bugatti Veyron 16.4 Coupe 2009;Bugatti;Coupe;04401.jpg
7;88;239;188;100;14;0;FIAT 500 Convertible 2012;FIAT;Convertible;04402.jpg
1;58;300;187;160;33;1;McLaren MP4-12C Coupe 2012;McLaren;Coupe;04403.jpg
37;42;290;201;146;26;5;Jeep Wrangler SUV 2012;Jeep;SUV;04404.jpg
113;69;500;333;77;10;0;Chrysler Sebring Convertible 2010;Chrysler;Convertible;04405.jpg
39;231;486;374;151;27;1;Lamborghini Aventador Coupe 2012;Lamborghini;Coupe;04406.jpg
164;265;974;548;57;9;1;Chevrolet Corvette Ron Fellows Edition Z06 2007;Chevrolet;Coupe;04407.jpg
27;135;626;398;75;9;6;Chevrolet Silverado 1500 Regular Cab 2012;Chevrolet;Truck;04408.jpg
51;97;563;390;79;10;4;Chrysler 300 SRT-8 2010;Chrysler;Sedan;04409.jpg
47;13;463;327;30;4;8;BMW 3 Series Wagon 2012;BMW;Wagon;04410.jpg
4;70;500;273;160;33;1;McLaren MP4-12C Coupe 2012;McLaren;Coupe;04411.jpg
1;22;188;188;158;31;0;Maybach Landaulet Convertible 2012;Maybach;Convertible;04412.jpg
33;121;695;430;132;22;5;Hyundai Tucson SUV 2012;Hyundai;SUV;04413.jpg
8;48;249;163;65;9;6;Chevrolet Avalanche Crew Cab 2012;Chevrolet;Truck;04414.jpg
39;51;546;383;154;28;5;Land Rover Range Rover SUV 2012;Land Rover;SUV;04415.jpg
60;67;582;398;188;45;4;Toyota Corolla Sedan 2012;Toyota;Sedan;04416.jpg
74;13;428;314;178;41;2;Scion xD Hatchback 2012;Scion;Hatchback;04417.jpg
56;38;605;415;161;34;0;Mercedes-Benz 300-Class Convertible 1993;Mercedes-Benz;Convertible;04418.jpg
14;59;408;290;117;17;4;Ford Fiesta Sedan 2012;Ford;Sedan;04419.jpg
52;105;432;327;90;12;6;Dodge Dakota Crew Cab 2010;Dodge;Truck;04420.jpg
36;1;1005;767;154;28;5;Land Rover Range Rover SUV 2012;Land Rover;SUV;04421.jpg
61;97;967;690;146;26;5;Jeep Wrangler SUV 2012;Jeep;SUV;04422.jpg
29;17;1163;715;162;34;4;Mercedes-Benz C-Class Sedan 2012;Mercedes-Benz;Sedan;04423.jpg
247;284;892;538;134;22;4;Hyundai Sonata Hybrid Sedan 2012;Hyundai;Sedan;04424.jpg
26;49;289;186;95;12;5;Dodge Durango SUV 2007;Dodge;SUV;04425.jpg
48;13;499;345;142;23;5;Infiniti QX56 SUV 2011;Infiniti;SUV;04426.jpg
268;152;794;362;11;2;1;Aston Martin Virage Coupe 2012;Aston;Coupe;04427.jpg
2;49;637;405;14;3;1;Audi TTS Coupe 2012;Audi;Coupe;04428.jpg
108;72;902;412;79;10;4;Chrysler 300 SRT-8 2010;Chrysler;Sedan;04429.jpg
19;156;619;327;102;15;0;Ferrari California Convertible 2012;Ferrari;Convertible;04430.jpg
37;408;1552;946;87;12;6;Dodge Ram Pickup 3500 Quad Cab 2009;Dodge;Truck;04431.jpg
114;134;1230;658;188;45;4;Toyota Corolla Sedan 2012;Toyota;Sedan;04432.jpg
116;324;733;602;144;25;1;Jaguar XK XKR 2012;Jaguar;Coupe;04433.jpg
80;138;611;357;33;4;5;BMW X6 SUV 2012;BMW;SUV;04434.jpg
18;8;620;384;161;34;0;Mercedes-Benz 300-Class Convertible 1993;Mercedes-Benz;Convertible;04435.jpg
76;4;828;600;182;43;4;Suzuki Kizashi Sedan 2012;Suzuki;Sedan;04436.jpg
75;1;603;434;57;9;1;Chevrolet Corvette Ron Fellows Edition Z06 2007;Chevrolet;Coupe;04437.jpg
135;197;627;436;118;18;5;GMC Terrain SUV 2012;GMC;SUV;04438.jpg
66;218;959;711;69;9;6;Chevrolet Silverado 2500HD Regular Cab 2012;Chevrolet;Truck;04439.jpg
26;110;621;435;61;9;4;Chevrolet Impala Sedan 2007;Chevrolet;Sedan;04440.jpg
34;32;872;568;153;27;1;Lamborghini Diablo Coupe 2001;Lamborghini;Coupe;04441.jpg
4;18;293;207;83;12;8;Dodge Caliber Wagon 2012;Dodge;Wagon;04442.jpg
50;109;947;521;25;3;1;Audi TT RS Coupe 2012;Audi;Coupe;04443.jpg
75;196;951;915;118;18;5;GMC Terrain SUV 2012;GMC;SUV;04444.jpg
81;44;449;273;195;47;5;Volvo XC90 SUV 2007;Volvo;SUV;04445.jpg
147;157;741;407;104;15;1;Ferrari 458 Italia Coupe 2012;Ferrari;Coupe;04446.jpg
5;118;551;293;17;3;4;Audi 100 Sedan 1994;Audi;Sedan;04447.jpg
26;76;205;159;13;3;1;Audi A5 Coupe 2012;Audi;Coupe;04448.jpg
35;134;781;431;43;5;1;Bentley Continental GT Coupe 2007;Bentley;Coupe;04449.jpg
9;27;275;157;165;34;4;Mercedes-Benz S-Class Sedan 2012;Mercedes-Benz;Sedan;04450.jpg
61;407;905;647;160;33;1;McLaren MP4-12C Coupe 2012;McLaren;Coupe;04451.jpg
35;109;601;346;66;9;4;Chevrolet Cobalt SS 2010;Chevrolet;Sedan;04452.jpg
80;145;443;288;56;9;1;Chevrolet Corvette ZR1 2012;Chevrolet;Coupe;04453.jpg
61;95;571;326;102;15;0;Ferrari California Convertible 2012;Ferrari;Convertible;04454.jpg
94;385;1399;1071;167;35;4;Mitsubishi Lancer Sedan 2012;Mitsubishi;Sedan;04455.jpg
35;123;267;200;15;3;1;Audi R8 Coupe 2012;Audi;Coupe;04456.jpg
1;74;632;429;169;36;7;Nissan NV Passenger Van 2012;Nissan;Van;04457.jpg
21;94;240;184;48;7;5;Buick Rainier SUV 2007;Buick;SUV;04458.jpg
46;28;564;370;176;40;4;Rolls-Royce Ghost Sedan 2012;Rolls-Royce;Sedan;04459.jpg
109;78;1172;787;130;22;2;Hyundai Veloster Hatchback 2012;Hyundai;Hatchback;04460.jpg
20;170;598;359;39;5;0;Bentley Continental Supersports Conv. Convertible 2012;Bentley;Convertible;04461.jpg
9;26;617;445;85;12;3;Dodge Caravan Minivan 1997;Dodge;Minivan;04462.jpg
90;139;524;395;58;9;5;Chevrolet Traverse SUV 2012;Chevrolet;SUV;04463.jpg
33;104;725;352;102;15;0;Ferrari California Convertible 2012;Ferrari;Convertible;04464.jpg
52;43;534;425;177;40;4;Rolls-Royce Phantom Sedan 2012;Rolls-Royce;Sedan;04465.jpg
17;41;235;146;143;24;5;Isuzu Ascender SUV 2008;Isuzu;SUV;04466.jpg
9;50;316;186;88;12;7;Dodge Sprinter Cargo Van 2009;Dodge;Van;04467.jpg
82;60;445;301;82;11;8;Daewoo Nubira Wagon 2002;Daewoo;Wagon;04468.jpg
34;55;233;165;31;4;0;BMW 6 Series Convertible 2007;BMW;Convertible;04469.jpg
19;49;283;191;5;1;4;Acura TSX Sedan 2012;Acura;Sedan;04470.jpg
13;493;1944;1395;127;21;3;Honda Odyssey Minivan 2007;Honda;Minivan;04471.jpg
110;159;352;249;31;4;0;BMW 6 Series Convertible 2007;BMW;Convertible;04472.jpg
1;97;1015;696;111;17;6;Ford Ranger SuperCab 2011;Ford;Truck;04473.jpg
46;30;354;240;139;22;2;Hyundai Elantra Touring Hatchback 2012;Hyundai;Hatchback;04474.jpg
196;159;739;529;25;3;1;Audi TT RS Coupe 2012;Audi;Coupe;04475.jpg
29;72;221;144;57;9;1;Chevrolet Corvette Ron Fellows Edition Z06 2007;Chevrolet;Coupe;04476.jpg
27;134;479;291;93;12;1;Dodge Challenger SRT8 2011;Dodge;Coupe;04477.jpg
21;66;251;174;54;9;6;Chevrolet Silverado 1500 Hybrid Crew Cab 2012;Chevrolet;Truck;04478.jpg
33;58;242;148;189;45;5;Toyota 4Runner SUV 2012;Toyota;SUV;04479.jpg
199;329;1349;829;24;3;4;Audi S4 Sedan 2007;Audi;Sedan;04480.jpg
33;73;545;377;125;20;6;HUMMER H2 SUT Crew Cab 2009;HUMMER;Truck;04481.jpg
22;88;479;312;4;1;4;Acura TL Type-S 2008;Acura;Sedan;04482.jpg
136;2;760;379;119;18;7;GMC Savana Van 2012;GMC;Van;04483.jpg
35;79;271;185;5;1;4;Acura TSX Sedan 2012;Acura;Sedan;04484.jpg
21;39;268;156;97;12;4;Dodge Charger SRT-8 2009;Dodge;Sedan;04485.jpg
60;166;614;425;2;1;4;Acura RL Sedan 2012;Acura;Sedan;04486.jpg
20;95;615;450;38;4;0;BMW Z4 Convertible 2012;BMW;Convertible;04487.jpg
29;53;284;194;175;40;0;Rolls-Royce Phantom Drophead Coupe Convertible 2012;Rolls-Royce;Convertible;04488.jpg
26;109;611;384;82;11;8;Daewoo Nubira Wagon 2002;Daewoo;Wagon;04489.jpg
20;69;629;402;173;38;4;Porsche Panamera Sedan 2012;Porsche;Sedan;04490.jpg
81;58;1550;1069;140;22;4;Hyundai Azera Sedan 2012;Hyundai;Sedan;04491.jpg
13;76;488;283;141;23;1;Infiniti G Coupe IPL 2012;Infiniti;Coupe;04492.jpg
18;27;332;206;8;2;0;Aston Martin V8 Vantage Convertible 2012;Aston;Convertible;04493.jpg
128;115;506;358;9;2;1;Aston Martin V8 Vantage Coupe 2012;Aston;Coupe;04494.jpg
39;74;233;180;8;2;0;Aston Martin V8 Vantage Convertible 2012;Aston;Convertible;04495.jpg
154;313;949;513;112;17;1;Ford GT Coupe 2006;Ford;Coupe;04496.jpg
63;105;396;353;12;3;0;Audi RS 4 Convertible 2008;Audi;Convertible;04497.jpg
134;41;553;300;178;41;2;Scion xD Hatchback 2012;Scion;Hatchback;04498.jpg
141;47;500;218;132;22;5;Hyundai Tucson SUV 2012;Hyundai;SUV;04499.jpg
35;124;211;179;29;4;4;BMW 3 Series Sedan 2012;BMW;Sedan;04500.jpg
29;24;467;335;186;45;5;Toyota Sequoia SUV 2012;Toyota;SUV;04501.jpg
29;68;494;279;66;9;4;Chevrolet Cobalt SS 2010;Chevrolet;Sedan;04502.jpg
26;31;381;251;130;22;2;Hyundai Veloster Hatchback 2012;Hyundai;Hatchback;04503.jpg
31;113;411;295;122;18;6;GMC Canyon Extended Cab 2012;GMC;Truck;04504.jpg
10;4;348;165;28;4;1;BMW 1 Series Coupe 2012;BMW;Coupe;04505.jpg
478;286;1534;979;63;9;4;Chevrolet Sonic Sedan 2012;Chevrolet;Sedan;04506.jpg
2;40;300;151;115;17;4;Ford Focus Sedan 2007;Ford;Sedan;04507.jpg
187;132;453;346;135;22;4;Hyundai Elantra Sedan 2007;Hyundai;Sedan;04508.jpg
105;52;356;210;9;2;1;Aston Martin V8 Vantage Coupe 2012;Aston;Coupe;04509.jpg
107;109;444;255;9;2;1;Aston Martin V8 Vantage Coupe 2012;Aston;Coupe;04510.jpg
107;261;893;610;4;1;4;Acura TL Type-S 2008;Acura;Sedan;04511.jpg
23;91;620;373;77;10;0;Chrysler Sebring Convertible 2010;Chrysler;Convertible;04512.jpg
21;31;382;228;110;17;5;Ford Edge SUV 2012;Ford;SUV;04513.jpg
65;111;402;396;191;46;2;Volkswagen Golf Hatchback 1991;Volkswagen;Hatchback;04514.jpg
6;42;493;296;154;28;5;Land Rover Range Rover SUV 2012;Land Rover;SUV;04515.jpg
257;42;585;223;159;32;5;Mazda Tribute SUV 2011;Mazda;SUV;04516.jpg
4;80;247;156;152;27;1;Lamborghini Gallardo LP 570-4 Superleggera 2012;Lamborghini;Coupe;04517.jpg
42;85;379;291;121;18;5;GMC Acadia SUV 2012;GMC;SUV;04518.jpg
42;39;254;143;39;5;0;Bentley Continental Supersports Conv. Convertible 2012;Bentley;Convertible;04519.jpg
78;24;621;265;126;21;3;Honda Odyssey Minivan 2012;Honda;Minivan;04520.jpg
217;565;1366;979;112;17;1;Ford GT Coupe 2006;Ford;Coupe;04521.jpg
33;81;580;333;97;12;4;Dodge Charger SRT-8 2009;Dodge;Sedan;04522.jpg
49;45;597;338;104;15;1;Ferrari 458 Italia Coupe 2012;Ferrari;Coupe;04523.jpg
24;64;278;223;142;23;5;Infiniti QX56 SUV 2011;Infiniti;SUV;04524.jpg
2;5;395;198;82;11;8;Daewoo Nubira Wagon 2002;Daewoo;Wagon;04525.jpg
103;74;937;557;191;46;2;Volkswagen Golf Hatchback 1991;Volkswagen;Hatchback;04526.jpg
232;295;947;636;37;4;5;BMW X3 SUV 2012;BMW;SUV;04527.jpg
14;27;391;171;98;13;2;Eagle Talon Hatchback 1998;Eagle;Hatchback;04528.jpg
17;66;632;363;165;34;4;Mercedes-Benz S-Class Sedan 2012;Mercedes-Benz;Sedan;04529.jpg
4;23;393;268;139;22;2;Hyundai Elantra Touring Hatchback 2012;Hyundai;Hatchback;04530.jpg
27;103;753;361;43;5;1;Bentley Continental GT Coupe 2007;Bentley;Coupe;04531.jpg
99;176;536;376;142;23;5;Infiniti QX56 SUV 2011;Infiniti;SUV;04532.jpg
51;377;971;644;12;3;0;Audi RS 4 Convertible 2008;Audi;Convertible;04533.jpg
27;73;555;330;195;47;5;Volvo XC90 SUV 2007;Volvo;SUV;04534.jpg
21;46;602;370;135;22;4;Hyundai Elantra Sedan 2007;Hyundai;Sedan;04535.jpg
111;77;439;332;117;17;4;Ford Fiesta Sedan 2012;Ford;Sedan;04536.jpg
160;203;1363;810;14;3;1;Audi TTS Coupe 2012;Audi;Coupe;04537.jpg
28;165;1005;551;194;47;4;Volvo 240 Sedan 1993;Volvo;Sedan;04538.jpg
18;118;325;221;72;9;1;Chevrolet Monte Carlo Coupe 2007;Chevrolet;Coupe;04539.jpg
307;278;1279;892;144;25;1;Jaguar XK XKR 2012;Jaguar;Coupe;04540.jpg
182;124;477;325;96;12;4;Dodge Charger Sedan 2012;Dodge;Sedan;04541.jpg
10;48;483;295;171;36;1;Nissan 240SX Coupe 1998;Nissan;Coupe;04542.jpg
456;363;1433;905;96;12;4;Dodge Charger Sedan 2012;Dodge;Sedan;04543.jpg
18;18;328;190;1;0;5;AM General Hummer SUV 2000;AM;SUV;04544.jpg
95;98;1132;589;102;15;0;Ferrari California Convertible 2012;Ferrari;Convertible;04545.jpg
369;251;945;529;192;46;2;Volkswagen Beetle Hatchback 2012;Volkswagen;Hatchback;04546.jpg
28;67;240;233;30;4;8;BMW 3 Series Wagon 2012;BMW;Wagon;04547.jpg
68;66;264;174;27;4;0;BMW 1 Series Convertible 2012;BMW;Convertible;04548.jpg
37;143;559;309;17;3;4;Audi 100 Sedan 1994;Audi;Sedan;04549.jpg
15;85;289;190;51;8;4;Cadillac CTS-V Sedan 2012;Cadillac;Sedan;04550.jpg
27;19;727;298;28;4;1;BMW 1 Series Coupe 2012;BMW;Coupe;04551.jpg
57;114;432;291;10;2;0;Aston Martin Virage Convertible 2012;Aston;Convertible;04552.jpg
40;226;768;490;48;7;5;Buick Rainier SUV 2007;Buick;SUV;04553.jpg
61;158;535;350;155;28;5;Land Rover LR2 SUV 2012;Land Rover;SUV;04554.jpg
50;74;606;360;187;45;4;Toyota Camry Sedan 2012;Toyota;Sedan;04555.jpg
25;48;252;178;48;7;5;Buick Rainier SUV 2007;Buick;SUV;04556.jpg
23;50;583;381;142;23;5;Infiniti QX56 SUV 2011;Infiniti;SUV;04557.jpg
39;130;661;454;119;18;7;GMC Savana Van 2012;GMC;Van;04558.jpg
235;36;678;298;119;18;7;GMC Savana Van 2012;GMC;Van;04559.jpg
33;65;453;303;59;9;0;Chevrolet Camaro Convertible 2012;Chevrolet;Convertible;04560.jpg
9;64;295;165;129;21;4;Honda Accord Sedan 2012;Honda;Sedan;04561.jpg
5;10;497;335;180;42;1;Spyker C8 Coupe 2009;Spyker;Coupe;04562.jpg
47;62;390;249;125;20;6;HUMMER H2 SUT Crew Cab 2009;HUMMER;Truck;04563.jpg
47;38;355;227;118;18;5;GMC Terrain SUV 2012;GMC;SUV;04564.jpg
17;167;781;430;66;9;4;Chevrolet Cobalt SS 2010;Chevrolet;Sedan;04565.jpg
5;54;248;166;54;9;6;Chevrolet Silverado 1500 Hybrid Crew Cab 2012;Chevrolet;Truck;04566.jpg
14;27;590;208;18;3;8;Audi 100 Wagon 1994;Audi;Wagon;04567.jpg
1;7;300;170;177;40;4;Rolls-Royce Phantom Sedan 2012;Rolls-Royce;Sedan;04568.jpg
189;216;488;374;177;40;4;Rolls-Royce Phantom Sedan 2012;Rolls-Royce;Sedan;04569.jpg
200;150;901;515;167;35;4;Mitsubishi Lancer Sedan 2012;Mitsubishi;Sedan;04570.jpg
28;71;411;278;117;17;4;Ford Fiesta Sedan 2012;Ford;Sedan;04571.jpg
3;122;550;333;82;11;8;Daewoo Nubira Wagon 2002;Daewoo;Wagon;04572.jpg
24;85;341;252;186;45;5;Toyota Sequoia SUV 2012;Toyota;SUV;04573.jpg
32;117;356;231;122;18;6;GMC Canyon Extended Cab 2012;GMC;Truck;04574.jpg
7;227;545;409;105;16;4;Fisker Karma Sedan 2012;Fisker;Sedan;04575.jpg
4;38;191;133;39;5;0;Bentley Continental Supersports Conv. Convertible 2012;Bentley;Convertible;04576.jpg
33;141;606;333;179;42;0;Spyker C8 Convertible 2009;Spyker;Convertible;04577.jpg
21;18;492;316;1;0;5;AM General Hummer SUV 2000;AM;SUV;04578.jpg
31;43;274;184;127;21;3;Honda Odyssey Minivan 2007;Honda;Minivan;04579.jpg
21;34;482;285;24;3;4;Audi S4 Sedan 2007;Audi;Sedan;04580.jpg
298;331;1411;883;20;3;4;Audi S6 Sedan 2011;Audi;Sedan;04581.jpg
400;125;760;422;183;43;2;Suzuki SX4 Hatchback 2012;Suzuki;Hatchback;04582.jpg
6;117;606;406;185;44;4;Tesla Model S Sedan 2012;Tesla;Sedan;04583.jpg
49;59;581;364;31;4;0;BMW 6 Series Convertible 2007;BMW;Convertible;04584.jpg
55;355;1333;1135;113;17;6;Ford F-150 Regular Cab 2012;Ford;Truck;04585.jpg
19;74;490;341;115;17;4;Ford Focus Sedan 2007;Ford;Sedan;04586.jpg
537;329;1214;955;183;43;2;Suzuki SX4 Hatchback 2012;Suzuki;Hatchback;04587.jpg
15;9;468;408;3;1;4;Acura TL Sedan 2012;Acura;Sedan;04588.jpg
21;101;618;386;61;9;4;Chevrolet Impala Sedan 2007;Chevrolet;Sedan;04589.jpg
83;67;181;114;62;9;5;Chevrolet Tahoe Hybrid SUV 2012;Chevrolet;SUV;04590.jpg
57;44;446;323;67;9;4;Chevrolet Malibu Hybrid Sedan 2010;Chevrolet;Sedan;04591.jpg
148;65;884;530;93;12;1;Dodge Challenger SRT8 2011;Dodge;Coupe;04592.jpg
128;139;503;300;137;22;4;Hyundai Genesis Sedan 2012;Hyundai;Sedan;04593.jpg
87;99;603;381;34;4;1;BMW M3 Coupe 2012;BMW;Coupe;04594.jpg
33;8;210;100;14;3;1;Audi TTS Coupe 2012;Audi;Coupe;04595.jpg
70;96;418;316;66;9;4;Chevrolet Cobalt SS 2010;Chevrolet;Sedan;04596.jpg
22;177;960;618;106;17;6;Ford F-450 Super Duty Crew Cab 2012;Ford;Truck;04597.jpg
46;79;523;338;90;12;6;Dodge Dakota Crew Cab 2010;Dodge;Truck;04598.jpg
57;108;441;244;130;22;2;Hyundai Veloster Hatchback 2012;Hyundai;Hatchback;04599.jpg
17;47;241;158;190;46;2;Volkswagen Golf Hatchback 2012;Volkswagen;Hatchback;04600.jpg
96;68;733;497;21;3;0;Audi S5 Convertible 2012;Audi;Convertible;04601.jpg
20;141;635;401;81;10;0;Chrysler PT Cruiser Convertible 2008;Chrysler;Convertible;04602.jpg
103;69;535;441;166;34;7;Mercedes-Benz Sprinter Van 2012;Mercedes-Benz;Van;04603.jpg
32;74;617;407;130;22;2;Hyundai Veloster Hatchback 2012;Hyundai;Hatchback;04604.jpg
24;117;618;366;129;21;4;Honda Accord Sedan 2012;Honda;Sedan;04605.jpg
162;216;871;556;66;9;4;Chevrolet Cobalt SS 2010;Chevrolet;Sedan;04606.jpg
29;66;463;307;106;17;6;Ford F-450 Super Duty Crew Cab 2012;Ford;Truck;04607.jpg
4;60;519;283;7;1;2;Acura ZDX Hatchback 2012;Acura;Hatchback;04608.jpg
117;134;789;538;161;34;0;Mercedes-Benz 300-Class Convertible 1993;Mercedes-Benz;Convertible;04609.jpg
15;43;271;198;70;9;6;Chevrolet Silverado 1500 Classic Extended Cab 2007;Chevrolet;Truck;04610.jpg
595;348;1554;659;11;2;1;Aston Martin Virage Coupe 2012;Aston;Coupe;04611.jpg
49;36;227;130;105;16;4;Fisker Karma Sedan 2012;Fisker;Sedan;04612.jpg
76;153;477;362;42;5;1;Bentley Continental GT Coupe 2012;Bentley;Coupe;04613.jpg
15;84;457;271;195;47;5;Volvo XC90 SUV 2007;Volvo;SUV;04614.jpg
345;152;634;400;94;12;5;Dodge Durango SUV 2012;Dodge;SUV;04615.jpg
45;247;864;642;92;12;8;Dodge Magnum Wagon 2008;Dodge;Wagon;04616.jpg
163;135;1378;880;112;17;1;Ford GT Coupe 2006;Ford;Coupe;04617.jpg
4;42;416;345;114;17;6;Ford F-150 Regular Cab 2007;Ford;Truck;04618.jpg
9;40;255;163;51;8;4;Cadillac CTS-V Sedan 2012;Cadillac;Sedan;04619.jpg
30;183;503;383;81;10;0;Chrysler PT Cruiser Convertible 2008;Chrysler;Convertible;04620.jpg
93;239;907;661;138;22;4;Hyundai Sonata Sedan 2012;Hyundai;Sedan;04621.jpg
22;74;477;275;74;9;6;Chevrolet Silverado 1500 Extended Cab 2012;Chevrolet;Truck;04622.jpg
75;57;378;178;156;29;4;Lincoln Town Car Sedan 2011;Lincoln;Sedan;04623.jpg
23;20;275;185;71;9;7;Chevrolet Express Van 2007;Chevrolet;Van;04624.jpg
7;28;249;180;70;9;6;Chevrolet Silverado 1500 Classic Extended Cab 2007;Chevrolet;Truck;04625.jpg
4;49;628;329;67;9;4;Chevrolet Malibu Hybrid Sedan 2010;Chevrolet;Sedan;04626.jpg
73;146;566;344;152;27;1;Lamborghini Gallardo LP 570-4 Superleggera 2012;Lamborghini;Coupe;04627.jpg
263;278;939;561;173;38;4;Porsche Panamera Sedan 2012;Porsche;Sedan;04628.jpg
17;148;692;376;66;9;4;Chevrolet Cobalt SS 2010;Chevrolet;Sedan;04629.jpg
86;178;462;315;34;4;1;BMW M3 Coupe 2012;BMW;Coupe;04630.jpg
68;138;591;469;7;1;2;Acura ZDX Hatchback 2012;Acura;Hatchback;04631.jpg
10;30;367;191;181;43;4;Suzuki Aerio Sedan 2007;Suzuki;Sedan;04632.jpg
7;17;277;166;136;22;4;Hyundai Accent Sedan 2012;Hyundai;Sedan;04633.jpg
25;55;291;187;103;15;0;Ferrari 458 Italia Convertible 2012;Ferrari;Convertible;04634.jpg
66;106;429;292;178;41;2;Scion xD Hatchback 2012;Scion;Hatchback;04635.jpg
28;66;279;208;162;34;4;Mercedes-Benz C-Class Sedan 2012;Mercedes-Benz;Sedan;04636.jpg
18;69;582;392;184;43;4;Suzuki SX4 Sedan 2012;Suzuki;Sedan;04637.jpg
16;241;997;589;75;9;6;Chevrolet Silverado 1500 Regular Cab 2012;Chevrolet;Truck;04638.jpg
24;90;246;188;17;3;4;Audi 100 Sedan 1994;Audi;Sedan;04639.jpg
11;27;250;164;190;46;2;Volkswagen Golf Hatchback 2012;Volkswagen;Hatchback;04640.jpg
11;55;495;364;186;45;5;Toyota Sequoia SUV 2012;Toyota;SUV;04641.jpg
41;35;606;269;50;7;5;Buick Enclave SUV 2012;Buick;SUV;04642.jpg
14;26;467;351;81;10;0;Chrysler PT Cruiser Convertible 2008;Chrysler;Convertible;04643.jpg
46;107;580;374;27;4;0;BMW 1 Series Convertible 2012;BMW;Convertible;04644.jpg
167;113;548;378;168;36;2;Nissan Leaf Hatchback 2012;Nissan;Hatchback;04645.jpg
105;125;1135;688;150;27;1;Lamborghini Reventon Coupe 2008;Lamborghini;Coupe;04646.jpg
329;72;823;341;119;18;7;GMC Savana Van 2012;GMC;Van;04647.jpg
31;164;608;373;114;17;6;Ford F-150 Regular Cab 2007;Ford;Truck;04648.jpg
119;114;533;407;172;37;1;Plymouth Neon Coupe 1999;Plymouth;Coupe;04649.jpg
11;59;253;138;22;3;1;Audi S5 Coupe 2012;Audi;Coupe;04650.jpg
26;118;1009;541;5;1;4;Acura TSX Sedan 2012;Acura;Sedan;04651.jpg
48;135;543;383;11;2;1;Aston Martin Virage Coupe 2012;Aston;Coupe;04652.jpg
13;8;255;169;65;9;6;Chevrolet Avalanche Crew Cab 2012;Chevrolet;Truck;04653.jpg
236;36;1680;1078;147;26;5;Jeep Liberty SUV 2012;Jeep;SUV;04654.jpg
9;11;824;489;184;43;4;Suzuki SX4 Sedan 2012;Suzuki;Sedan;04655.jpg
4;23;280;220;146;26;5;Jeep Wrangler SUV 2012;Jeep;SUV;04656.jpg
28;21;286;178;65;9;6;Chevrolet Avalanche Crew Cab 2012;Chevrolet;Truck;04657.jpg
173;80;1129;772;47;7;4;Buick Regal GS 2012;Buick;Sedan;04658.jpg
134;102;488;255;169;36;7;Nissan NV Passenger Van 2012;Nissan;Van;04659.jpg
243;197;889;654;164;34;4;Mercedes-Benz E-Class Sedan 2012;Mercedes-Benz;Sedan;04660.jpg
72;303;846;636;191;46;2;Volkswagen Golf Hatchback 1991;Volkswagen;Hatchback;04661.jpg
12;65;468;278;128;21;1;Honda Accord Coupe 2012;Honda;Coupe;04662.jpg
105;447;1309;1019;170;36;2;Nissan Juke Hatchback 2012;Nissan;Hatchback;04663.jpg
5;30;314;212;100;14;0;FIAT 500 Convertible 2012;FIAT;Convertible;04664.jpg
135;86;463;300;176;40;4;Rolls-Royce Ghost Sedan 2012;Rolls-Royce;Sedan;04665.jpg
10;37;284;157;118;18;5;GMC Terrain SUV 2012;GMC;SUV;04666.jpg
3;9;91;59;123;19;0;Geo Metro Convertible 1993;Geo;Convertible;04667.jpg
6;25;257;175;53;8;6;Cadillac Escalade EXT Crew Cab 2007;Cadillac;Truck;04668.jpg
61;98;458;376;1;0;5;AM General Hummer SUV 2000;AM;SUV;04669.jpg
39;72;701;461;108;17;3;Ford Freestar Minivan 2007;Ford;Minivan;04670.jpg
241;244;1408;928;14;3;1;Audi TTS Coupe 2012;Audi;Coupe;04671.jpg
39;229;744;715;148;26;5;Jeep Grand Cherokee SUV 2012;Jeep;SUV;04672.jpg
25;120;623;367;25;3;1;Audi TT RS Coupe 2012;Audi;Coupe;04673.jpg
40;52;539;343;157;30;0;MINI Cooper Roadster Convertible 2012;MINI Cooper;Convertible;04674.jpg
35;47;464;228;163;34;1;Mercedes-Benz SL-Class Coupe 2009;Mercedes-Benz;Coupe;04675.jpg
26;66;559;286;22;3;1;Audi S5 Coupe 2012;Audi;Coupe;04676.jpg
84;184;1279;875;107;17;0;Ford Mustang Convertible 2007;Ford;Convertible;04677.jpg
29;107;800;525;70;9;6;Chevrolet Silverado 1500 Classic Extended Cab 2007;Chevrolet;Truck;04678.jpg
41;104;455;264;49;7;4;Buick Verano Sedan 2012;Buick;Sedan;04679.jpg
21;41;238;135;143;24;5;Isuzu Ascender SUV 2008;Isuzu;SUV;04680.jpg
121;194;570;475;48;7;5;Buick Rainier SUV 2007;Buick;SUV;04681.jpg
14;108;629;386;138;22;4;Hyundai Sonata Sedan 2012;Hyundai;Sedan;04682.jpg
154;71;831;587;140;22;4;Hyundai Azera Sedan 2012;Hyundai;Sedan;04683.jpg
289;325;925;711;131;22;5;Hyundai Santa Fe SUV 2012;Hyundai;SUV;04684.jpg
41;32;220;159;72;9;1;Chevrolet Monte Carlo Coupe 2007;Chevrolet;Coupe;04685.jpg
10;137;306;289;152;27;1;Lamborghini Gallardo LP 570-4 Superleggera 2012;Lamborghini;Coupe;04686.jpg
18;145;540;296;103;15;0;Ferrari 458 Italia Convertible 2012;Ferrari;Convertible;04687.jpg
150;55;488;367;76;10;5;Chrysler Aspen SUV 2009;Chrysler;SUV;04688.jpg
278;284;917;539;21;3;0;Audi S5 Convertible 2012;Audi;Convertible;04689.jpg
50;66;426;272;41;5;4;Bentley Mulsanne Sedan 2011;Bentley;Sedan;04690.jpg
38;201;761;452;6;1;4;Acura Integra Type R 2001;Acura;Sedan;04691.jpg
4;1;223;120;109;17;5;Ford Expedition EL SUV 2009;Ford;SUV;04692.jpg
1;143;636;343;36;4;0;BMW M6 Convertible 2010;BMW;Convertible;04693.jpg
30;43;978;754;159;32;5;Mazda Tribute SUV 2011;Mazda;SUV;04694.jpg
29;94;456;261;81;10;0;Chrysler PT Cruiser Convertible 2008;Chrysler;Convertible;04695.jpg
101;146;565;395;20;3;4;Audi S6 Sedan 2011;Audi;Sedan;04696.jpg
51;119;734;568;105;16;4;Fisker Karma Sedan 2012;Fisker;Sedan;04697.jpg
122;110;533;381;177;40;4;Rolls-Royce Phantom Sedan 2012;Rolls-Royce;Sedan;04698.jpg
74;119;458;360;113;17;6;Ford F-150 Regular Cab 2012;Ford;Truck;04699.jpg
19;89;730;444;94;12;5;Dodge Durango SUV 2012;Dodge;SUV;04700.jpg
5;113;568;381;98;13;2;Eagle Talon Hatchback 1998;Eagle;Hatchback;04701.jpg
13;29;285;188;19;3;2;Audi TT Hatchback 2011;Audi;Hatchback;04702.jpg
30;78;576;353;54;9;6;Chevrolet Silverado 1500 Hybrid Crew Cab 2012;Chevrolet;Truck;04703.jpg
100;302;1473;967;171;36;1;Nissan 240SX Coupe 1998;Nissan;Coupe;04704.jpg
16;136;492;360;120;18;5;GMC Yukon Hybrid SUV 2012;GMC;SUV;04705.jpg
144;76;831;663;30;4;8;BMW 3 Series Wagon 2012;BMW;Wagon;04706.jpg
14;7;478;272;68;9;0;Chevrolet TrailBlazer SS 2009;Chevrolet;Convertible;04707.jpg
63;175;290;315;104;15;1;Ferrari 458 Italia Coupe 2012;Ferrari;Coupe;04708.jpg
43;98;373;241;135;22;4;Hyundai Elantra Sedan 2007;Hyundai;Sedan;04709.jpg
25;156;610;363;168;36;2;Nissan Leaf Hatchback 2012;Nissan;Hatchback;04710.jpg
45;114;557;373;75;9;6;Chevrolet Silverado 1500 Regular Cab 2012;Chevrolet;Truck;04711.jpg
175;148;488;345;180;42;1;Spyker C8 Coupe 2009;Spyker;Coupe;04712.jpg
24;114;618;366;65;9;6;Chevrolet Avalanche Crew Cab 2012;Chevrolet;Truck;04713.jpg
13;123;594;354;37;4;5;BMW X3 SUV 2012;BMW;SUV;04714.jpg
25;18;476;234;126;21;3;Honda Odyssey Minivan 2012;Honda;Minivan;04715.jpg
116;196;376;307;124;20;6;HUMMER H3T Crew Cab 2010;HUMMER;Truck;04716.jpg
24;122;447;268;128;21;1;Honda Accord Coupe 2012;Honda;Coupe;04717.jpg
44;35;404;223;73;9;4;Chevrolet Malibu Sedan 2007;Chevrolet;Sedan;04718.jpg
66;48;609;438;32;4;5;BMW X5 SUV 2007;BMW;SUV;04719.jpg
21;7;519;278;126;21;3;Honda Odyssey Minivan 2012;Honda;Minivan;04720.jpg
24;45;207;142;74;9;6;Chevrolet Silverado 1500 Extended Cab 2012;Chevrolet;Truck;04721.jpg
17;99;630;427;115;17;4;Ford Focus Sedan 2007;Ford;Sedan;04722.jpg
105;58;720;331;63;9;4;Chevrolet Sonic Sedan 2012;Chevrolet;Sedan;04723.jpg
27;65;567;361;9;2;1;Aston Martin V8 Vantage Coupe 2012;Aston;Coupe;04724.jpg
208;203;794;499;9;2;1;Aston Martin V8 Vantage Coupe 2012;Aston;Coupe;04725.jpg
158;233;873;529;187;45;4;Toyota Camry Sedan 2012;Toyota;Sedan;04726.jpg
14;121;999;610;35;4;4;BMW M5 Sedan 2010;BMW;Sedan;04727.jpg
17;45;244;147;88;12;7;Dodge Sprinter Cargo Van 2009;Dodge;Van;04728.jpg
27;63;305;220;38;4;0;BMW Z4 Convertible 2012;BMW;Convertible;04729.jpg
20;6;633;451;169;36;7;Nissan NV Passenger Van 2012;Nissan;Van;04730.jpg
92;123;921;619;120;18;5;GMC Yukon Hybrid SUV 2012;GMC;SUV;04731.jpg
23;116;623;392;126;21;3;Honda Odyssey Minivan 2012;Honda;Minivan;04732.jpg
1;66;584;322;20;3;4;Audi S6 Sedan 2011;Audi;Sedan;04733.jpg
21;18;635;386;169;36;7;Nissan NV Passenger Van 2012;Nissan;Van;04734.jpg
114;59;507;333;154;28;5;Land Rover Range Rover SUV 2012;Land Rover;SUV;04735.jpg
12;106;778;467;32;4;5;BMW X5 SUV 2007;BMW;SUV;04736.jpg
87;78;503;337;32;4;5;BMW X5 SUV 2007;BMW;SUV;04737.jpg
111;87;1509;967;63;9;4;Chevrolet Sonic Sedan 2012;Chevrolet;Sedan;04738.jpg
36;91;181;172;151;27;1;Lamborghini Aventador Coupe 2012;Lamborghini;Coupe;04739.jpg
48;49;597;403;131;22;5;Hyundai Santa Fe SUV 2012;Hyundai;SUV;04740.jpg
72;88;378;250;46;6;1;Bugatti Veyron 16.4 Coupe 2009;Bugatti;Coupe;04741.jpg
17;32;578;300;35;4;4;BMW M5 Sedan 2010;BMW;Sedan;04742.jpg
26;21;287;159;104;15;1;Ferrari 458 Italia Coupe 2012;Ferrari;Coupe;04743.jpg
2;1;280;96;18;3;8;Audi 100 Wagon 1994;Audi;Wagon;04744.jpg
3;31;283;145;157;30;0;MINI Cooper Roadster Convertible 2012;MINI Cooper;Convertible;04745.jpg
48;103;2497;1572;40;5;4;Bentley Arnage Sedan 2009;Bentley;Sedan;04746.jpg
378;125;973;689;39;5;0;Bentley Continental Supersports Conv. Convertible 2012;Bentley;Convertible;04747.jpg
38;58;404;293;125;20;6;HUMMER H2 SUT Crew Cab 2009;HUMMER;Truck;04748.jpg
44;47;590;407;120;18;5;GMC Yukon Hybrid SUV 2012;GMC;SUV;04749.jpg
17;54;212;157;9;2;1;Aston Martin V8 Vantage Coupe 2012;Aston;Coupe;04750.jpg
144;214;636;522;144;25;1;Jaguar XK XKR 2012;Jaguar;Coupe;04751.jpg
97;134;602;396;100;14;0;FIAT 500 Convertible 2012;FIAT;Convertible;04752.jpg
53;103;483;379;14;3;1;Audi TTS Coupe 2012;Audi;Coupe;04753.jpg
303;145;797;478;192;46;2;Volkswagen Beetle Hatchback 2012;Volkswagen;Hatchback;04754.jpg
46;48;277;177;165;34;4;Mercedes-Benz S-Class Sedan 2012;Mercedes-Benz;Sedan;04755.jpg
30;84;246;156;128;21;1;Honda Accord Coupe 2012;Honda;Coupe;04756.jpg
54;83;736;436;52;8;5;Cadillac SRX SUV 2012;Cadillac;SUV;04757.jpg
62;260;974;587;17;3;4;Audi 100 Sedan 1994;Audi;Sedan;04758.jpg
47;39;371;270;117;17;4;Ford Fiesta Sedan 2012;Ford;Sedan;04759.jpg
18;199;1581;1090;34;4;1;BMW M3 Coupe 2012;BMW;Coupe;04760.jpg
52;44;509;358;59;9;0;Chevrolet Camaro Convertible 2012;Chevrolet;Convertible;04761.jpg
58;254;1582;991;182;43;4;Suzuki Kizashi Sedan 2012;Suzuki;Sedan;04762.jpg
5;145;996;594;147;26;5;Jeep Liberty SUV 2012;Jeep;SUV;04763.jpg
23;38;263;145;129;21;4;Honda Accord Sedan 2012;Honda;Sedan;04764.jpg
66;222;513;339;152;27;1;Lamborghini Gallardo LP 570-4 Superleggera 2012;Lamborghini;Coupe;04765.jpg
249;154;981;569;167;35;4;Mitsubishi Lancer Sedan 2012;Mitsubishi;Sedan;04766.jpg
18;62;352;254;48;7;5;Buick Rainier SUV 2007;Buick;SUV;04767.jpg
32;105;988;658;63;9;4;Chevrolet Sonic Sedan 2012;Chevrolet;Sedan;04768.jpg
70;57;526;384;100;14;0;FIAT 500 Convertible 2012;FIAT;Convertible;04770.jpg
14;31;270;166;41;5;4;Bentley Mulsanne Sedan 2011;Bentley;Sedan;04771.jpg
7;17;249;187;76;10;5;Chrysler Aspen SUV 2009;Chrysler;SUV;04772.jpg
47;185;999;696;167;35;4;Mitsubishi Lancer Sedan 2012;Mitsubishi;Sedan;04773.jpg
18;31;620;387;54;9;6;Chevrolet Silverado 1500 Hybrid Crew Cab 2012;Chevrolet;Truck;04774.jpg
67;168;685;499;173;38;4;Porsche Panamera Sedan 2012;Porsche;Sedan;04775.jpg
367;418;1030;669;96;12;4;Dodge Charger Sedan 2012;Dodge;Sedan;04776.jpg
90;194;1512;914;34;4;1;BMW M3 Coupe 2012;BMW;Coupe;04777.jpg
20;72;769;515;31;4;0;BMW 6 Series Convertible 2007;BMW;Convertible;04778.jpg
50;44;230;156;39;5;0;Bentley Continental Supersports Conv. Convertible 2012;Bentley;Convertible;04779.jpg
77;49;508;305;192;46;2;Volkswagen Beetle Hatchback 2012;Volkswagen;Hatchback;04780.jpg
71;186;1206;781;157;30;0;MINI Cooper Roadster Convertible 2012;MINI Cooper;Convertible;04781.jpg
50;83;394;268;38;4;0;BMW Z4 Convertible 2012;BMW;Convertible;04782.jpg
176;298;718;498;41;5;4;Bentley Mulsanne Sedan 2011;Bentley;Sedan;04783.jpg
7;8;375;234;95;12;5;Dodge Durango SUV 2007;Dodge;SUV;04784.jpg
47;97;612;377;114;17;6;Ford F-150 Regular Cab 2007;Ford;Truck;04785.jpg
17;48;859;396;79;10;4;Chrysler 300 SRT-8 2010;Chrysler;Sedan;04786.jpg
210;188;1428;732;175;40;0;Rolls-Royce Phantom Drophead Coupe Convertible 2012;Rolls-Royce;Convertible;04787.jpg
55;84;976;679;132;22;5;Hyundai Tucson SUV 2012;Hyundai;SUV;04788.jpg
46;35;593;352;103;15;0;Ferrari 458 Italia Convertible 2012;Ferrari;Convertible;04789.jpg
126;97;882;704;119;18;7;GMC Savana Van 2012;GMC;Van;04790.jpg
9;196;1008;504;153;27;1;Lamborghini Diablo Coupe 2001;Lamborghini;Coupe;04791.jpg
41;51;215;152;31;4;0;BMW 6 Series Convertible 2007;BMW;Convertible;04792.jpg
5;82;550;442;85;12;3;Dodge Caravan Minivan 1997;Dodge;Minivan;04793.jpg
63;26;436;296;47;7;4;Buick Regal GS 2012;Buick;Sedan;04794.jpg
32;41;239;153;162;34;4;Mercedes-Benz C-Class Sedan 2012;Mercedes-Benz;Sedan;04795.jpg
40;14;856;486;107;17;0;Ford Mustang Convertible 2007;Ford;Convertible;04796.jpg
4;13;189;132;80;10;0;Chrysler Crossfire Convertible 2008;Chrysler;Convertible;04797.jpg
7;18;192;127;115;17;4;Ford Focus Sedan 2007;Ford;Sedan;04798.jpg
13;41;300;174;69;9;6;Chevrolet Silverado 2500HD Regular Cab 2012;Chevrolet;Truck;04799.jpg
38;52;483;222;124;20;6;HUMMER H3T Crew Cab 2010;HUMMER;Truck;04800.jpg
67;364;1549;1063;189;45;5;Toyota 4Runner SUV 2012;Toyota;SUV;04801.jpg
22;25;407;339;20;3;4;Audi S6 Sedan 2011;Audi;Sedan;04802.jpg
52;88;373;248;33;4;5;BMW X6 SUV 2012;BMW;SUV;04803.jpg
87;132;672;363;110;17;5;Ford Edge SUV 2012;Ford;SUV;04804.jpg
34;19;772;488;150;27;1;Lamborghini Reventon Coupe 2008;Lamborghini;Coupe;04805.jpg
228;316;1913;1230;29;4;4;BMW 3 Series Sedan 2012;BMW;Sedan;04806.jpg
17;69;682;436;140;22;4;Hyundai Azera Sedan 2012;Hyundai;Sedan;04807.jpg
106;59;337;284;159;32;5;Mazda Tribute SUV 2011;Mazda;SUV;04808.jpg
107;172;789;579;183;43;2;Suzuki SX4 Hatchback 2012;Suzuki;Hatchback;04809.jpg
94;190;1597;991;29;4;4;BMW 3 Series Sedan 2012;BMW;Sedan;04810.jpg
626;176;1465;618;173;38;4;Porsche Panamera Sedan 2012;Porsche;Sedan;04811.jpg
16;59;466;241;44;5;4;Bentley Continental Flying Spur Sedan 2007;Bentley;Sedan;04812.jpg
70;85;1186;791;144;25;1;Jaguar XK XKR 2012;Jaguar;Coupe;04813.jpg
60;411;1495;992;36;4;0;BMW M6 Convertible 2010;BMW;Convertible;04814.jpg
31;81;608;391;134;22;4;Hyundai Sonata Hybrid Sedan 2012;Hyundai;Sedan;04815.jpg
79;84;528;327;3;1;4;Acura TL Sedan 2012;Acura;Sedan;04816.jpg
71;116;561;423;50;7;5;Buick Enclave SUV 2012;Buick;SUV;04817.jpg
19;141;586;371;12;3;0;Audi RS 4 Convertible 2008;Audi;Convertible;04818.jpg
26;116;485;308;22;3;1;Audi S5 Coupe 2012;Audi;Coupe;04819.jpg
39;123;439;291;138;22;4;Hyundai Sonata Sedan 2012;Hyundai;Sedan;04820.jpg
7;62;418;214;62;9;5;Chevrolet Tahoe Hybrid SUV 2012;Chevrolet;SUV;04821.jpg
64;24;274;150;25;3;1;Audi TT RS Coupe 2012;Audi;Coupe;04822.jpg
4;37;256;185;156;29;4;Lincoln Town Car Sedan 2011;Lincoln;Sedan;04823.jpg
137;417;1822;1130;162;34;4;Mercedes-Benz C-Class Sedan 2012;Mercedes-Benz;Sedan;04824.jpg
102;211;786;485;7;1;2;Acura ZDX Hatchback 2012;Acura;Hatchback;04825.jpg
18;79;480;304;153;27;1;Lamborghini Diablo Coupe 2001;Lamborghini;Coupe;04826.jpg
7;4;277;180;1;0;5;AM General Hummer SUV 2000;AM;SUV;04827.jpg
15;43;287;170;110;17;5;Ford Edge SUV 2012;Ford;SUV;04828.jpg
68;125;572;363;111;17;6;Ford Ranger SuperCab 2011;Ford;Truck;04829.jpg
61;167;589;464;40;5;4;Bentley Arnage Sedan 2009;Bentley;Sedan;04830.jpg
18;84;254;175;84;12;8;Dodge Caliber Wagon 2007;Dodge;Wagon;04831.jpg
32;34;248;213;28;4;1;BMW 1 Series Coupe 2012;BMW;Coupe;04832.jpg
36;103;544;310;6;1;4;Acura Integra Type R 2001;Acura;Sedan;04833.jpg
1;39;252;172;156;29;4;Lincoln Town Car Sedan 2011;Lincoln;Sedan;04834.jpg
9;31;636;443;95;12;5;Dodge Durango SUV 2007;Dodge;SUV;04835.jpg
32;62;272;189;162;34;4;Mercedes-Benz C-Class Sedan 2012;Mercedes-Benz;Sedan;04836.jpg
40;73;1561;964;91;12;6;Dodge Dakota Club Cab 2007;Dodge;Truck;04837.jpg
20;40;166;99;107;17;0;Ford Mustang Convertible 2007;Ford;Convertible;04838.jpg
172;358;1109;834;15;3;1;Audi R8 Coupe 2012;Audi;Coupe;04839.jpg
1066;1244;4030;2247;34;4;1;BMW M3 Coupe 2012;BMW;Coupe;04840.jpg
86;162;472;393;24;3;4;Audi S4 Sedan 2007;Audi;Sedan;04841.jpg
18;17;256;194;116;17;7;Ford E-Series Wagon Van 2012;Ford;Van;04842.jpg
47;69;603;453;129;21;4;Honda Accord Sedan 2012;Honda;Sedan;04843.jpg
35;147;596;372;103;15;0;Ferrari 458 Italia Convertible 2012;Ferrari;Convertible;04844.jpg
5;60;285;155;70;9;6;Chevrolet Silverado 1500 Classic Extended Cab 2007;Chevrolet;Truck;04845.jpg
28;68;442;287;155;28;5;Land Rover LR2 SUV 2012;Land Rover;SUV;04846.jpg
54;189;1474;921;85;12;3;Dodge Caravan Minivan 1997;Dodge;Minivan;04847.jpg
17;104;353;201;16;3;4;Audi V8 Sedan 1994;Audi;Sedan;04848.jpg
13;48;442;257;177;40;4;Rolls-Royce Phantom Sedan 2012;Rolls-Royce;Sedan;04849.jpg
26;107;635;391;133;22;5;Hyundai Veracruz SUV 2012;Hyundai;SUV;04850.jpg
65;67;581;410;135;22;4;Hyundai Elantra Sedan 2007;Hyundai;Sedan;04851.jpg
49;152;943;621;178;41;2;Scion xD Hatchback 2012;Scion;Hatchback;04852.jpg
113;89;953;1469;170;36;2;Nissan Juke Hatchback 2012;Nissan;Hatchback;04853.jpg
7;134;590;322;102;15;0;Ferrari California Convertible 2012;Ferrari;Convertible;04854.jpg
34;57;350;226;139;22;2;Hyundai Elantra Touring Hatchback 2012;Hyundai;Hatchback;04855.jpg
244;199;625;406;142;23;5;Infiniti QX56 SUV 2011;Infiniti;SUV;04856.jpg
43;152;568;360;11;2;1;Aston Martin Virage Coupe 2012;Aston;Coupe;04857.jpg
120;227;555;413;77;10;0;Chrysler Sebring Convertible 2010;Chrysler;Convertible;04858.jpg
8;33;251;164;174;39;3;Ram C/V Cargo Van Minivan 2012;Ram;Minivan;04859.jpg
56;229;742;463;182;43;4;Suzuki Kizashi Sedan 2012;Suzuki;Sedan;04860.jpg
53;62;997;642;182;43;4;Suzuki Kizashi Sedan 2012;Suzuki;Sedan;04861.jpg
6;44;377;246;124;20;6;HUMMER H3T Crew Cab 2010;HUMMER;Truck;04862.jpg
26;80;625;449;114;17;6;Ford F-150 Regular Cab 2007;Ford;Truck;04863.jpg
92;134;564;399;106;17;6;Ford F-450 Super Duty Crew Cab 2012;Ford;Truck;04864.jpg
76;262;944;661;28;4;1;BMW 1 Series Coupe 2012;BMW;Coupe;04865.jpg
151;148;769;445;159;32;5;Mazda Tribute SUV 2011;Mazda;SUV;04866.jpg
51;56;278;159;157;30;0;MINI Cooper Roadster Convertible 2012;MINI Cooper;Convertible;04867.jpg
4;49;426;297;161;34;0;Mercedes-Benz 300-Class Convertible 1993;Mercedes-Benz;Convertible;04868.jpg
85;98;569;309;168;36;2;Nissan Leaf Hatchback 2012;Nissan;Hatchback;04869.jpg
36;15;477;305;47;7;4;Buick Regal GS 2012;Buick;Sedan;04870.jpg
42;45;449;321;180;42;1;Spyker C8 Coupe 2009;Spyker;Coupe;04871.jpg
102;63;423;319;99;14;2;FIAT 500 Abarth 2012;FIAT;Hatchback;04872.jpg
120;286;1073;790;166;34;7;Mercedes-Benz Sprinter Van 2012;Mercedes-Benz;Van;04873.jpg
9;1;152;103;1;0;5;AM General Hummer SUV 2000;AM;SUV;04874.jpg
29;65;249;155;57;9;1;Chevrolet Corvette Ron Fellows Edition Z06 2007;Chevrolet;Coupe;04875.jpg
21;30;468;320;196;48;0;smart fortwo Convertible 2012;smart;Convertible;04876.jpg
39;135;588;393;134;22;4;Hyundai Sonata Hybrid Sedan 2012;Hyundai;Sedan;04877.jpg
51;99;1160;754;96;12;4;Dodge Charger Sedan 2012;Dodge;Sedan;04878.jpg
451;231;2545;1775;67;9;4;Chevrolet Malibu Hybrid Sedan 2010;Chevrolet;Sedan;04879.jpg
63;122;844;410;187;45;4;Toyota Camry Sedan 2012;Toyota;Sedan;04880.jpg
27;77;460;275;118;18;5;GMC Terrain SUV 2012;GMC;SUV;04881.jpg
1;98;420;269;104;15;1;Ferrari 458 Italia Coupe 2012;Ferrari;Coupe;04882.jpg
117;465;1946;1123;19;3;2;Audi TT Hatchback 2011;Audi;Hatchback;04883.jpg
31;35;236;162;8;2;0;Aston Martin V8 Vantage Convertible 2012;Aston;Convertible;04884.jpg
318;374;1350;945;25;3;1;Audi TT RS Coupe 2012;Audi;Coupe;04885.jpg
38;105;1565;740;44;5;4;Bentley Continental Flying Spur Sedan 2007;Bentley;Sedan;04886.jpg
8;1;258;165;40;5;4;Bentley Arnage Sedan 2009;Bentley;Sedan;04887.jpg
20;33;241;163;90;12;6;Dodge Dakota Crew Cab 2010;Dodge;Truck;04888.jpg
108;114;546;384;94;12;5;Dodge Durango SUV 2012;Dodge;SUV;04889.jpg
40;25;567;378;95;12;5;Dodge Durango SUV 2007;Dodge;SUV;04890.jpg
39;179;1242;829;72;9;1;Chevrolet Monte Carlo Coupe 2007;Chevrolet;Coupe;04891.jpg
8;37;294;150;2;1;4;Acura RL Sedan 2012;Acura;Sedan;04892.jpg
12;39;265;142;16;3;4;Audi V8 Sedan 1994;Audi;Sedan;04893.jpg
56;11;346;186;108;17;3;Ford Freestar Minivan 2007;Ford;Minivan;04894.jpg
148;173;749;479;132;22;5;Hyundai Tucson SUV 2012;Hyundai;SUV;04895.jpg
27;71;423;243;56;9;1;Chevrolet Corvette ZR1 2012;Chevrolet;Coupe;04896.jpg
6;63;806;510;184;43;4;Suzuki SX4 Sedan 2012;Suzuki;Sedan;04897.jpg
8;104;623;360;74;9;6;Chevrolet Silverado 1500 Extended Cab 2012;Chevrolet;Truck;04898.jpg
24;51;239;167;65;9;6;Chevrolet Avalanche Crew Cab 2012;Chevrolet;Truck;04899.jpg
111;23;527;315;52;8;5;Cadillac SRX SUV 2012;Cadillac;SUV;04900.jpg
145;76;581;353;144;25;1;Jaguar XK XKR 2012;Jaguar;Coupe;04901.jpg
23;91;382;234;98;13;2;Eagle Talon Hatchback 1998;Eagle;Hatchback;04902.jpg
2;46;316;213;85;12;3;Dodge Caravan Minivan 1997;Dodge;Minivan;04903.jpg
14;149;304;231;158;31;0;Maybach Landaulet Convertible 2012;Maybach;Convertible;04904.jpg
130;100;953;366;185;44;4;Tesla Model S Sedan 2012;Tesla;Sedan;04905.jpg
57;51;447;273;102;15;0;Ferrari California Convertible 2012;Ferrari;Convertible;04906.jpg
24;22;226;169;134;22;4;Hyundai Sonata Hybrid Sedan 2012;Hyundai;Sedan;04907.jpg
139;109;395;298;158;31;0;Maybach Landaulet Convertible 2012;Maybach;Convertible;04908.jpg
184;209;1227;727;167;35;4;Mitsubishi Lancer Sedan 2012;Mitsubishi;Sedan;04909.jpg
203;227;1067;776;104;15;1;Ferrari 458 Italia Coupe 2012;Ferrari;Coupe;04910.jpg
99;108;479;301;110;17;5;Ford Edge SUV 2012;Ford;SUV;04911.jpg
324;297;1242;788;187;45;4;Toyota Camry Sedan 2012;Toyota;Sedan;04912.jpg
14;5;388;254;165;34;4;Mercedes-Benz S-Class Sedan 2012;Mercedes-Benz;Sedan;04913.jpg
24;216;1021;654;97;12;4;Dodge Charger SRT-8 2009;Dodge;Sedan;04914.jpg
11;1;131;96;34;4;1;BMW M3 Coupe 2012;BMW;Coupe;04915.jpg
16;24;258;172;107;17;0;Ford Mustang Convertible 2007;Ford;Convertible;04916.jpg
1;223;1172;611;107;17;0;Ford Mustang Convertible 2007;Ford;Convertible;04917.jpg
15;60;242;175;13;3;1;Audi A5 Coupe 2012;Audi;Coupe;04918.jpg
151;112;1528;1069;89;12;5;Dodge Journey SUV 2012;Dodge;SUV;04919.jpg
46;60;575;354;165;34;4;Mercedes-Benz S-Class Sedan 2012;Mercedes-Benz;Sedan;04920.jpg
166;170;1076;615;164;34;4;Mercedes-Benz E-Class Sedan 2012;Mercedes-Benz;Sedan;04921.jpg
276;83;654;352;147;26;5;Jeep Liberty SUV 2012;Jeep;SUV;04922.jpg
100;258;753;457;16;3;4;Audi V8 Sedan 1994;Audi;Sedan;04923.jpg
198;278;1502;1054;43;5;1;Bentley Continental GT Coupe 2007;Bentley;Coupe;04924.jpg
73;71;599;411;111;17;6;Ford Ranger SuperCab 2011;Ford;Truck;04925.jpg
6;53;633;363;144;25;1;Jaguar XK XKR 2012;Jaguar;Coupe;04926.jpg
139;130;467;275;38;4;0;BMW Z4 Convertible 2012;BMW;Convertible;04927.jpg
15;49;601;331;113;17;6;Ford F-150 Regular Cab 2012;Ford;Truck;04928.jpg
12;105;282;209;42;5;1;Bentley Continental GT Coupe 2012;Bentley;Coupe;04929.jpg
89;40;414;249;137;22;4;Hyundai Genesis Sedan 2012;Hyundai;Sedan;04930.jpg
75;336;1487;786;16;3;4;Audi V8 Sedan 1994;Audi;Sedan;04931.jpg
127;36;1367;896;140;22;4;Hyundai Azera Sedan 2012;Hyundai;Sedan;04932.jpg
22;20;384;178;181;43;4;Suzuki Aerio Sedan 2007;Suzuki;Sedan;04933.jpg
1;87;799;595;169;36;7;Nissan NV Passenger Van 2012;Nissan;Van;04934.jpg
49;73;272;241;157;30;0;MINI Cooper Roadster Convertible 2012;MINI Cooper;Convertible;04935.jpg
53;115;431;293;72;9;1;Chevrolet Monte Carlo Coupe 2007;Chevrolet;Coupe;04936.jpg
6;6;496;223;139;22;2;Hyundai Elantra Touring Hatchback 2012;Hyundai;Hatchback;04937.jpg
66;65;572;354;86;12;6;Dodge Ram Pickup 3500 Crew Cab 2010;Dodge;Truck;04938.jpg
31;46;294;161;105;16;4;Fisker Karma Sedan 2012;Fisker;Sedan;04939.jpg
32;50;278;166;23;3;4;Audi S4 Sedan 2012;Audi;Sedan;04940.jpg
1;37;197;144;161;34;0;Mercedes-Benz 300-Class Convertible 1993;Mercedes-Benz;Convertible;04941.jpg
96;73;559;399;8;2;0;Aston Martin V8 Vantage Convertible 2012;Aston;Convertible;04942.jpg
3;56;253;167;72;9;1;Chevrolet Monte Carlo Coupe 2007;Chevrolet;Coupe;04943.jpg
29;55;362;210;19;3;2;Audi TT Hatchback 2011;Audi;Hatchback;04944.jpg
69;79;430;276;34;4;1;BMW M3 Coupe 2012;BMW;Coupe;04945.jpg
76;170;884;681;27;4;0;BMW 1 Series Convertible 2012;BMW;Convertible;04946.jpg
137;149;676;453;110;17;5;Ford Edge SUV 2012;Ford;SUV;04947.jpg
113;302;668;527;96;12;4;Dodge Charger Sedan 2012;Dodge;Sedan;04948.jpg
49;99;594;397;17;3;4;Audi 100 Sedan 1994;Audi;Sedan;04949.jpg
2;158;640;419;87;12;6;Dodge Ram Pickup 3500 Quad Cab 2009;Dodge;Truck;04950.jpg
57;199;982;675;44;5;4;Bentley Continental Flying Spur Sedan 2007;Bentley;Sedan;04951.jpg
110;234;339;326;152;27;1;Lamborghini Gallardo LP 570-4 Superleggera 2012;Lamborghini;Coupe;04952.jpg
17;214;1587;742;98;13;2;Eagle Talon Hatchback 1998;Eagle;Hatchback;04953.jpg
94;163;736;377;55;9;0;Chevrolet Corvette Convertible 2012;Chevrolet;Convertible;04954.jpg
48;246;1085;625;176;40;4;Rolls-Royce Ghost Sedan 2012;Rolls-Royce;Sedan;04955.jpg
29;135;581;380;15;3;1;Audi R8 Coupe 2012;Audi;Coupe;04956.jpg
27;11;241;177;27;4;0;BMW 1 Series Convertible 2012;BMW;Convertible;04957.jpg
616;321;1111;574;177;40;4;Rolls-Royce Phantom Sedan 2012;Rolls-Royce;Sedan;04958.jpg
14;73;254;172;190;46;2;Volkswagen Golf Hatchback 2012;Volkswagen;Hatchback;04959.jpg
44;67;250;171;129;21;4;Honda Accord Sedan 2012;Honda;Sedan;04960.jpg
84;89;686;424;154;28;5;Land Rover Range Rover SUV 2012;Land Rover;SUV;04961.jpg
8;108;350;240;153;27;1;Lamborghini Diablo Coupe 2001;Lamborghini;Coupe;04962.jpg
19;13;409;268;179;42;0;Spyker C8 Convertible 2009;Spyker;Convertible;04963.jpg
3;12;300;211;131;22;5;Hyundai Santa Fe SUV 2012;Hyundai;SUV;04964.jpg
50;88;440;254;178;41;2;Scion xD Hatchback 2012;Scion;Hatchback;04965.jpg
17;62;187;123;31;4;0;BMW 6 Series Convertible 2007;BMW;Convertible;04966.jpg
4;144;799;526;82;11;8;Daewoo Nubira Wagon 2002;Daewoo;Wagon;04967.jpg
19;104;616;385;159;32;5;Mazda Tribute SUV 2011;Mazda;SUV;04968.jpg
2;34;355;176;159;32;5;Mazda Tribute SUV 2011;Mazda;SUV;04969.jpg
45;88;799;573;196;48;0;smart fortwo Convertible 2012;smart;Convertible;04970.jpg
110;133;565;368;171;36;1;Nissan 240SX Coupe 1998;Nissan;Coupe;04971.jpg
197;105;1059;726;38;4;0;BMW Z4 Convertible 2012;BMW;Convertible;04972.jpg
56;100;449;346;37;4;5;BMW X3 SUV 2012;BMW;SUV;04973.jpg
15;46;290;207;131;22;5;Hyundai Santa Fe SUV 2012;Hyundai;SUV;04974.jpg
27;93;620;350;38;4;0;BMW Z4 Convertible 2012;BMW;Convertible;04975.jpg
95;140;1344;860;193;47;2;Volvo C30 Hatchback 2012;Volvo;Hatchback;04976.jpg
23;78;601;403;127;21;3;Honda Odyssey Minivan 2007;Honda;Minivan;04977.jpg
125;165;574;469;35;4;4;BMW M5 Sedan 2010;BMW;Sedan;04978.jpg
1;167;645;445;55;9;0;Chevrolet Corvette Convertible 2012;Chevrolet;Convertible;04979.jpg
61;230;577;457;127;21;3;Honda Odyssey Minivan 2007;Honda;Minivan;04980.jpg
47;272;919;638;145;26;5;Jeep Patriot SUV 2012;Jeep;SUV;04981.jpg
78;264;961;563;193;47;2;Volvo C30 Hatchback 2012;Volvo;Hatchback;04982.jpg
49;93;225;169;151;27;1;Lamborghini Aventador Coupe 2012;Lamborghini;Coupe;04983.jpg
11;103;617;310;129;21;4;Honda Accord Sedan 2012;Honda;Sedan;04984.jpg
10;44;1027;557;117;17;4;Ford Fiesta Sedan 2012;Ford;Sedan;04985.jpg
14;95;483;337;120;18;5;GMC Yukon Hybrid SUV 2012;GMC;SUV;04986.jpg
76;81;660;420;131;22;5;Hyundai Santa Fe SUV 2012;Hyundai;SUV;04987.jpg
176;212;498;395;102;15;0;Ferrari California Convertible 2012;Ferrari;Convertible;04988.jpg
55;149;529;343;44;5;4;Bentley Continental Flying Spur Sedan 2007;Bentley;Sedan;04989.jpg
124;334;1390;859;160;33;1;McLaren MP4-12C Coupe 2012;McLaren;Coupe;04990.jpg
14;26;189;91;123;19;0;Geo Metro Convertible 1993;Geo;Convertible;04991.jpg
23;73;486;336;118;18;5;GMC Terrain SUV 2012;GMC;SUV;04992.jpg
42;90;613;398;75;9;6;Chevrolet Silverado 1500 Regular Cab 2012;Chevrolet;Truck;04993.jpg
27;8;417;346;105;16;4;Fisker Karma Sedan 2012;Fisker;Sedan;04994.jpg
26;84;401;284;128;21;1;Honda Accord Coupe 2012;Honda;Coupe;04995.jpg
77;139;803;549;124;20;6;HUMMER H3T Crew Cab 2010;HUMMER;Truck;04996.jpg
80;42;448;285;131;22;5;Hyundai Santa Fe SUV 2012;Hyundai;SUV;04997.jpg
8;51;799;411;30;4;8;BMW 3 Series Wagon 2012;BMW;Wagon;04998.jpg
55;80;978;667;111;17;6;Ford Ranger SuperCab 2011;Ford;Truck;04999.jpg
15;37;258;180;72;9;1;Chevrolet Monte Carlo Coupe 2007;Chevrolet;Coupe;05000.jpg
1;27;640;438;179;42;0;Spyker C8 Convertible 2009;Spyker;Convertible;05001.jpg
26;46;481;228;12;3;0;Audi RS 4 Convertible 2008;Audi;Convertible;05002.jpg
8;29;276;178;90;12;6;Dodge Dakota Crew Cab 2010;Dodge;Truck;05003.jpg
71;137;595;441;86;12;6;Dodge Ram Pickup 3500 Crew Cab 2010;Dodge;Truck;05004.jpg
56;60;346;222;115;17;4;Ford Focus Sedan 2007;Ford;Sedan;05005.jpg
22;13;292;188;37;4;5;BMW X3 SUV 2012;BMW;SUV;05006.jpg
39;142;617;354;20;3;4;Audi S6 Sedan 2011;Audi;Sedan;05007.jpg
71;77;575;381;73;9;4;Chevrolet Malibu Sedan 2007;Chevrolet;Sedan;05008.jpg
27;84;281;184;103;15;0;Ferrari 458 Italia Convertible 2012;Ferrari;Convertible;05010.jpg
1;31;140;77;34;4;1;BMW M3 Coupe 2012;BMW;Coupe;05011.jpg
42;77;617;463;195;47;5;Volvo XC90 SUV 2007;Volvo;SUV;05012.jpg
16;59;472;304;61;9;4;Chevrolet Impala Sedan 2007;Chevrolet;Sedan;05013.jpg
58;364;970;682;156;29;4;Lincoln Town Car Sedan 2011;Lincoln;Sedan;05014.jpg
172;99;853;696;79;10;4;Chrysler 300 SRT-8 2010;Chrysler;Sedan;05015.jpg
256;171;580;359;46;6;1;Bugatti Veyron 16.4 Coupe 2009;Bugatti;Coupe;05016.jpg
23;53;271;198;116;17;7;Ford E-Series Wagon Van 2012;Ford;Van;05017.jpg
23;67;605;392;181;43;4;Suzuki Aerio Sedan 2007;Suzuki;Sedan;05018.jpg
59;61;558;410;140;22;4;Hyundai Azera Sedan 2012;Hyundai;Sedan;05019.jpg
6;81;613;420;71;9;7;Chevrolet Express Van 2007;Chevrolet;Van;05020.jpg
86;237;979;588;160;33;1;McLaren MP4-12C Coupe 2012;McLaren;Coupe;05021.jpg
50;243;1424;883;145;26;5;Jeep Patriot SUV 2012;Jeep;SUV;05022.jpg
201;112;513;342;10;2;0;Aston Martin Virage Convertible 2012;Aston;Convertible;05023.jpg
57;189;944;587;186;45;5;Toyota Sequoia SUV 2012;Toyota;SUV;05024.jpg
22;55;290;221;121;18;5;GMC Acadia SUV 2012;GMC;SUV;05025.jpg
84;54;443;313;137;22;4;Hyundai Genesis Sedan 2012;Hyundai;Sedan;05026.jpg
60;99;614;399;190;46;2;Volkswagen Golf Hatchback 2012;Volkswagen;Hatchback;05027.jpg
52;15;274;142;28;4;1;BMW 1 Series Coupe 2012;BMW;Coupe;05028.jpg
22;214;783;520;40;5;4;Bentley Arnage Sedan 2009;Bentley;Sedan;05029.jpg
60;76;593;393;1;0;5;AM General Hummer SUV 2000;AM;SUV;05030.jpg
46;109;492;317;165;34;4;Mercedes-Benz S-Class Sedan 2012;Mercedes-Benz;Sedan;05031.jpg
108;58;316;203;71;9;7;Chevrolet Express Van 2007;Chevrolet;Van;05032.jpg
78;106;321;238;52;8;5;Cadillac SRX SUV 2012;Cadillac;SUV;05033.jpg
8;26;442;313;67;9;4;Chevrolet Malibu Hybrid Sedan 2010;Chevrolet;Sedan;05034.jpg
129;265;1980;1114;119;18;7;GMC Savana Van 2012;GMC;Van;05035.jpg
58;231;1145;770;164;34;4;Mercedes-Benz E-Class Sedan 2012;Mercedes-Benz;Sedan;05036.jpg
111;123;657;436;130;22;2;Hyundai Veloster Hatchback 2012;Hyundai;Hatchback;05037.jpg
41;52;218;170;114;17;6;Ford F-150 Regular Cab 2007;Ford;Truck;05038.jpg
106;17;517;360;178;41;2;Scion xD Hatchback 2012;Scion;Hatchback;05039.jpg
381;293;863;512;25;3;1;Audi TT RS Coupe 2012;Audi;Coupe;05040.jpg
3;6;202;159;88;12;7;Dodge Sprinter Cargo Van 2009;Dodge;Van;05041.jpg
147;119;1078;596;6;1;4;Acura Integra Type R 2001;Acura;Sedan;05042.jpg
21;69;288;210;190;46;2;Volkswagen Golf Hatchback 2012;Volkswagen;Hatchback;05043.jpg
18;12;251;183;131;22;5;Hyundai Santa Fe SUV 2012;Hyundai;SUV;05044.jpg
29;74;605;431;192;46;2;Volkswagen Beetle Hatchback 2012;Volkswagen;Hatchback;05045.jpg
187;337;1438;862;90;12;6;Dodge Dakota Crew Cab 2010;Dodge;Truck;05046.jpg
51;46;439;250;155;28;5;Land Rover LR2 SUV 2012;Land Rover;SUV;05047.jpg
40;70;562;350;10;2;0;Aston Martin Virage Convertible 2012;Aston;Convertible;05048.jpg
190;167;581;383;46;6;1;Bugatti Veyron 16.4 Coupe 2009;Bugatti;Coupe;05049.jpg
40;70;1582;1030;23;3;4;Audi S4 Sedan 2012;Audi;Sedan;05050.jpg
29;40;418;319;100;14;0;FIAT 500 Convertible 2012;FIAT;Convertible;05051.jpg
83;93;686;425;3;1;4;Acura TL Sedan 2012;Acura;Sedan;05052.jpg
21;154;607;367;180;42;1;Spyker C8 Coupe 2009;Spyker;Coupe;05053.jpg
41;78;990;711;52;8;5;Cadillac SRX SUV 2012;Cadillac;SUV;05054.jpg
187;225;886;762;165;34;4;Mercedes-Benz S-Class Sedan 2012;Mercedes-Benz;Sedan;05055.jpg
37;180;978;619;97;12;4;Dodge Charger SRT-8 2009;Dodge;Sedan;05056.jpg
63;106;435;329;4;1;4;Acura TL Type-S 2008;Acura;Sedan;05057.jpg
18;55;625;389;33;4;5;BMW X6 SUV 2012;BMW;SUV;05058.jpg
139;298;756;598;104;15;1;Ferrari 458 Italia Coupe 2012;Ferrari;Coupe;05059.jpg
153;59;861;658;132;22;5;Hyundai Tucson SUV 2012;Hyundai;SUV;05060.jpg
267;753;3247;1744;98;13;2;Eagle Talon Hatchback 1998;Eagle;Hatchback;05061.jpg
22;22;310;222;106;17;6;Ford F-450 Super Duty Crew Cab 2012;Ford;Truck;05062.jpg
36;56;605;455;13;3;1;Audi A5 Coupe 2012;Audi;Coupe;05063.jpg
85;79;530;401;115;17;4;Ford Focus Sedan 2007;Ford;Sedan;05064.jpg
37;102;605;389;115;17;4;Ford Focus Sedan 2007;Ford;Sedan;05065.jpg
25;74;221;174;42;5;1;Bentley Continental GT Coupe 2012;Bentley;Coupe;05066.jpg
17;46;383;230;19;3;2;Audi TT Hatchback 2011;Audi;Hatchback;05067.jpg
80;231;1167;667;43;5;1;Bentley Continental GT Coupe 2007;Bentley;Coupe;05068.jpg
128;101;347;195;38;4;0;BMW Z4 Convertible 2012;BMW;Convertible;05069.jpg
33;74;375;259;77;10;0;Chrysler Sebring Convertible 2010;Chrysler;Convertible;05070.jpg
66;70;478;293;52;8;5;Cadillac SRX SUV 2012;Cadillac;SUV;05071.jpg
25;50;239;159;38;4;0;BMW Z4 Convertible 2012;BMW;Convertible;05072.jpg
52;64;217;150;103;15;0;Ferrari 458 Italia Convertible 2012;Ferrari;Convertible;05073.jpg
23;106;462;301;78;10;3;Chrysler Town and Country Minivan 2012;Chrysler;Minivan;05074.jpg
29;33;243;153;25;3;1;Audi TT RS Coupe 2012;Audi;Coupe;05075.jpg
39;73;261;137;151;27;1;Lamborghini Aventador Coupe 2012;Lamborghini;Coupe;05076.jpg
25;44;559;273;7;1;2;Acura ZDX Hatchback 2012;Acura;Hatchback;05077.jpg
24;115;582;293;103;15;0;Ferrari 458 Italia Convertible 2012;Ferrari;Convertible;05078.jpg
17;21;400;300;159;32;5;Mazda Tribute SUV 2011;Mazda;SUV;05079.jpg
18;144;789;463;79;10;4;Chrysler 300 SRT-8 2010;Chrysler;Sedan;05080.jpg
8;1;498;196;51;8;4;Cadillac CTS-V Sedan 2012;Cadillac;Sedan;05081.jpg
36;35;401;241;66;9;4;Chevrolet Cobalt SS 2010;Chevrolet;Sedan;05082.jpg
22;78;378;236;13;3;1;Audi A5 Coupe 2012;Audi;Coupe;05083.jpg
59;60;542;346;98;13;2;Eagle Talon Hatchback 1998;Eagle;Hatchback;05084.jpg
17;44;256;174;23;3;4;Audi S4 Sedan 2012;Audi;Sedan;05085.jpg
14;135;567;305;15;3;1;Audi R8 Coupe 2012;Audi;Coupe;05086.jpg
25;99;587;384;35;4;4;BMW M5 Sedan 2010;BMW;Sedan;05087.jpg
42;78;362;299;178;41;2;Scion xD Hatchback 2012;Scion;Hatchback;05088.jpg
68;287;1228;667;179;42;0;Spyker C8 Convertible 2009;Spyker;Convertible;05089.jpg
134;43;467;158;26;4;4;BMW ActiveHybrid 5 Sedan 2012;BMW;Sedan;05090.jpg
97;141;955;585;115;17;4;Ford Focus Sedan 2007;Ford;Sedan;05091.jpg
26;48;459;335;113;17;6;Ford F-150 Regular Cab 2012;Ford;Truck;05092.jpg
13;122;393;283;139;22;2;Hyundai Elantra Touring Hatchback 2012;Hyundai;Hatchback;05093.jpg
43;114;486;253;38;4;0;BMW Z4 Convertible 2012;BMW;Convertible;05094.jpg
51;193;1001;656;42;5;1;Bentley Continental GT Coupe 2012;Bentley;Coupe;05095.jpg
2;82;381;187;153;27;1;Lamborghini Diablo Coupe 2001;Lamborghini;Coupe;05096.jpg
11;4;289;180;160;33;1;McLaren MP4-12C Coupe 2012;McLaren;Coupe;05097.jpg
87;80;827;700;146;26;5;Jeep Wrangler SUV 2012;Jeep;SUV;05098.jpg
5;63;286;174;107;17;0;Ford Mustang Convertible 2007;Ford;Convertible;05099.jpg
14;90;611;446;120;18;5;GMC Yukon Hybrid SUV 2012;GMC;SUV;05100.jpg
166;597;1949;1431;164;34;4;Mercedes-Benz E-Class Sedan 2012;Mercedes-Benz;Sedan;05101.jpg
13;19;318;235;85;12;3;Dodge Caravan Minivan 1997;Dodge;Minivan;05102.jpg
47;35;590;403;94;12;5;Dodge Durango SUV 2012;Dodge;SUV;05103.jpg
42;188;769;477;145;26;5;Jeep Patriot SUV 2012;Jeep;SUV;05104.jpg
27;40;279;142;30;4;8;BMW 3 Series Wagon 2012;BMW;Wagon;05105.jpg
9;11;246;179;125;20;6;HUMMER H2 SUT Crew Cab 2009;HUMMER;Truck;05106.jpg
31;44;379;250;152;27;1;Lamborghini Gallardo LP 570-4 Superleggera 2012;Lamborghini;Coupe;05107.jpg
5;15;298;139;108;17;3;Ford Freestar Minivan 2007;Ford;Minivan;05108.jpg
97;32;518;228;183;43;2;Suzuki SX4 Hatchback 2012;Suzuki;Hatchback;05109.jpg
126;171;1665;1182;149;26;5;Jeep Compass SUV 2012;Jeep;SUV;05110.jpg
22;65;473;287;93;12;1;Dodge Challenger SRT8 2011;Dodge;Coupe;05111.jpg
25;112;588;334;66;9;4;Chevrolet Cobalt SS 2010;Chevrolet;Sedan;05112.jpg
16;37;243;158;106;17;6;Ford F-450 Super Duty Crew Cab 2012;Ford;Truck;05113.jpg
24;95;276;237;21;3;0;Audi S5 Convertible 2012;Audi;Convertible;05114.jpg
26;64;235;185;113;17;6;Ford F-150 Regular Cab 2012;Ford;Truck;05115.jpg
32;42;584;347;14;3;1;Audi TTS Coupe 2012;Audi;Coupe;05116.jpg
51;321;1517;1122;187;45;4;Toyota Camry Sedan 2012;Toyota;Sedan;05117.jpg
16;55;246;163;80;10;0;Chrysler Crossfire Convertible 2008;Chrysler;Convertible;05118.jpg
52;118;743;513;196;48;0;smart fortwo Convertible 2012;smart;Convertible;05119.jpg
31;219;613;417;194;47;4;Volvo 240 Sedan 1993;Volvo;Sedan;05120.jpg
117;196;661;383;124;20;6;HUMMER H3T Crew Cab 2010;HUMMER;Truck;05121.jpg
44;56;397;306;20;3;4;Audi S6 Sedan 2011;Audi;Sedan;05122.jpg
108;149;1137;637;96;12;4;Dodge Charger Sedan 2012;Dodge;Sedan;05123.jpg
26;147;629;386;50;7;5;Buick Enclave SUV 2012;Buick;SUV;05124.jpg
42;170;591;389;4;1;4;Acura TL Type-S 2008;Acura;Sedan;05125.jpg
188;106;581;295;152;27;1;Lamborghini Gallardo LP 570-4 Superleggera 2012;Lamborghini;Coupe;05126.jpg
19;37;235;134;188;45;4;Toyota Corolla Sedan 2012;Toyota;Sedan;05127.jpg
15;58;246;139;5;1;4;Acura TSX Sedan 2012;Acura;Sedan;05128.jpg
172;107;582;335;22;3;1;Audi S5 Coupe 2012;Audi;Coupe;05129.jpg
35;38;222;163;86;12;6;Dodge Ram Pickup 3500 Crew Cab 2010;Dodge;Truck;05130.jpg
50;159;595;456;155;28;5;Land Rover LR2 SUV 2012;Land Rover;SUV;05131.jpg
35;92;405;309;32;4;5;BMW X5 SUV 2007;BMW;SUV;05132.jpg
37;72;281;187;157;30;0;MINI Cooper Roadster Convertible 2012;MINI Cooper;Convertible;05133.jpg
19;61;472;309;139;22;2;Hyundai Elantra Touring Hatchback 2012;Hyundai;Hatchback;05134.jpg
3;11;258;137;108;17;3;Ford Freestar Minivan 2007;Ford;Minivan;05135.jpg
32;116;569;370;105;16;4;Fisker Karma Sedan 2012;Fisker;Sedan;05136.jpg
54;44;578;401;133;22;5;Hyundai Veracruz SUV 2012;Hyundai;SUV;05137.jpg
21;6;341;146;15;3;1;Audi R8 Coupe 2012;Audi;Coupe;05138.jpg
21;104;514;377;154;28;5;Land Rover Range Rover SUV 2012;Land Rover;SUV;05139.jpg
37;102;723;407;58;9;5;Chevrolet Traverse SUV 2012;Chevrolet;SUV;05140.jpg
59;85;994;677;63;9;4;Chevrolet Sonic Sedan 2012;Chevrolet;Sedan;05141.jpg
24;86;472;309;92;12;8;Dodge Magnum Wagon 2008;Dodge;Wagon;05142.jpg
3;24;572;275;10;2;0;Aston Martin Virage Convertible 2012;Aston;Convertible;05143.jpg
43;276;973;562;21;3;0;Audi S5 Convertible 2012;Audi;Convertible;05144.jpg
17;68;402;241;44;5;4;Bentley Continental Flying Spur Sedan 2007;Bentley;Sedan;05145.jpg
123;69;489;259;25;3;1;Audi TT RS Coupe 2012;Audi;Coupe;05146.jpg
53;114;577;299;171;36;1;Nissan 240SX Coupe 1998;Nissan;Coupe;05147.jpg
72;109;529;323;13;3;1;Audi A5 Coupe 2012;Audi;Coupe;05148.jpg
55;22;593;399;149;26;5;Jeep Compass SUV 2012;Jeep;SUV;05149.jpg
55;113;523;331;21;3;0;Audi S5 Convertible 2012;Audi;Convertible;05150.jpg
47;140;611;426;120;18;5;GMC Yukon Hybrid SUV 2012;GMC;SUV;05151.jpg
48;92;261;161;59;9;0;Chevrolet Camaro Convertible 2012;Chevrolet;Convertible;05152.jpg
28;94;614;389;144;25;1;Jaguar XK XKR 2012;Jaguar;Coupe;05153.jpg
335;234;992;740;149;26;5;Jeep Compass SUV 2012;Jeep;SUV;05154.jpg
22;53;1773;1013;120;18;5;GMC Yukon Hybrid SUV 2012;GMC;SUV;05155.jpg
89;137;524;335;31;4;0;BMW 6 Series Convertible 2007;BMW;Convertible;05156.jpg
172;22;760;469;151;27;1;Lamborghini Aventador Coupe 2012;Lamborghini;Coupe;05157.jpg
1;31;443;299;39;5;0;Bentley Continental Supersports Conv. Convertible 2012;Bentley;Convertible;05158.jpg
9;66;600;373;114;17;6;Ford F-150 Regular Cab 2007;Ford;Truck;05159.jpg
12;64;254;140;107;17;0;Ford Mustang Convertible 2007;Ford;Convertible;05160.jpg
32;43;620;437;131;22;5;Hyundai Santa Fe SUV 2012;Hyundai;SUV;05161.jpg
29;32;472;331;20;3;4;Audi S6 Sedan 2011;Audi;Sedan;05162.jpg
68;116;543;371;38;4;0;BMW Z4 Convertible 2012;BMW;Convertible;05163.jpg
15;107;624;363;182;43;4;Suzuki Kizashi Sedan 2012;Suzuki;Sedan;05164.jpg
16;83;564;322;172;37;1;Plymouth Neon Coupe 1999;Plymouth;Coupe;05165.jpg
36;60;586;354;122;18;6;GMC Canyon Extended Cab 2012;GMC;Truck;05166.jpg
11;24;117;76;174;39;3;Ram C/V Cargo Van Minivan 2012;Ram;Minivan;05167.jpg
40;184;702;493;68;9;0;Chevrolet TrailBlazer SS 2009;Chevrolet;Convertible;05168.jpg
55;167;769;406;194;47;4;Volvo 240 Sedan 1993;Volvo;Sedan;05169.jpg
6;85;292;192;104;15;1;Ferrari 458 Italia Coupe 2012;Ferrari;Coupe;05170.jpg
214;27;558;235;195;47;5;Volvo XC90 SUV 2007;Volvo;SUV;05171.jpg
208;207;772;513;177;40;4;Rolls-Royce Phantom Sedan 2012;Rolls-Royce;Sedan;05172.jpg
48;70;274;200;35;4;4;BMW M5 Sedan 2010;BMW;Sedan;05173.jpg
18;63;639;396;70;9;6;Chevrolet Silverado 1500 Classic Extended Cab 2007;Chevrolet;Truck;05174.jpg
111;11;531;320;187;45;4;Toyota Camry Sedan 2012;Toyota;Sedan;05175.jpg
48;51;279;179;62;9;5;Chevrolet Tahoe Hybrid SUV 2012;Chevrolet;SUV;05176.jpg
16;24;580;282;17;3;4;Audi 100 Sedan 1994;Audi;Sedan;05177.jpg
5;169;799;506;79;10;4;Chrysler 300 SRT-8 2010;Chrysler;Sedan;05178.jpg
2;63;625;402;61;9;4;Chevrolet Impala Sedan 2007;Chevrolet;Sedan;05179.jpg
45;120;569;362;179;42;0;Spyker C8 Convertible 2009;Spyker;Convertible;05180.jpg
30;162;565;379;17;3;4;Audi 100 Sedan 1994;Audi;Sedan;05181.jpg
21;121;390;381;105;16;4;Fisker Karma Sedan 2012;Fisker;Sedan;05182.jpg
15;59;1147;617;25;3;1;Audi TT RS Coupe 2012;Audi;Coupe;05183.jpg
24;144;607;398;83;12;8;Dodge Caliber Wagon 2012;Dodge;Wagon;05184.jpg
80;231;861;679;112;17;1;Ford GT Coupe 2006;Ford;Coupe;05185.jpg
14;47;467;221;114;17;6;Ford F-150 Regular Cab 2007;Ford;Truck;05186.jpg
29;5;211;144;106;17;6;Ford F-450 Super Duty Crew Cab 2012;Ford;Truck;05187.jpg
28;42;463;308;111;17;6;Ford Ranger SuperCab 2011;Ford;Truck;05188.jpg
17;49;584;433;146;26;5;Jeep Wrangler SUV 2012;Jeep;SUV;05189.jpg
80;86;544;299;93;12;1;Dodge Challenger SRT8 2011;Dodge;Coupe;05190.jpg
24;138;617;358;59;9;0;Chevrolet Camaro Convertible 2012;Chevrolet;Convertible;05191.jpg
55;14;529;374;53;8;6;Cadillac Escalade EXT Crew Cab 2007;Cadillac;Truck;05192.jpg
72;103;598;302;142;23;5;Infiniti QX56 SUV 2011;Infiniti;SUV;05193.jpg
29;44;587;463;95;12;5;Dodge Durango SUV 2007;Dodge;SUV;05194.jpg
67;355;1549;1063;170;36;2;Nissan Juke Hatchback 2012;Nissan;Hatchback;05195.jpg
41;41;239;134;111;17;6;Ford Ranger SuperCab 2011;Ford;Truck;05196.jpg
39;141;594;355;7;1;2;Acura ZDX Hatchback 2012;Acura;Hatchback;05197.jpg
244;153;632;397;140;22;4;Hyundai Azera Sedan 2012;Hyundai;Sedan;05198.jpg
224;49;621;346;119;18;7;GMC Savana Van 2012;GMC;Van;05199.jpg
86;19;505;316;138;22;4;Hyundai Sonata Sedan 2012;Hyundai;Sedan;05200.jpg
12;47;251;162;97;12;4;Dodge Charger SRT-8 2009;Dodge;Sedan;05201.jpg
21;45;269;160;177;40;4;Rolls-Royce Phantom Sedan 2012;Rolls-Royce;Sedan;05202.jpg
6;50;300;167;45;6;0;Bugatti Veyron 16.4 Convertible 2009;Bugatti;Convertible;05203.jpg
46;81;507;278;157;30;0;MINI Cooper Roadster Convertible 2012;MINI Cooper;Convertible;05204.jpg
35;50;673;495;124;20;6;HUMMER H3T Crew Cab 2010;HUMMER;Truck;05205.jpg
118;39;882;681;172;37;1;Plymouth Neon Coupe 1999;Plymouth;Coupe;05206.jpg
111;184;543;358;126;21;3;Honda Odyssey Minivan 2012;Honda;Minivan;05207.jpg
100;240;1577;968;55;9;0;Chevrolet Corvette Convertible 2012;Chevrolet;Convertible;05208.jpg
3;40;300;154;92;12;8;Dodge Magnum Wagon 2008;Dodge;Wagon;05209.jpg
18;84;205;167;161;34;0;Mercedes-Benz 300-Class Convertible 1993;Mercedes-Benz;Convertible;05210.jpg
52;21;400;262;180;42;1;Spyker C8 Coupe 2009;Spyker;Coupe;05211.jpg
15;82;337;223;20;3;4;Audi S6 Sedan 2011;Audi;Sedan;05212.jpg
99;124;961;665;75;9;6;Chevrolet Silverado 1500 Regular Cab 2012;Chevrolet;Truck;05213.jpg
16;434;1266;894;79;10;4;Chrysler 300 SRT-8 2010;Chrysler;Sedan;05214.jpg
14;19;793;452;183;43;2;Suzuki SX4 Hatchback 2012;Suzuki;Hatchback;05215.jpg
135;116;897;579;63;9;4;Chevrolet Sonic Sedan 2012;Chevrolet;Sedan;05216.jpg
111;82;886;584;148;26;5;Jeep Grand Cherokee SUV 2012;Jeep;SUV;05217.jpg
34;162;703;428;60;9;8;Chevrolet HHR SS 2010;Chevrolet;Wagon;05218.jpg
279;316;1345;921;170;36;2;Nissan Juke Hatchback 2012;Nissan;Hatchback;05219.jpg
16;79;727;449;130;22;2;Hyundai Veloster Hatchback 2012;Hyundai;Hatchback;05220.jpg
34;49;281;144;69;9;6;Chevrolet Silverado 2500HD Regular Cab 2012;Chevrolet;Truck;05221.jpg
70;101;850;460;69;9;6;Chevrolet Silverado 2500HD Regular Cab 2012;Chevrolet;Truck;05222.jpg
19;12;252;181;113;17;6;Ford F-150 Regular Cab 2012;Ford;Truck;05223.jpg
5;14;93;58;1;0;5;AM General Hummer SUV 2000;AM;SUV;05224.jpg
108;103;2743;1758;178;41;2;Scion xD Hatchback 2012;Scion;Hatchback;05225.jpg
366;401;1516;1012;25;3;1;Audi TT RS Coupe 2012;Audi;Coupe;05226.jpg
41;138;760;519;94;12;5;Dodge Durango SUV 2012;Dodge;SUV;05227.jpg
17;19;640;289;96;12;4;Dodge Charger Sedan 2012;Dodge;Sedan;05228.jpg
21;25;463;288;109;17;5;Ford Expedition EL SUV 2009;Ford;SUV;05229.jpg
223;66;552;261;157;30;0;MINI Cooper Roadster Convertible 2012;MINI Cooper;Convertible;05230.jpg
6;34;427;266;69;9;6;Chevrolet Silverado 2500HD Regular Cab 2012;Chevrolet;Truck;05231.jpg
195;248;854;557;192;46;2;Volkswagen Beetle Hatchback 2012;Volkswagen;Hatchback;05232.jpg
70;46;529;309;144;25;1;Jaguar XK XKR 2012;Jaguar;Coupe;05233.jpg
101;120;944;685;183;43;2;Suzuki SX4 Hatchback 2012;Suzuki;Hatchback;05234.jpg
43;27;594;351;73;9;4;Chevrolet Malibu Sedan 2007;Chevrolet;Sedan;05235.jpg
151;166;1441;1027;101;15;1;Ferrari FF Coupe 2012;Ferrari;Coupe;05236.jpg
29;32;399;330;195;47;5;Volvo XC90 SUV 2007;Volvo;SUV;05237.jpg
58;217;975;608;141;23;1;Infiniti G Coupe IPL 2012;Infiniti;Coupe;05238.jpg
55;36;426;314;100;14;0;FIAT 500 Convertible 2012;FIAT;Convertible;05239.jpg
24;61;672;487;87;12;6;Dodge Ram Pickup 3500 Quad Cab 2009;Dodge;Truck;05240.jpg
60;420;1634;981;182;43;4;Suzuki Kizashi Sedan 2012;Suzuki;Sedan;05241.jpg
43;113;618;428;125;20;6;HUMMER H2 SUT Crew Cab 2009;HUMMER;Truck;05242.jpg
1;8;111;78;88;12;7;Dodge Sprinter Cargo Van 2009;Dodge;Van;05243.jpg
53;109;506;379;127;21;3;Honda Odyssey Minivan 2007;Honda;Minivan;05244.jpg
11;27;226;163;196;48;0;smart fortwo Convertible 2012;smart;Convertible;05245.jpg
129;73;519;405;110;17;5;Ford Edge SUV 2012;Ford;SUV;05246.jpg
41;120;589;315;179;42;0;Spyker C8 Convertible 2009;Spyker;Convertible;05247.jpg
382;172;1249;883;133;22;5;Hyundai Veracruz SUV 2012;Hyundai;SUV;05248.jpg
118;128;462;266;55;9;0;Chevrolet Corvette Convertible 2012;Chevrolet;Convertible;05249.jpg
31;38;631;438;109;17;5;Ford Expedition EL SUV 2009;Ford;SUV;05250.jpg
35;105;531;397;190;46;2;Volkswagen Golf Hatchback 2012;Volkswagen;Hatchback;05251.jpg
20;126;932;725;95;12;5;Dodge Durango SUV 2007;Dodge;SUV;05252.jpg
53;1;687;495;95;12;5;Dodge Durango SUV 2007;Dodge;SUV;05253.jpg
5;16;200;150;123;19;0;Geo Metro Convertible 1993;Geo;Convertible;05254.jpg
40;51;538;326;29;4;4;BMW 3 Series Sedan 2012;BMW;Sedan;05255.jpg
137;93;488;416;195;47;5;Volvo XC90 SUV 2007;Volvo;SUV;05256.jpg
6;1;608;367;101;15;1;Ferrari FF Coupe 2012;Ferrari;Coupe;05257.jpg
80;100;401;371;38;4;0;BMW Z4 Convertible 2012;BMW;Convertible;05258.jpg
179;177;753;452;2;1;4;Acura RL Sedan 2012;Acura;Sedan;05259.jpg
19;12;613;456;176;40;4;Rolls-Royce Ghost Sedan 2012;Rolls-Royce;Sedan;05260.jpg
10;34;242;126;2;1;4;Acura RL Sedan 2012;Acura;Sedan;05261.jpg
44;108;560;355;60;9;8;Chevrolet HHR SS 2010;Chevrolet;Wagon;05262.jpg
300;176;1185;711;12;3;0;Audi RS 4 Convertible 2008;Audi;Convertible;05263.jpg
75;95;578;368;153;27;1;Lamborghini Diablo Coupe 2001;Lamborghini;Coupe;05264.jpg
8;28;1005;616;14;3;1;Audi TTS Coupe 2012;Audi;Coupe;05265.jpg
40;66;269;164;14;3;1;Audi TTS Coupe 2012;Audi;Coupe;05266.jpg
23;47;255;183;65;9;6;Chevrolet Avalanche Crew Cab 2012;Chevrolet;Truck;05267.jpg
10;5;545;315;23;3;4;Audi S4 Sedan 2012;Audi;Sedan;05268.jpg
40;10;241;162;69;9;6;Chevrolet Silverado 2500HD Regular Cab 2012;Chevrolet;Truck;05269.jpg
85;107;938;608;187;45;4;Toyota Camry Sedan 2012;Toyota;Sedan;05270.jpg
39;43;584;227;18;3;8;Audi 100 Wagon 1994;Audi;Wagon;05271.jpg
47;164;986;706;21;3;0;Audi S5 Convertible 2012;Audi;Convertible;05272.jpg
22;43;424;203;33;4;5;BMW X6 SUV 2012;BMW;SUV;05273.jpg
36;65;633;347;61;9;4;Chevrolet Impala Sedan 2007;Chevrolet;Sedan;05274.jpg
101;160;464;308;35;4;4;BMW M5 Sedan 2010;BMW;Sedan;05275.jpg
9;18;626;471;154;28;5;Land Rover Range Rover SUV 2012;Land Rover;SUV;05276.jpg
21;41;415;330;155;28;5;Land Rover LR2 SUV 2012;Land Rover;SUV;05277.jpg
17;139;379;251;39;5;0;Bentley Continental Supersports Conv. Convertible 2012;Bentley;Convertible;05278.jpg
41;35;592;377;142;23;5;Infiniti QX56 SUV 2011;Infiniti;SUV;05279.jpg
137;114;919;544;15;3;1;Audi R8 Coupe 2012;Audi;Coupe;05280.jpg
147;125;471;426;3;1;4;Acura TL Sedan 2012;Acura;Sedan;05281.jpg
256;310;1504;727;182;43;4;Suzuki Kizashi Sedan 2012;Suzuki;Sedan;05282.jpg
109;224;890;619;167;35;4;Mitsubishi Lancer Sedan 2012;Mitsubishi;Sedan;05283.jpg
15;13;294;195;118;18;5;GMC Terrain SUV 2012;GMC;SUV;05284.jpg
67;102;564;368;187;45;4;Toyota Camry Sedan 2012;Toyota;Sedan;05285.jpg
295;106;1653;1057;147;26;5;Jeep Liberty SUV 2012;Jeep;SUV;05286.jpg
110;75;272;151;152;27;1;Lamborghini Gallardo LP 570-4 Superleggera 2012;Lamborghini;Coupe;05287.jpg
88;320;1204;747;176;40;4;Rolls-Royce Ghost Sedan 2012;Rolls-Royce;Sedan;05288.jpg
42;103;618;411;104;15;1;Ferrari 458 Italia Coupe 2012;Ferrari;Coupe;05289.jpg
250;343;1345;994;35;4;4;BMW M5 Sedan 2010;BMW;Sedan;05290.jpg
67;56;606;427;89;12;5;Dodge Journey SUV 2012;Dodge;SUV;05291.jpg
14;159;548;457;194;47;4;Volvo 240 Sedan 1993;Volvo;Sedan;05292.jpg
13;62;276;179;138;22;4;Hyundai Sonata Sedan 2012;Hyundai;Sedan;05293.jpg
40;63;444;280;150;27;1;Lamborghini Reventon Coupe 2008;Lamborghini;Coupe;05294.jpg
30;16;430;215;2;1;4;Acura RL Sedan 2012;Acura;Sedan;05295.jpg
24;27;429;257;136;22;4;Hyundai Accent Sedan 2012;Hyundai;Sedan;05296.jpg
518;493;1090;981;145;26;5;Jeep Patriot SUV 2012;Jeep;SUV;05297.jpg
25;60;487;286;102;15;0;Ferrari California Convertible 2012;Ferrari;Convertible;05298.jpg
68;111;561;378;137;22;4;Hyundai Genesis Sedan 2012;Hyundai;Sedan;05299.jpg
1;32;192;133;171;36;1;Nissan 240SX Coupe 1998;Nissan;Coupe;05300.jpg
12;179;326;367;97;12;4;Dodge Charger SRT-8 2009;Dodge;Sedan;05301.jpg
56;79;552;251;151;27;1;Lamborghini Aventador Coupe 2012;Lamborghini;Coupe;05302.jpg
19;81;238;168;104;15;1;Ferrari 458 Italia Coupe 2012;Ferrari;Coupe;05303.jpg
11;31;271;179;8;2;0;Aston Martin V8 Vantage Convertible 2012;Aston;Convertible;05304.jpg
147;118;940;663;75;9;6;Chevrolet Silverado 1500 Regular Cab 2012;Chevrolet;Truck;05305.jpg
53;169;582;389;9;2;1;Aston Martin V8 Vantage Coupe 2012;Aston;Coupe;05306.jpg
58;85;532;433;4;1;4;Acura TL Type-S 2008;Acura;Sedan;05307.jpg
32;75;564;241;128;21;1;Honda Accord Coupe 2012;Honda;Coupe;05308.jpg
5;35;266;169;65;9;6;Chevrolet Avalanche Crew Cab 2012;Chevrolet;Truck;05309.jpg
163;162;563;375;39;5;0;Bentley Continental Supersports Conv. Convertible 2012;Bentley;Convertible;05310.jpg
39;57;838;528;144;25;1;Jaguar XK XKR 2012;Jaguar;Coupe;05311.jpg
154;125;324;286;45;6;0;Bugatti Veyron 16.4 Convertible 2009;Bugatti;Convertible;05312.jpg
201;241;965;594;112;17;1;Ford GT Coupe 2006;Ford;Coupe;05313.jpg
72;83;718;457;33;4;5;BMW X6 SUV 2012;BMW;SUV;05314.jpg
21;96;380;275;13;3;1;Audi A5 Coupe 2012;Audi;Coupe;05315.jpg
27;42;589;301;158;31;0;Maybach Landaulet Convertible 2012;Maybach;Convertible;05316.jpg
35;64;487;306;68;9;0;Chevrolet TrailBlazer SS 2009;Chevrolet;Convertible;05317.jpg
79;57;552;381;119;18;7;GMC Savana Van 2012;GMC;Van;05318.jpg
19;105;448;272;118;18;5;GMC Terrain SUV 2012;GMC;SUV;05319.jpg
28;56;605;288;184;43;4;Suzuki SX4 Sedan 2012;Suzuki;Sedan;05320.jpg
124;392;1137;760;163;34;1;Mercedes-Benz SL-Class Coupe 2009;Mercedes-Benz;Coupe;05321.jpg
59;43;253;171;188;45;4;Toyota Corolla Sedan 2012;Toyota;Sedan;05322.jpg
304;266;971;667;117;17;4;Ford Fiesta Sedan 2012;Ford;Sedan;05323.jpg
23;94;402;269;4;1;4;Acura TL Type-S 2008;Acura;Sedan;05324.jpg
518;452;1332;1004;169;36;7;Nissan NV Passenger Van 2012;Nissan;Van;05325.jpg
6;9;217;110;17;3;4;Audi 100 Sedan 1994;Audi;Sedan;05326.jpg
43;197;973;686;185;44;4;Tesla Model S Sedan 2012;Tesla;Sedan;05327.jpg
80;295;944;717;63;9;4;Chevrolet Sonic Sedan 2012;Chevrolet;Sedan;05328.jpg
56;109;859;356;39;5;0;Bentley Continental Supersports Conv. Convertible 2012;Bentley;Convertible;05329.jpg
133;105;603;471;26;4;4;BMW ActiveHybrid 5 Sedan 2012;BMW;Sedan;05330.jpg
13;1;612;450;169;36;7;Nissan NV Passenger Van 2012;Nissan;Van;05331.jpg
14;20;273;174;54;9;6;Chevrolet Silverado 1500 Hybrid Crew Cab 2012;Chevrolet;Truck;05332.jpg
189;174;800;542;3;1;4;Acura TL Sedan 2012;Acura;Sedan;05333.jpg
118;15;601;450;71;9;7;Chevrolet Express Van 2007;Chevrolet;Van;05334.jpg
17;41;484;265;81;10;0;Chrysler PT Cruiser Convertible 2008;Chrysler;Convertible;05335.jpg
93;231;1833;1341;176;40;4;Rolls-Royce Ghost Sedan 2012;Rolls-Royce;Sedan;05336.jpg
51;135;1247;736;38;4;0;BMW Z4 Convertible 2012;BMW;Convertible;05337.jpg
33;118;455;322;61;9;4;Chevrolet Impala Sedan 2007;Chevrolet;Sedan;05338.jpg
123;291;929;587;126;21;3;Honda Odyssey Minivan 2012;Honda;Minivan;05339.jpg
129;379;1973;985;59;9;0;Chevrolet Camaro Convertible 2012;Chevrolet;Convertible;05340.jpg
6;30;318;140;40;5;4;Bentley Arnage Sedan 2009;Bentley;Sedan;05341.jpg
10;1;102;85;88;12;7;Dodge Sprinter Cargo Van 2009;Dodge;Van;05342.jpg
16;101;1409;696;127;21;3;Honda Odyssey Minivan 2007;Honda;Minivan;05343.jpg
28;65;345;245;102;15;0;Ferrari California Convertible 2012;Ferrari;Convertible;05345.jpg
2;56;199;138;39;5;0;Bentley Continental Supersports Conv. Convertible 2012;Bentley;Convertible;05346.jpg
108;201;706;429;3;1;4;Acura TL Sedan 2012;Acura;Sedan;05347.jpg
23;99;373;221;91;12;6;Dodge Dakota Club Cab 2007;Dodge;Truck;05348.jpg
189;198;756;468;7;1;2;Acura ZDX Hatchback 2012;Acura;Hatchback;05349.jpg
19;22;235;162;174;39;3;Ram C/V Cargo Van Minivan 2012;Ram;Minivan;05350.jpg
132;20;774;505;45;6;0;Bugatti Veyron 16.4 Convertible 2009;Bugatti;Convertible;05351.jpg
59;54;590;385;132;22;5;Hyundai Tucson SUV 2012;Hyundai;SUV;05352.jpg
86;137;586;334;13;3;1;Audi A5 Coupe 2012;Audi;Coupe;05353.jpg
19;1;639;480;172;37;1;Plymouth Neon Coupe 1999;Plymouth;Coupe;05354.jpg
33;74;531;283;169;36;7;Nissan NV Passenger Van 2012;Nissan;Van;05355.jpg
48;214;1233;724;139;22;2;Hyundai Elantra Touring Hatchback 2012;Hyundai;Hatchback;05356.jpg
29;93;630;480;119;18;7;GMC Savana Van 2012;GMC;Van;05357.jpg
125;129;499;348;120;18;5;GMC Yukon Hybrid SUV 2012;GMC;SUV;05358.jpg
49;59;239;142;19;3;2;Audi TT Hatchback 2011;Audi;Hatchback;05359.jpg
36;111;505;326;103;15;0;Ferrari 458 Italia Convertible 2012;Ferrari;Convertible;05360.jpg
40;38;392;254;188;45;4;Toyota Corolla Sedan 2012;Toyota;Sedan;05361.jpg
11;3;292;115;117;17;4;Ford Fiesta Sedan 2012;Ford;Sedan;05362.jpg
137;149;624;579;116;17;7;Ford E-Series Wagon Van 2012;Ford;Van;05363.jpg
148;105;687;498;172;37;1;Plymouth Neon Coupe 1999;Plymouth;Coupe;05364.jpg
56;68;587;387;154;28;5;Land Rover Range Rover SUV 2012;Land Rover;SUV;05365.jpg
313;188;657;401;10;2;0;Aston Martin Virage Convertible 2012;Aston;Convertible;05366.jpg
75;93;539;400;193;47;2;Volvo C30 Hatchback 2012;Volvo;Hatchback;05367.jpg
147;11;590;218;65;9;6;Chevrolet Avalanche Crew Cab 2012;Chevrolet;Truck;05368.jpg
27;42;457;342;113;17;6;Ford F-150 Regular Cab 2012;Ford;Truck;05369.jpg
11;50;616;339;54;9;6;Chevrolet Silverado 1500 Hybrid Crew Cab 2012;Chevrolet;Truck;05370.jpg
161;104;798;415;162;34;4;Mercedes-Benz C-Class Sedan 2012;Mercedes-Benz;Sedan;05371.jpg
8;66;361;227;127;21;3;Honda Odyssey Minivan 2007;Honda;Minivan;05372.jpg
6;30;359;242;8;2;0;Aston Martin V8 Vantage Convertible 2012;Aston;Convertible;05373.jpg
162;128;351;244;47;7;4;Buick Regal GS 2012;Buick;Sedan;05374.jpg
13;128;495;359;120;18;5;GMC Yukon Hybrid SUV 2012;GMC;SUV;05375.jpg
36;172;772;514;194;47;4;Volvo 240 Sedan 1993;Volvo;Sedan;05376.jpg
31;4;388;258;115;17;4;Ford Focus Sedan 2007;Ford;Sedan;05377.jpg
11;123;640;413;73;9;4;Chevrolet Malibu Sedan 2007;Chevrolet;Sedan;05378.jpg
75;11;945;378;35;4;4;BMW M5 Sedan 2010;BMW;Sedan;05379.jpg
41;47;274;195;53;8;6;Cadillac Escalade EXT Crew Cab 2007;Cadillac;Truck;05380.jpg
10;62;680;415;125;20;6;HUMMER H2 SUT Crew Cab 2009;HUMMER;Truck;05381.jpg
30;217;759;522;9;2;1;Aston Martin V8 Vantage Coupe 2012;Aston;Coupe;05382.jpg
23;54;429;284;119;18;7;GMC Savana Van 2012;GMC;Van;05383.jpg
64;20;344;251;92;12;8;Dodge Magnum Wagon 2008;Dodge;Wagon;05384.jpg
92;270;418;410;192;46;2;Volkswagen Beetle Hatchback 2012;Volkswagen;Hatchback;05385.jpg
19;59;334;258;7;1;2;Acura ZDX Hatchback 2012;Acura;Hatchback;05386.jpg
348;467;1626;963;187;45;4;Toyota Camry Sedan 2012;Toyota;Sedan;05387.jpg
339;496;1418;1021;170;36;2;Nissan Juke Hatchback 2012;Nissan;Hatchback;05388.jpg
45;25;578;447;171;36;1;Nissan 240SX Coupe 1998;Nissan;Coupe;05389.jpg
92;70;342;314;113;17;6;Ford F-150 Regular Cab 2012;Ford;Truck;05390.jpg
93;138;907;536;127;21;3;Honda Odyssey Minivan 2007;Honda;Minivan;05391.jpg
4;21;236;160;19;3;2;Audi TT Hatchback 2011;Audi;Hatchback;05392.jpg
9;61;274;155;177;40;4;Rolls-Royce Phantom Sedan 2012;Rolls-Royce;Sedan;05393.jpg
74;130;564;444;29;4;4;BMW 3 Series Sedan 2012;BMW;Sedan;05395.jpg
26;91;615;411;50;7;5;Buick Enclave SUV 2012;Buick;SUV;05396.jpg
115;142;641;386;151;27;1;Lamborghini Aventador Coupe 2012;Lamborghini;Coupe;05397.jpg
41;157;607;404;104;15;1;Ferrari 458 Italia Coupe 2012;Ferrari;Coupe;05398.jpg
68;102;463;430;166;34;7;Mercedes-Benz Sprinter Van 2012;Mercedes-Benz;Van;05399.jpg
14;37;244;165;131;22;5;Hyundai Santa Fe SUV 2012;Hyundai;SUV;05400.jpg
18;44;250;138;116;17;7;Ford E-Series Wagon Van 2012;Ford;Van;05401.jpg
21;45;241;157;37;4;5;BMW X3 SUV 2012;BMW;SUV;05402.jpg
271;185;630;347;93;12;1;Dodge Challenger SRT8 2011;Dodge;Coupe;05403.jpg
36;26;413;313;28;4;1;BMW 1 Series Coupe 2012;BMW;Coupe;05404.jpg
66;277;932;564;4;1;4;Acura TL Type-S 2008;Acura;Sedan;05405.jpg
3;25;295;214;129;21;4;Honda Accord Sedan 2012;Honda;Sedan;05406.jpg
145;87;524;375;156;29;4;Lincoln Town Car Sedan 2011;Lincoln;Sedan;05407.jpg
73;94;286;175;19;3;2;Audi TT Hatchback 2011;Audi;Hatchback;05408.jpg
34;88;396;274;188;45;4;Toyota Corolla Sedan 2012;Toyota;Sedan;05410.jpg
205;162;646;516;128;21;1;Honda Accord Coupe 2012;Honda;Coupe;05411.jpg
57;114;378;253;83;12;8;Dodge Caliber Wagon 2012;Dodge;Wagon;05412.jpg
177;434;2613;1549;23;3;4;Audi S4 Sedan 2012;Audi;Sedan;05413.jpg
185;123;503;359;168;36;2;Nissan Leaf Hatchback 2012;Nissan;Hatchback;05414.jpg
35;89;763;429;112;17;1;Ford GT Coupe 2006;Ford;Coupe;05415.jpg
80;200;595;447;75;9;6;Chevrolet Silverado 1500 Regular Cab 2012;Chevrolet;Truck;05416.jpg
47;45;269;175;189;45;5;Toyota 4Runner SUV 2012;Toyota;SUV;05417.jpg
51;15;217;164;174;39;3;Ram C/V Cargo Van Minivan 2012;Ram;Minivan;05418.jpg
186;90;556;280;99;14;2;FIAT 500 Abarth 2012;FIAT;Hatchback;05419.jpg
143;135;548;280;185;44;4;Tesla Model S Sedan 2012;Tesla;Sedan;05420.jpg
43;166;961;606;51;8;4;Cadillac CTS-V Sedan 2012;Cadillac;Sedan;05421.jpg
63;103;582;423;184;43;4;Suzuki SX4 Sedan 2012;Suzuki;Sedan;05422.jpg
73;388;1217;734;101;15;1;Ferrari FF Coupe 2012;Ferrari;Coupe;05423.jpg
17;17;280;155;105;16;4;Fisker Karma Sedan 2012;Fisker;Sedan;05424.jpg
53;180;1119;725;25;3;1;Audi TT RS Coupe 2012;Audi;Coupe;05425.jpg
83;148;562;363;22;3;1;Audi S5 Coupe 2012;Audi;Coupe;05426.jpg
54;126;576;420;100;14;0;FIAT 500 Convertible 2012;FIAT;Convertible;05427.jpg
24;79;724;369;115;17;4;Ford Focus Sedan 2007;Ford;Sedan;05428.jpg
16;26;460;258;24;3;4;Audi S4 Sedan 2007;Audi;Sedan;05429.jpg
37;121;287;192;163;34;1;Mercedes-Benz SL-Class Coupe 2009;Mercedes-Benz;Coupe;05430.jpg
313;423;1201;901;96;12;4;Dodge Charger Sedan 2012;Dodge;Sedan;05431.jpg
93;135;913;679;65;9;6;Chevrolet Avalanche Crew Cab 2012;Chevrolet;Truck;05432.jpg
5;18;295;178;109;17;5;Ford Expedition EL SUV 2009;Ford;SUV;05433.jpg
54;107;543;344;3;1;4;Acura TL Sedan 2012;Acura;Sedan;05434.jpg
3;39;281;149;19;3;2;Audi TT Hatchback 2011;Audi;Hatchback;05435.jpg
72;43;725;483;55;9;0;Chevrolet Corvette Convertible 2012;Chevrolet;Convertible;05436.jpg
96;416;4252;2792;61;9;4;Chevrolet Impala Sedan 2007;Chevrolet;Sedan;05437.jpg
15;142;461;296;193;47;2;Volvo C30 Hatchback 2012;Volvo;Hatchback;05438.jpg
47;172;773;459;68;9;0;Chevrolet TrailBlazer SS 2009;Chevrolet;Convertible;05439.jpg
292;148;1306;1060;179;42;0;Spyker C8 Convertible 2009;Spyker;Convertible;05440.jpg
48;40;469;380;175;40;0;Rolls-Royce Phantom Drophead Coupe Convertible 2012;Rolls-Royce;Convertible;05441.jpg
30;83;489;298;45;6;0;Bugatti Veyron 16.4 Convertible 2009;Bugatti;Convertible;05442.jpg
94;16;419;190;33;4;5;BMW X6 SUV 2012;BMW;SUV;05443.jpg
38;42;704;439;119;18;7;GMC Savana Van 2012;GMC;Van;05444.jpg
127;376;1516;964;28;4;1;BMW 1 Series Coupe 2012;BMW;Coupe;05445.jpg
6;129;630;452;58;9;5;Chevrolet Traverse SUV 2012;Chevrolet;SUV;05446.jpg
13;34;248;183;69;9;6;Chevrolet Silverado 2500HD Regular Cab 2012;Chevrolet;Truck;05447.jpg
15;33;273;173;19;3;2;Audi TT Hatchback 2011;Audi;Hatchback;05448.jpg
101;243;924;571;70;9;6;Chevrolet Silverado 1500 Classic Extended Cab 2007;Chevrolet;Truck;05449.jpg
427;517;1426;835;96;12;4;Dodge Charger Sedan 2012;Dodge;Sedan;05450.jpg
13;32;253;150;70;9;6;Chevrolet Silverado 1500 Classic Extended Cab 2007;Chevrolet;Truck;05451.jpg
56;50;1229;660;165;34;4;Mercedes-Benz S-Class Sedan 2012;Mercedes-Benz;Sedan;05452.jpg
34;179;608;381;43;5;1;Bentley Continental GT Coupe 2007;Bentley;Coupe;05453.jpg
8;8;269;177;40;5;4;Bentley Arnage Sedan 2009;Bentley;Sedan;05454.jpg
54;91;268;211;148;26;5;Jeep Grand Cherokee SUV 2012;Jeep;SUV;05455.jpg
11;23;370;234;82;11;8;Daewoo Nubira Wagon 2002;Daewoo;Wagon;05456.jpg
22;15;244;181;111;17;6;Ford Ranger SuperCab 2011;Ford;Truck;05457.jpg
52;28;752;429;99;14;2;FIAT 500 Abarth 2012;FIAT;Hatchback;05458.jpg
2;7;581;293;185;44;4;Tesla Model S Sedan 2012;Tesla;Sedan;05459.jpg
90;108;579;378;128;21;1;Honda Accord Coupe 2012;Honda;Coupe;05460.jpg
141;184;424;350;102;15;0;Ferrari California Convertible 2012;Ferrari;Convertible;05461.jpg
134;180;576;315;160;33;1;McLaren MP4-12C Coupe 2012;McLaren;Coupe;05462.jpg
22;45;409;252;32;4;5;BMW X5 SUV 2007;BMW;SUV;05463.jpg
6;80;294;187;17;3;4;Audi 100 Sedan 1994;Audi;Sedan;05464.jpg
36;33;230;181;113;17;6;Ford F-150 Regular Cab 2012;Ford;Truck;05465.jpg
80;185;879;614;132;22;5;Hyundai Tucson SUV 2012;Hyundai;SUV;05466.jpg
68;398;634;603;168;36;2;Nissan Leaf Hatchback 2012;Nissan;Hatchback;05467.jpg
142;46;729;294;49;7;4;Buick Verano Sedan 2012;Buick;Sedan;05468.jpg
187;124;683;454;163;34;1;Mercedes-Benz SL-Class Coupe 2009;Mercedes-Benz;Coupe;05469.jpg
8;35;154;92;80;10;0;Chrysler Crossfire Convertible 2008;Chrysler;Convertible;05470.jpg
39;111;404;261;34;4;1;BMW M3 Coupe 2012;BMW;Coupe;05471.jpg
15;30;436;322;71;9;7;Chevrolet Express Van 2007;Chevrolet;Van;05472.jpg
86;102;451;290;25;3;1;Audi TT RS Coupe 2012;Audi;Coupe;05473.jpg
150;116;361;241;115;17;4;Ford Focus Sedan 2007;Ford;Sedan;05474.jpg
30;69;763;374;172;37;1;Plymouth Neon Coupe 1999;Plymouth;Coupe;05475.jpg
5;40;295;173;88;12;7;Dodge Sprinter Cargo Van 2009;Dodge;Van;05476.jpg
24;30;193;121;34;4;1;BMW M3 Coupe 2012;BMW;Coupe;05477.jpg
57;222;1248;900;34;4;1;BMW M3 Coupe 2012;BMW;Coupe;05478.jpg
38;83;461;327;70;9;6;Chevrolet Silverado 1500 Classic Extended Cab 2007;Chevrolet;Truck;05479.jpg
122;193;595;393;160;33;1;McLaren MP4-12C Coupe 2012;McLaren;Coupe;05480.jpg
13;131;431;291;163;34;1;Mercedes-Benz SL-Class Coupe 2009;Mercedes-Benz;Coupe;05481.jpg
36;178;988;669;21;3;0;Audi S5 Convertible 2012;Audi;Convertible;05482.jpg
132;127;1057;753;51;8;4;Cadillac CTS-V Sedan 2012;Cadillac;Sedan;05483.jpg
56;83;425;255;189;45;5;Toyota 4Runner SUV 2012;Toyota;SUV;05484.jpg
268;238;1009;604;180;42;1;Spyker C8 Coupe 2009;Spyker;Coupe;05485.jpg
74;406;976;686;105;16;4;Fisker Karma Sedan 2012;Fisker;Sedan;05486.jpg
28;101;277;195;117;17;4;Ford Fiesta Sedan 2012;Ford;Sedan;05487.jpg
60;63;587;417;78;10;3;Chrysler Town and Country Minivan 2012;Chrysler;Minivan;05488.jpg
23;177;510;390;82;11;8;Daewoo Nubira Wagon 2002;Daewoo;Wagon;05489.jpg
233;118;698;374;102;15;0;Ferrari California Convertible 2012;Ferrari;Convertible;05490.jpg
1;13;189;121;106;17;6;Ford F-450 Super Duty Crew Cab 2012;Ford;Truck;05491.jpg
33;21;185;103;190;46;2;Volkswagen Golf Hatchback 2012;Volkswagen;Hatchback;05492.jpg
49;1;521;400;82;11;8;Daewoo Nubira Wagon 2002;Daewoo;Wagon;05493.jpg
71;165;1179;641;175;40;0;Rolls-Royce Phantom Drophead Coupe Convertible 2012;Rolls-Royce;Convertible;05494.jpg
69;128;444;268;114;17;6;Ford F-150 Regular Cab 2007;Ford;Truck;05495.jpg
17;80;618;409;90;12;6;Dodge Dakota Crew Cab 2010;Dodge;Truck;05496.jpg
176;82;898;615;93;12;1;Dodge Challenger SRT8 2011;Dodge;Coupe;05497.jpg
39;77;588;396;192;46;2;Volkswagen Beetle Hatchback 2012;Volkswagen;Hatchback;05498.jpg
30;119;508;313;55;9;0;Chevrolet Corvette Convertible 2012;Chevrolet;Convertible;05499.jpg
11;47;625;451;85;12;3;Dodge Caravan Minivan 1997;Dodge;Minivan;05500.jpg
46;95;493;296;130;22;2;Hyundai Veloster Hatchback 2012;Hyundai;Hatchback;05501.jpg
25;33;628;414;180;42;1;Spyker C8 Coupe 2009;Spyker;Coupe;05502.jpg
1;46;799;511;166;34;7;Mercedes-Benz Sprinter Van 2012;Mercedes-Benz;Van;05503.jpg
47;74;595;352;168;36;2;Nissan Leaf Hatchback 2012;Nissan;Hatchback;05504.jpg
107;87;398;271;157;30;0;MINI Cooper Roadster Convertible 2012;MINI Cooper;Convertible;05505.jpg
91;119;591;456;132;22;5;Hyundai Tucson SUV 2012;Hyundai;SUV;05506.jpg
84;75;262;168;116;17;7;Ford E-Series Wagon Van 2012;Ford;Van;05507.jpg
54;1;849;530;99;14;2;FIAT 500 Abarth 2012;FIAT;Hatchback;05508.jpg
30;191;609;380;98;13;2;Eagle Talon Hatchback 1998;Eagle;Hatchback;05509.jpg
18;47;292;187;141;23;1;Infiniti G Coupe IPL 2012;Infiniti;Coupe;05510.jpg
55;26;595;307;184;43;4;Suzuki SX4 Sedan 2012;Suzuki;Sedan;05511.jpg
17;28;137;95;106;17;6;Ford F-450 Super Duty Crew Cab 2012;Ford;Truck;05512.jpg
329;279;803;617;101;15;1;Ferrari FF Coupe 2012;Ferrari;Coupe;05513.jpg
79;76;490;380;26;4;4;BMW ActiveHybrid 5 Sedan 2012;BMW;Sedan;05514.jpg
24;75;355;276;131;22;5;Hyundai Santa Fe SUV 2012;Hyundai;SUV;05515.jpg
249;135;1043;655;79;10;4;Chrysler 300 SRT-8 2010;Chrysler;Sedan;05516.jpg
47;16;416;198;21;3;0;Audi S5 Convertible 2012;Audi;Convertible;05517.jpg
350;521;1555;977;22;3;1;Audi S5 Coupe 2012;Audi;Coupe;05518.jpg
77;61;484;362;120;18;5;GMC Yukon Hybrid SUV 2012;GMC;SUV;05520.jpg
57;177;953;491;141;23;1;Infiniti G Coupe IPL 2012;Infiniti;Coupe;05521.jpg
29;21;564;423;172;37;1;Plymouth Neon Coupe 1999;Plymouth;Coupe;05522.jpg
148;87;608;315;135;22;4;Hyundai Elantra Sedan 2007;Hyundai;Sedan;05523.jpg
57;118;441;316;81;10;0;Chrysler PT Cruiser Convertible 2008;Chrysler;Convertible;05524.jpg
37;143;988;613;66;9;4;Chevrolet Cobalt SS 2010;Chevrolet;Sedan;05525.jpg
7;145;631;475;125;20;6;HUMMER H2 SUT Crew Cab 2009;HUMMER;Truck;05526.jpg
81;141;537;331;186;45;5;Toyota Sequoia SUV 2012;Toyota;SUV;05527.jpg
54;159;572;418;191;46;2;Volkswagen Golf Hatchback 1991;Volkswagen;Hatchback;05528.jpg
15;77;567;306;11;2;1;Aston Martin Virage Coupe 2012;Aston;Coupe;05529.jpg
45;63;269;163;152;27;1;Lamborghini Gallardo LP 570-4 Superleggera 2012;Lamborghini;Coupe;05530.jpg
35;24;381;244;84;12;8;Dodge Caliber Wagon 2007;Dodge;Wagon;05531.jpg
179;381;1483;916;122;18;6;GMC Canyon Extended Cab 2012;GMC;Truck;05532.jpg
217;374;1483;1101;176;40;4;Rolls-Royce Ghost Sedan 2012;Rolls-Royce;Sedan;05533.jpg
17;46;247;156;8;2;0;Aston Martin V8 Vantage Convertible 2012;Aston;Convertible;05534.jpg
60;89;463;272;33;4;5;BMW X6 SUV 2012;BMW;SUV;05535.jpg
11;18;190;126;84;12;8;Dodge Caliber Wagon 2007;Dodge;Wagon;05536.jpg
667;274;3686;2221;176;40;4;Rolls-Royce Ghost Sedan 2012;Rolls-Royce;Sedan;05537.jpg
21;129;611;331;182;43;4;Suzuki Kizashi Sedan 2012;Suzuki;Sedan;05538.jpg
28;59;566;367;44;5;4;Bentley Continental Flying Spur Sedan 2007;Bentley;Sedan;05539.jpg
80;154;748;472;47;7;4;Buick Regal GS 2012;Buick;Sedan;05540.jpg
8;29;266;172;28;4;1;BMW 1 Series Coupe 2012;BMW;Coupe;05541.jpg
34;86;597;280;44;5;4;Bentley Continental Flying Spur Sedan 2007;Bentley;Sedan;05542.jpg
9;18;250;173;65;9;6;Chevrolet Avalanche Crew Cab 2012;Chevrolet;Truck;05543.jpg
66;71;223;144;76;10;5;Chrysler Aspen SUV 2009;Chrysler;SUV;05544.jpg
55;95;563;320;3;1;4;Acura TL Sedan 2012;Acura;Sedan;05545.jpg
173;102;623;322;138;22;4;Hyundai Sonata Sedan 2012;Hyundai;Sedan;05546.jpg
19;51;283;189;35;4;4;BMW M5 Sedan 2010;BMW;Sedan;05547.jpg
22;128;586;407;41;5;4;Bentley Mulsanne Sedan 2011;Bentley;Sedan;05548.jpg
43;43;974;658;135;22;4;Hyundai Elantra Sedan 2007;Hyundai;Sedan;05549.jpg
91;78;919;692;94;12;5;Dodge Durango SUV 2012;Dodge;SUV;05550.jpg
35;16;383;193;146;26;5;Jeep Wrangler SUV 2012;Jeep;SUV;05551.jpg
36;78;449;257;103;15;0;Ferrari 458 Italia Convertible 2012;Ferrari;Convertible;05552.jpg
81;24;589;431;188;45;4;Toyota Corolla Sedan 2012;Toyota;Sedan;05553.jpg
41;187;600;411;84;12;8;Dodge Caliber Wagon 2007;Dodge;Wagon;05554.jpg
144;643;3656;2288;57;9;1;Chevrolet Corvette Ron Fellows Edition Z06 2007;Chevrolet;Coupe;05555.jpg
240;594;1355;989;46;6;1;Bugatti Veyron 16.4 Coupe 2009;Bugatti;Coupe;05556.jpg
39;27;608;476;55;9;0;Chevrolet Corvette Convertible 2012;Chevrolet;Convertible;05557.jpg
66;325;1012;609;171;36;1;Nissan 240SX Coupe 1998;Nissan;Coupe;05558.jpg
19;5;587;359;79;10;4;Chrysler 300 SRT-8 2010;Chrysler;Sedan;05559.jpg
108;286;461;480;157;30;0;MINI Cooper Roadster Convertible 2012;MINI Cooper;Convertible;05560.jpg
1009;313;1934;1023;170;36;2;Nissan Juke Hatchback 2012;Nissan;Hatchback;05561.jpg
12;47;575;447;89;12;5;Dodge Journey SUV 2012;Dodge;SUV;05562.jpg
1;10;442;296;179;42;0;Spyker C8 Convertible 2009;Spyker;Convertible;05563.jpg
19;45;738;303;53;8;6;Cadillac Escalade EXT Crew Cab 2007;Cadillac;Truck;05564.jpg
16;83;634;361;161;34;0;Mercedes-Benz 300-Class Convertible 1993;Mercedes-Benz;Convertible;05565.jpg
33;55;620;374;89;12;5;Dodge Journey SUV 2012;Dodge;SUV;05566.jpg
105;64;219;120;8;2;0;Aston Martin V8 Vantage Convertible 2012;Aston;Convertible;05567.jpg
207;256;971;832;30;4;8;BMW 3 Series Wagon 2012;BMW;Wagon;05568.jpg
62;1;421;294;60;9;8;Chevrolet HHR SS 2010;Chevrolet;Wagon;05569.jpg
1;62;1619;830;31;4;0;BMW 6 Series Convertible 2007;BMW;Convertible;05570.jpg
93;122;932;673;75;9;6;Chevrolet Silverado 1500 Regular Cab 2012;Chevrolet;Truck;05571.jpg
116;121;501;339;19;3;2;Audi TT Hatchback 2011;Audi;Hatchback;05572.jpg
71;73;381;268;118;18;5;GMC Terrain SUV 2012;GMC;SUV;05573.jpg
33;24;438;335;114;17;6;Ford F-150 Regular Cab 2007;Ford;Truck;05574.jpg
26;51;243;170;90;12;6;Dodge Dakota Crew Cab 2010;Dodge;Truck;05575.jpg
3;52;294;162;18;3;8;Audi 100 Wagon 1994;Audi;Wagon;05576.jpg
82;145;913;750;148;26;5;Jeep Grand Cherokee SUV 2012;Jeep;SUV;05577.jpg
48;47;545;408;66;9;4;Chevrolet Cobalt SS 2010;Chevrolet;Sedan;05578.jpg
36;116;571;312;10;2;0;Aston Martin Virage Convertible 2012;Aston;Convertible;05579.jpg
30;20;802;405;97;12;4;Dodge Charger SRT-8 2009;Dodge;Sedan;05580.jpg
12;67;456;357;161;34;0;Mercedes-Benz 300-Class Convertible 1993;Mercedes-Benz;Convertible;05581.jpg
62;256;1004;606;167;35;4;Mitsubishi Lancer Sedan 2012;Mitsubishi;Sedan;05582.jpg
40;47;526;394;183;43;2;Suzuki SX4 Hatchback 2012;Suzuki;Hatchback;05583.jpg
18;28;1442;812;34;4;1;BMW M3 Coupe 2012;BMW;Coupe;05584.jpg
7;94;295;186;156;29;4;Lincoln Town Car Sedan 2011;Lincoln;Sedan;05585.jpg
24;108;251;190;27;4;0;BMW 1 Series Convertible 2012;BMW;Convertible;05586.jpg
78;297;948;621;13;3;1;Audi A5 Coupe 2012;Audi;Coupe;05587.jpg
354;722;1185;1095;167;35;4;Mitsubishi Lancer Sedan 2012;Mitsubishi;Sedan;05588.jpg
21;86;379;293;155;28;5;Land Rover LR2 SUV 2012;Land Rover;SUV;05589.jpg
43;62;450;320;118;18;5;GMC Terrain SUV 2012;GMC;SUV;05590.jpg
48;165;1005;514;103;15;0;Ferrari 458 Italia Convertible 2012;Ferrari;Convertible;05591.jpg
16;33;290;155;30;4;8;BMW 3 Series Wagon 2012;BMW;Wagon;05592.jpg
36;71;607;385;82;11;8;Daewoo Nubira Wagon 2002;Daewoo;Wagon;05593.jpg
19;10;428;321;17;3;4;Audi 100 Sedan 1994;Audi;Sedan;05594.jpg
13;23;293;187;68;9;0;Chevrolet TrailBlazer SS 2009;Chevrolet;Convertible;05595.jpg
53;51;585;422;169;36;7;Nissan NV Passenger Van 2012;Nissan;Van;05596.jpg
253;204;377;286;151;27;1;Lamborghini Aventador Coupe 2012;Lamborghini;Coupe;05597.jpg
47;125;687;471;84;12;8;Dodge Caliber Wagon 2007;Dodge;Wagon;05598.jpg
41;85;618;408;154;28;5;Land Rover Range Rover SUV 2012;Land Rover;SUV;05599.jpg
6;80;499;307;60;9;8;Chevrolet HHR SS 2010;Chevrolet;Wagon;05600.jpg
26;44;588;259;123;19;0;Geo Metro Convertible 1993;Geo;Convertible;05601.jpg
28;46;383;315;109;17;5;Ford Expedition EL SUV 2009;Ford;SUV;05602.jpg
17;85;583;364;42;5;1;Bentley Continental GT Coupe 2012;Bentley;Coupe;05603.jpg
43;194;728;426;30;4;8;BMW 3 Series Wagon 2012;BMW;Wagon;05604.jpg
152;356;2504;1323;50;7;5;Buick Enclave SUV 2012;Buick;SUV;05605.jpg
79;62;553;323;146;26;5;Jeep Wrangler SUV 2012;Jeep;SUV;05606.jpg
5;79;624;416;191;46;2;Volkswagen Golf Hatchback 1991;Volkswagen;Hatchback;05607.jpg
13;167;465;293;101;15;1;Ferrari FF Coupe 2012;Ferrari;Coupe;05608.jpg
17;36;252;174;113;17;6;Ford F-150 Regular Cab 2012;Ford;Truck;05609.jpg
46;14;492;346;93;12;1;Dodge Challenger SRT8 2011;Dodge;Coupe;05610.jpg
20;98;620;386;96;12;4;Dodge Charger Sedan 2012;Dodge;Sedan;05611.jpg
57;61;249;184;109;17;5;Ford Expedition EL SUV 2009;Ford;SUV;05612.jpg
68;76;295;209;175;40;0;Rolls-Royce Phantom Drophead Coupe Convertible 2012;Rolls-Royce;Convertible;05613.jpg
118;15;601;450;64;9;7;Chevrolet Express Cargo Van 2007;Chevrolet;Van;05614.jpg
78;221;1131;747;140;22;4;Hyundai Azera Sedan 2012;Hyundai;Sedan;05615.jpg
42;50;219;159;27;4;0;BMW 1 Series Convertible 2012;BMW;Convertible;05616.jpg
25;54;286;163;110;17;5;Ford Edge SUV 2012;Ford;SUV;05617.jpg
140;173;1358;762;161;34;0;Mercedes-Benz 300-Class Convertible 1993;Mercedes-Benz;Convertible;05618.jpg
8;7;275;211;116;17;7;Ford E-Series Wagon Van 2012;Ford;Van;05619.jpg
241;66;701;254;182;43;4;Suzuki Kizashi Sedan 2012;Suzuki;Sedan;05620.jpg
5;59;462;231;150;27;1;Lamborghini Reventon Coupe 2008;Lamborghini;Coupe;05621.jpg
41;120;778;398;179;42;0;Spyker C8 Convertible 2009;Spyker;Convertible;05622.jpg
146;94;259;156;175;40;0;Rolls-Royce Phantom Drophead Coupe Convertible 2012;Rolls-Royce;Convertible;05623.jpg
57;101;416;383;11;2;1;Aston Martin Virage Coupe 2012;Aston;Coupe;05624.jpg
41;44;624;439;194;47;4;Volvo 240 Sedan 1993;Volvo;Sedan;05625.jpg
87;248;867;586;167;35;4;Mitsubishi Lancer Sedan 2012;Mitsubishi;Sedan;05626.jpg
101;30;1192;781;147;26;5;Jeep Liberty SUV 2012;Jeep;SUV;05627.jpg
1;268;1528;829;79;10;4;Chrysler 300 SRT-8 2010;Chrysler;Sedan;05628.jpg
39;86;571;392;179;42;0;Spyker C8 Convertible 2009;Spyker;Convertible;05629.jpg
78;37;1022;748;63;9;4;Chevrolet Sonic Sedan 2012;Chevrolet;Sedan;05630.jpg
113;276;1150;788;170;36;2;Nissan Juke Hatchback 2012;Nissan;Hatchback;05631.jpg
28;63;560;321;153;27;1;Lamborghini Diablo Coupe 2001;Lamborghini;Coupe;05632.jpg
20;125;431;264;30;4;8;BMW 3 Series Wagon 2012;BMW;Wagon;05633.jpg
9;48;252;184;27;4;0;BMW 1 Series Convertible 2012;BMW;Convertible;05634.jpg
5;119;638;396;171;36;1;Nissan 240SX Coupe 1998;Nissan;Coupe;05635.jpg
24;21;297;178;138;22;4;Hyundai Sonata Sedan 2012;Hyundai;Sedan;05636.jpg
84;23;905;644;147;26;5;Jeep Liberty SUV 2012;Jeep;SUV;05637.jpg
81;49;263;157;104;15;1;Ferrari 458 Italia Coupe 2012;Ferrari;Coupe;05638.jpg
6;7;253;179;65;9;6;Chevrolet Avalanche Crew Cab 2012;Chevrolet;Truck;05639.jpg
19;27;461;241;39;5;0;Bentley Continental Supersports Conv. Convertible 2012;Bentley;Convertible;05640.jpg
36;76;721;431;152;27;1;Lamborghini Gallardo LP 570-4 Superleggera 2012;Lamborghini;Coupe;05641.jpg
9;30;183;126;190;46;2;Volkswagen Golf Hatchback 2012;Volkswagen;Hatchback;05642.jpg
9;33;253;174;188;45;4;Toyota Corolla Sedan 2012;Toyota;Sedan;05643.jpg
23;89;619;366;23;3;4;Audi S4 Sedan 2012;Audi;Sedan;05644.jpg
22;64;2159;1050;18;3;8;Audi 100 Wagon 1994;Audi;Wagon;05645.jpg
26;30;295;147;60;9;8;Chevrolet HHR SS 2010;Chevrolet;Wagon;05646.jpg
40;6;264;180;25;3;1;Audi TT RS Coupe 2012;Audi;Coupe;05647.jpg
5;8;241;141;40;5;4;Bentley Arnage Sedan 2009;Bentley;Sedan;05648.jpg
71;92;599;389;114;17;6;Ford F-150 Regular Cab 2007;Ford;Truck;05649.jpg
48;95;382;217;29;4;4;BMW 3 Series Sedan 2012;BMW;Sedan;05650.jpg
40;204;795;586;105;16;4;Fisker Karma Sedan 2012;Fisker;Sedan;05651.jpg
60;283;926;619;157;30;0;MINI Cooper Roadster Convertible 2012;MINI Cooper;Convertible;05652.jpg
7;149;1022;738;90;12;6;Dodge Dakota Crew Cab 2010;Dodge;Truck;05653.jpg
83;359;1209;861;28;4;1;BMW 1 Series Coupe 2012;BMW;Coupe;05654.jpg
1;45;250;145;116;17;7;Ford E-Series Wagon Van 2012;Ford;Van;05656.jpg
5;8;91;59;1;0;5;AM General Hummer SUV 2000;AM;SUV;05657.jpg
22;82;470;314;81;10;0;Chrysler PT Cruiser Convertible 2008;Chrysler;Convertible;05658.jpg
66;196;696;549;101;15;1;Ferrari FF Coupe 2012;Ferrari;Coupe;05659.jpg
69;61;451;302;56;9;1;Chevrolet Corvette ZR1 2012;Chevrolet;Coupe;05660.jpg
53;134;635;392;154;28;5;Land Rover Range Rover SUV 2012;Land Rover;SUV;05661.jpg
99;72;919;604;96;12;4;Dodge Charger Sedan 2012;Dodge;Sedan;05662.jpg
65;59;770;419;116;17;7;Ford E-Series Wagon Van 2012;Ford;Van;05663.jpg
135;107;890;717;119;18;7;GMC Savana Van 2012;GMC;Van;05664.jpg
16;31;272;181;82;11;8;Daewoo Nubira Wagon 2002;Daewoo;Wagon;05665.jpg
43;196;578;375;185;44;4;Tesla Model S Sedan 2012;Tesla;Sedan;05666.jpg
166;181;842;602;81;10;0;Chrysler PT Cruiser Convertible 2008;Chrysler;Convertible;05667.jpg
28;59;285;210;104;15;1;Ferrari 458 Italia Coupe 2012;Ferrari;Coupe;05668.jpg
22;28;599;310;105;16;4;Fisker Karma Sedan 2012;Fisker;Sedan;05669.jpg
23;78;659;378;43;5;1;Bentley Continental GT Coupe 2007;Bentley;Coupe;05670.jpg
229;96;417;211;6;1;4;Acura Integra Type R 2001;Acura;Sedan;05671.jpg
44;1;582;375;58;9;5;Chevrolet Traverse SUV 2012;Chevrolet;SUV;05672.jpg
12;110;584;369;173;38;4;Porsche Panamera Sedan 2012;Porsche;Sedan;05673.jpg
16;60;295;166;22;3;1;Audi S5 Coupe 2012;Audi;Coupe;05674.jpg
4;125;420;267;151;27;1;Lamborghini Aventador Coupe 2012;Lamborghini;Coupe;05675.jpg
99;38;510;331;141;23;1;Infiniti G Coupe IPL 2012;Infiniti;Coupe;05676.jpg
62;9;682;427;166;34;7;Mercedes-Benz Sprinter Van 2012;Mercedes-Benz;Van;05677.jpg
1;1;639;528;169;36;7;Nissan NV Passenger Van 2012;Nissan;Van;05678.jpg
82;91;480;291;190;46;2;Volkswagen Golf Hatchback 2012;Volkswagen;Hatchback;05679.jpg
49;131;579;300;173;38;4;Porsche Panamera Sedan 2012;Porsche;Sedan;05680.jpg
55;84;393;278;77;10;0;Chrysler Sebring Convertible 2010;Chrysler;Convertible;05681.jpg
39;116;572;421;87;12;6;Dodge Ram Pickup 3500 Quad Cab 2009;Dodge;Truck;05682.jpg
417;414;1012;791;45;6;0;Bugatti Veyron 16.4 Convertible 2009;Bugatti;Convertible;05683.jpg
36;113;535;437;87;12;6;Dodge Ram Pickup 3500 Quad Cab 2009;Dodge;Truck;05684.jpg
101;80;547;329;33;4;5;BMW X6 SUV 2012;BMW;SUV;05685.jpg
69;136;510;347;85;12;3;Dodge Caravan Minivan 1997;Dodge;Minivan;05686.jpg
26;26;476;310;154;28;5;Land Rover Range Rover SUV 2012;Land Rover;SUV;05687.jpg
21;190;750;555;24;3;4;Audi S4 Sedan 2007;Audi;Sedan;05688.jpg
27;8;509;255;132;22;5;Hyundai Tucson SUV 2012;Hyundai;SUV;05689.jpg
7;38;274;145;148;26;5;Jeep Grand Cherokee SUV 2012;Jeep;SUV;05690.jpg
144;294;1453;782;66;9;4;Chevrolet Cobalt SS 2010;Chevrolet;Sedan;05691.jpg
16;101;679;540;48;7;5;Buick Rainier SUV 2007;Buick;SUV;05692.jpg
11;34;171;91;116;17;7;Ford E-Series Wagon Van 2012;Ford;Van;05693.jpg
12;86;394;276;9;2;1;Aston Martin V8 Vantage Coupe 2012;Aston;Coupe;05694.jpg
37;153;478;282;40;5;4;Bentley Arnage Sedan 2009;Bentley;Sedan;05695.jpg
12;9;646;387;169;36;7;Nissan NV Passenger Van 2012;Nissan;Van;05696.jpg
44;87;597;396;117;17;4;Ford Fiesta Sedan 2012;Ford;Sedan;05697.jpg
15;12;276;215;52;8;5;Cadillac SRX SUV 2012;Cadillac;SUV;05698.jpg
39;193;994;621;43;5;1;Bentley Continental GT Coupe 2007;Bentley;Coupe;05699.jpg
126;72;900;606;183;43;2;Suzuki SX4 Hatchback 2012;Suzuki;Hatchback;05700.jpg
1;46;261;156;51;8;4;Cadillac CTS-V Sedan 2012;Cadillac;Sedan;05701.jpg
102;187;546;353;53;8;6;Cadillac Escalade EXT Crew Cab 2007;Cadillac;Truck;05702.jpg
61;118;973;731;169;36;7;Nissan NV Passenger Van 2012;Nissan;Van;05703.jpg
50;33;229;144;122;18;6;GMC Canyon Extended Cab 2012;GMC;Truck;05704.jpg
14;61;328;250;20;3;4;Audi S6 Sedan 2011;Audi;Sedan;05705.jpg
52;100;450;296;35;4;4;BMW M5 Sedan 2010;BMW;Sedan;05706.jpg
13;36;264;198;44;5;4;Bentley Continental Flying Spur Sedan 2007;Bentley;Sedan;05707.jpg
70;46;468;291;189;45;5;Toyota 4Runner SUV 2012;Toyota;SUV;05708.jpg
126;30;507;301;99;14;2;FIAT 500 Abarth 2012;FIAT;Hatchback;05709.jpg
286;178;1001;554;26;4;4;BMW ActiveHybrid 5 Sedan 2012;BMW;Sedan;05710.jpg
21;28;244;162;171;36;1;Nissan 240SX Coupe 1998;Nissan;Coupe;05711.jpg
123;247;549;463;129;21;4;Honda Accord Sedan 2012;Honda;Sedan;05712.jpg
28;156;620;372;18;3;8;Audi 100 Wagon 1994;Audi;Wagon;05713.jpg
68;2;741;300;122;18;6;GMC Canyon Extended Cab 2012;GMC;Truck;05714.jpg
33;156;564;345;77;10;0;Chrysler Sebring Convertible 2010;Chrysler;Convertible;05715.jpg
110;64;1036;677;89;12;5;Dodge Journey SUV 2012;Dodge;SUV;05716.jpg
29;37;300;188;17;3;4;Audi 100 Sedan 1994;Audi;Sedan;05717.jpg
41;31;565;235;10;2;0;Aston Martin Virage Convertible 2012;Aston;Convertible;05718.jpg
45;54;547;299;36;4;0;BMW M6 Convertible 2010;BMW;Convertible;05719.jpg
167;154;642;522;26;4;4;BMW ActiveHybrid 5 Sedan 2012;BMW;Sedan;05720.jpg
48;48;476;319;85;12;3;Dodge Caravan Minivan 1997;Dodge;Minivan;05721.jpg
218;146;1091;770;41;5;4;Bentley Mulsanne Sedan 2011;Bentley;Sedan;05722.jpg
37;74;994;615;90;12;6;Dodge Dakota Crew Cab 2010;Dodge;Truck;05723.jpg
1;66;700;480;73;9;4;Chevrolet Malibu Sedan 2007;Chevrolet;Sedan;05724.jpg
83;180;600;428;143;24;5;Isuzu Ascender SUV 2008;Isuzu;SUV;05725.jpg
67;167;692;380;59;9;0;Chevrolet Camaro Convertible 2012;Chevrolet;Convertible;05726.jpg
179;95;602;412;140;22;4;Hyundai Azera Sedan 2012;Hyundai;Sedan;05727.jpg
4;38;236;178;76;10;5;Chrysler Aspen SUV 2009;Chrysler;SUV;05728.jpg
17;49;280;144;25;3;1;Audi TT RS Coupe 2012;Audi;Coupe;05729.jpg
11;34;256;185;54;9;6;Chevrolet Silverado 1500 Hybrid Crew Cab 2012;Chevrolet;Truck;05730.jpg
106;102;602;396;94;12;5;Dodge Durango SUV 2012;Dodge;SUV;05731.jpg
19;65;458;268;113;17;6;Ford F-150 Regular Cab 2012;Ford;Truck;05732.jpg
7;22;255;175;136;22;4;Hyundai Accent Sedan 2012;Hyundai;Sedan;05733.jpg
23;35;178;137;171;36;1;Nissan 240SX Coupe 1998;Nissan;Coupe;05734.jpg
229;124;805;411;151;27;1;Lamborghini Aventador Coupe 2012;Lamborghini;Coupe;05735.jpg
34;17;453;359;146;26;5;Jeep Wrangler SUV 2012;Jeep;SUV;05736.jpg
20;212;621;377;46;6;1;Bugatti Veyron 16.4 Coupe 2009;Bugatti;Coupe;05737.jpg
53;105;596;390;53;8;6;Cadillac Escalade EXT Crew Cab 2007;Cadillac;Truck;05738.jpg
40;136;842;538;64;9;7;Chevrolet Express Cargo Van 2007;Chevrolet;Van;05739.jpg
81;196;850;588;55;9;0;Chevrolet Corvette Convertible 2012;Chevrolet;Convertible;05740.jpg
271;307;1735;1108;52;8;5;Cadillac SRX SUV 2012;Cadillac;SUV;05741.jpg
651;546;1400;962;178;41;2;Scion xD Hatchback 2012;Scion;Hatchback;05742.jpg
41;96;509;286;62;9;5;Chevrolet Tahoe Hybrid SUV 2012;Chevrolet;SUV;05743.jpg
36;132;985;656;145;26;5;Jeep Patriot SUV 2012;Jeep;SUV;05744.jpg
98;88;1089;664;79;10;4;Chrysler 300 SRT-8 2010;Chrysler;Sedan;05745.jpg
43;285;953;625;135;22;4;Hyundai Elantra Sedan 2007;Hyundai;Sedan;05746.jpg
3;51;263;159;156;29;4;Lincoln Town Car Sedan 2011;Lincoln;Sedan;05747.jpg
26;49;477;288;3;1;4;Acura TL Sedan 2012;Acura;Sedan;05748.jpg
78;49;444;235;189;45;5;Toyota 4Runner SUV 2012;Toyota;SUV;05749.jpg
22;22;1011;744;181;43;4;Suzuki Aerio Sedan 2007;Suzuki;Sedan;05750.jpg
12;23;246;172;119;18;7;GMC Savana Van 2012;GMC;Van;05751.jpg
44;139;529;394;85;12;3;Dodge Caravan Minivan 1997;Dodge;Minivan;05752.jpg
30;35;231;167;113;17;6;Ford F-150 Regular Cab 2012;Ford;Truck;05753.jpg
4;9;96;88;1;0;5;AM General Hummer SUV 2000;AM;SUV;05754.jpg
71;89;688;423;140;22;4;Hyundai Azera Sedan 2012;Hyundai;Sedan;05755.jpg
13;114;618;426;156;29;4;Lincoln Town Car Sedan 2011;Lincoln;Sedan;05756.jpg
14;56;442;292;124;20;6;HUMMER H3T Crew Cab 2010;HUMMER;Truck;05757.jpg
61;26;578;480;50;7;5;Buick Enclave SUV 2012;Buick;SUV;05758.jpg
132;85;1127;624;63;9;4;Chevrolet Sonic Sedan 2012;Chevrolet;Sedan;05759.jpg
158;411;1127;760;45;6;0;Bugatti Veyron 16.4 Convertible 2009;Bugatti;Convertible;05760.jpg
15;129;440;355;173;38;4;Porsche Panamera Sedan 2012;Porsche;Sedan;05761.jpg
13;116;621;476;81;10;0;Chrysler PT Cruiser Convertible 2008;Chrysler;Convertible;05762.jpg
230;468;1122;784;41;5;4;Bentley Mulsanne Sedan 2011;Bentley;Sedan;05763.jpg
62;83;326;320;78;10;3;Chrysler Town and Country Minivan 2012;Chrysler;Minivan;05764.jpg
56;133;538;322;97;12;4;Dodge Charger SRT-8 2009;Dodge;Sedan;05765.jpg
56;31;587;452;190;46;2;Volkswagen Golf Hatchback 2012;Volkswagen;Hatchback;05766.jpg
11;144;625;407;77;10;0;Chrysler Sebring Convertible 2010;Chrysler;Convertible;05767.jpg
19;46;237;149;97;12;4;Dodge Charger SRT-8 2009;Dodge;Sedan;05768.jpg
128;100;414;274;42;5;1;Bentley Continental GT Coupe 2012;Bentley;Coupe;05769.jpg
113;56;634;488;178;41;2;Scion xD Hatchback 2012;Scion;Hatchback;05770.jpg
1;1;500;375;118;18;5;GMC Terrain SUV 2012;GMC;SUV;05771.jpg
89;358;738;766;37;4;5;BMW X3 SUV 2012;BMW;SUV;05772.jpg
32;48;629;363;130;22;2;Hyundai Veloster Hatchback 2012;Hyundai;Hatchback;05773.jpg
201;100;674;471;176;40;4;Rolls-Royce Ghost Sedan 2012;Rolls-Royce;Sedan;05774.jpg
44;94;377;247;123;19;0;Geo Metro Convertible 1993;Geo;Convertible;05775.jpg
11;87;944;736;145;26;5;Jeep Patriot SUV 2012;Jeep;SUV;05776.jpg
21;28;245;174;188;45;4;Toyota Corolla Sedan 2012;Toyota;Sedan;05777.jpg
15;18;365;226;159;32;5;Mazda Tribute SUV 2011;Mazda;SUV;05778.jpg
17;74;579;435;44;5;4;Bentley Continental Flying Spur Sedan 2007;Bentley;Sedan;05779.jpg
81;183;1799;1227;149;26;5;Jeep Compass SUV 2012;Jeep;SUV;05780.jpg
1;42;298;194;73;9;4;Chevrolet Malibu Sedan 2007;Chevrolet;Sedan;05781.jpg
31;51;568;357;100;14;0;FIAT 500 Convertible 2012;FIAT;Convertible;05782.jpg
52;76;603;420;110;17;5;Ford Edge SUV 2012;Ford;SUV;05783.jpg
133;97;630;377;89;12;5;Dodge Journey SUV 2012;Dodge;SUV;05784.jpg
80;187;903;679;169;36;7;Nissan NV Passenger Van 2012;Nissan;Van;05785.jpg
89;161;529;336;60;9;8;Chevrolet HHR SS 2010;Chevrolet;Wagon;05786.jpg
8;9;209;93;18;3;8;Audi 100 Wagon 1994;Audi;Wagon;05787.jpg
66;111;754;459;72;9;1;Chevrolet Monte Carlo Coupe 2007;Chevrolet;Coupe;05788.jpg
169;77;576;369;175;40;0;Rolls-Royce Phantom Drophead Coupe Convertible 2012;Rolls-Royce;Convertible;05789.jpg
38;55;621;411;159;32;5;Mazda Tribute SUV 2011;Mazda;SUV;05790.jpg
70;262;815;740;89;12;5;Dodge Journey SUV 2012;Dodge;SUV;05791.jpg
36;52;461;292;93;12;1;Dodge Challenger SRT8 2011;Dodge;Coupe;05792.jpg
26;49;283;179;156;29;4;Lincoln Town Car Sedan 2011;Lincoln;Sedan;05793.jpg
95;94;308;207;28;4;1;BMW 1 Series Coupe 2012;BMW;Coupe;05794.jpg
18;24;466;230;185;44;4;Tesla Model S Sedan 2012;Tesla;Sedan;05795.jpg
49;4;825;313;155;28;5;Land Rover LR2 SUV 2012;Land Rover;SUV;05796.jpg
165;153;836;463;160;33;1;McLaren MP4-12C Coupe 2012;McLaren;Coupe;05797.jpg
45;120;953;642;139;22;2;Hyundai Elantra Touring Hatchback 2012;Hyundai;Hatchback;05798.jpg
25;87;617;393;94;12;5;Dodge Durango SUV 2012;Dodge;SUV;05799.jpg
97;99;665;426;45;6;0;Bugatti Veyron 16.4 Convertible 2009;Bugatti;Convertible;05800.jpg
66;146;571;453;118;18;5;GMC Terrain SUV 2012;GMC;SUV;05801.jpg
8;35;255;159;16;3;4;Audi V8 Sedan 1994;Audi;Sedan;05802.jpg
11;17;198;116;41;5;4;Bentley Mulsanne Sedan 2011;Bentley;Sedan;05803.jpg
4;15;94;63;1;0;5;AM General Hummer SUV 2000;AM;SUV;05804.jpg
24;55;285;188;102;15;0;Ferrari California Convertible 2012;Ferrari;Convertible;05805.jpg
130;41;476;385;119;18;7;GMC Savana Van 2012;GMC;Van;05806.jpg
63;163;558;367;161;34;0;Mercedes-Benz 300-Class Convertible 1993;Mercedes-Benz;Convertible;05807.jpg
62;105;980;656;74;9;6;Chevrolet Silverado 1500 Extended Cab 2012;Chevrolet;Truck;05808.jpg
61;7;424;339;65;9;6;Chevrolet Avalanche Crew Cab 2012;Chevrolet;Truck;05809.jpg
15;36;615;385;70;9;6;Chevrolet Silverado 1500 Classic Extended Cab 2007;Chevrolet;Truck;05810.jpg
34;86;368;196;59;9;0;Chevrolet Camaro Convertible 2012;Chevrolet;Convertible;05811.jpg
133;1;871;648;133;22;5;Hyundai Veracruz SUV 2012;Hyundai;SUV;05812.jpg
127;117;497;335;91;12;6;Dodge Dakota Club Cab 2007;Dodge;Truck;05813.jpg
86;46;544;405;49;7;4;Buick Verano Sedan 2012;Buick;Sedan;05814.jpg
78;91;524;318;96;12;4;Dodge Charger Sedan 2012;Dodge;Sedan;05815.jpg
30;162;561;350;45;6;0;Bugatti Veyron 16.4 Convertible 2009;Bugatti;Convertible;05816.jpg
68;79;399;358;169;36;7;Nissan NV Passenger Van 2012;Nissan;Van;05817.jpg
37;44;598;392;65;9;6;Chevrolet Avalanche Crew Cab 2012;Chevrolet;Truck;05818.jpg
110;172;819;536;134;22;4;Hyundai Sonata Hybrid Sedan 2012;Hyundai;Sedan;05819.jpg
91;93;449;300;51;8;4;Cadillac CTS-V Sedan 2012;Cadillac;Sedan;05820.jpg
18;36;263;146;8;2;0;Aston Martin V8 Vantage Convertible 2012;Aston;Convertible;05821.jpg
48;129;577;385;92;12;8;Dodge Magnum Wagon 2008;Dodge;Wagon;05822.jpg
13;16;491;267;159;32;5;Mazda Tribute SUV 2011;Mazda;SUV;05823.jpg
17;30;516;256;23;3;4;Audi S4 Sedan 2012;Audi;Sedan;05824.jpg
15;33;685;468;89;12;5;Dodge Journey SUV 2012;Dodge;SUV;05825.jpg
23;86;469;286;91;12;6;Dodge Dakota Club Cab 2007;Dodge;Truck;05826.jpg
182;153;593;357;140;22;4;Hyundai Azera Sedan 2012;Hyundai;Sedan;05827.jpg
10;48;253;176;129;21;4;Honda Accord Sedan 2012;Honda;Sedan;05828.jpg
21;38;625;368;142;23;5;Infiniti QX56 SUV 2011;Infiniti;SUV;05829.jpg
27;349;760;564;36;4;0;BMW M6 Convertible 2010;BMW;Convertible;05830.jpg
36;216;778;580;87;12;6;Dodge Ram Pickup 3500 Quad Cab 2009;Dodge;Truck;05831.jpg
54;307;2237;1527;68;9;0;Chevrolet TrailBlazer SS 2009;Chevrolet;Convertible;05832.jpg
25;189;617;386;61;9;4;Chevrolet Impala Sedan 2007;Chevrolet;Sedan;05833.jpg
104;68;710;499;35;4;4;BMW M5 Sedan 2010;BMW;Sedan;05834.jpg
25;172;677;457;53;8;6;Cadillac Escalade EXT Crew Cab 2007;Cadillac;Truck;05835.jpg
283;189;607;436;167;35;4;Mitsubishi Lancer Sedan 2012;Mitsubishi;Sedan;05836.jpg
131;60;447;233;59;9;0;Chevrolet Camaro Convertible 2012;Chevrolet;Convertible;05837.jpg
42;123;583;343;187;45;4;Toyota Camry Sedan 2012;Toyota;Sedan;05838.jpg
77;184;452;399;26;4;4;BMW ActiveHybrid 5 Sedan 2012;BMW;Sedan;05839.jpg
58;148;666;450;50;7;5;Buick Enclave SUV 2012;Buick;SUV;05840.jpg
61;49;837;351;195;47;5;Volvo XC90 SUV 2007;Volvo;SUV;05841.jpg
52;124;460;261;74;9;6;Chevrolet Silverado 1500 Extended Cab 2012;Chevrolet;Truck;05842.jpg
7;101;584;397;124;20;6;HUMMER H3T Crew Cab 2010;HUMMER;Truck;05843.jpg
13;158;985;673;63;9;4;Chevrolet Sonic Sedan 2012;Chevrolet;Sedan;05844.jpg
224;241;478;422;166;34;7;Mercedes-Benz Sprinter Van 2012;Mercedes-Benz;Van;05845.jpg
328;242;847;397;112;17;1;Ford GT Coupe 2006;Ford;Coupe;05846.jpg
18;122;955;648;94;12;5;Dodge Durango SUV 2012;Dodge;SUV;05847.jpg
26;42;234;158;190;46;2;Volkswagen Golf Hatchback 2012;Volkswagen;Hatchback;05848.jpg
208;323;1279;887;170;36;2;Nissan Juke Hatchback 2012;Nissan;Hatchback;05849.jpg
14;11;576;480;147;26;5;Jeep Liberty SUV 2012;Jeep;SUV;05850.jpg
10;4;395;258;95;12;5;Dodge Durango SUV 2007;Dodge;SUV;05851.jpg
31;105;250;205;38;4;0;BMW Z4 Convertible 2012;BMW;Convertible;05852.jpg
3;82;260;176;129;21;4;Honda Accord Sedan 2012;Honda;Sedan;05853.jpg
349;423;848;694;183;43;2;Suzuki SX4 Hatchback 2012;Suzuki;Hatchback;05854.jpg
183;136;814;484;176;40;4;Rolls-Royce Ghost Sedan 2012;Rolls-Royce;Sedan;05855.jpg
15;46;600;462;182;43;4;Suzuki Kizashi Sedan 2012;Suzuki;Sedan;05856.jpg
32;39;232;143;14;3;1;Audi TTS Coupe 2012;Audi;Coupe;05857.jpg
22;80;364;268;130;22;2;Hyundai Veloster Hatchback 2012;Hyundai;Hatchback;05858.jpg
58;21;601;455;110;17;5;Ford Edge SUV 2012;Ford;SUV;05859.jpg
17;54;378;276;76;10;5;Chrysler Aspen SUV 2009;Chrysler;SUV;05860.jpg
252;169;1049;729;38;4;0;BMW Z4 Convertible 2012;BMW;Convertible;05861.jpg
12;33;385;297;116;17;7;Ford E-Series Wagon Van 2012;Ford;Van;05862.jpg
74;64;558;330;126;21;3;Honda Odyssey Minivan 2012;Honda;Minivan;05863.jpg
39;63;579;407;126;21;3;Honda Odyssey Minivan 2012;Honda;Minivan;05864.jpg
24;15;229;146;40;5;4;Bentley Arnage Sedan 2009;Bentley;Sedan;05865.jpg
12;62;614;447;80;10;0;Chrysler Crossfire Convertible 2008;Chrysler;Convertible;05866.jpg
206;48;1385;888;34;4;1;BMW M3 Coupe 2012;BMW;Coupe;05867.jpg
46;76;252;168;38;4;0;BMW Z4 Convertible 2012;BMW;Convertible;05868.jpg
1;13;222;170;18;3;8;Audi 100 Wagon 1994;Audi;Wagon;05869.jpg
72;121;963;646;43;5;1;Bentley Continental GT Coupe 2007;Bentley;Coupe;05870.jpg
24;110;597;356;85;12;3;Dodge Caravan Minivan 1997;Dodge;Minivan;05871.jpg
39;35;591;413;184;43;4;Suzuki SX4 Sedan 2012;Suzuki;Sedan;05872.jpg
54;75;359;239;39;5;0;Bentley Continental Supersports Conv. Convertible 2012;Bentley;Convertible;05873.jpg
101;275;383;383;104;15;1;Ferrari 458 Italia Coupe 2012;Ferrari;Coupe;05874.jpg
61;240;1154;703;40;5;4;Bentley Arnage Sedan 2009;Bentley;Sedan;05875.jpg
32;61;565;390;153;27;1;Lamborghini Diablo Coupe 2001;Lamborghini;Coupe;05876.jpg
22;34;455;304;33;4;5;BMW X6 SUV 2012;BMW;SUV;05877.jpg
47;166;655;364;27;4;0;BMW 1 Series Convertible 2012;BMW;Convertible;05878.jpg
33;48;204;150;97;12;4;Dodge Charger SRT-8 2009;Dodge;Sedan;05879.jpg
119;90;269;185;155;28;5;Land Rover LR2 SUV 2012;Land Rover;SUV;05880.jpg
2;7;273;133;52;8;5;Cadillac SRX SUV 2012;Cadillac;SUV;05881.jpg
37;72;385;259;72;9;1;Chevrolet Monte Carlo Coupe 2007;Chevrolet;Coupe;05882.jpg
39;135;290;233;118;18;5;GMC Terrain SUV 2012;GMC;SUV;05883.jpg
50;56;226;129;104;15;1;Ferrari 458 Italia Coupe 2012;Ferrari;Coupe;05884.jpg
1;343;1007;757;80;10;0;Chrysler Crossfire Convertible 2008;Chrysler;Convertible;05885.jpg
178;249;984;620;25;3;1;Audi TT RS Coupe 2012;Audi;Coupe;05886.jpg
53;215;723;517;24;3;4;Audi S4 Sedan 2007;Audi;Sedan;05887.jpg
206;210;867;590;85;12;3;Dodge Caravan Minivan 1997;Dodge;Minivan;05888.jpg
1;44;146;135;29;4;4;BMW 3 Series Sedan 2012;BMW;Sedan;05889.jpg
140;55;572;300;193;47;2;Volvo C30 Hatchback 2012;Volvo;Hatchback;05890.jpg
179;308;2329;1830;125;20;6;HUMMER H2 SUT Crew Cab 2009;HUMMER;Truck;05891.jpg
155;142;1113;687;31;4;0;BMW 6 Series Convertible 2007;BMW;Convertible;05892.jpg
42;98;469;301;43;5;1;Bentley Continental GT Coupe 2007;Bentley;Coupe;05893.jpg
19;34;258;171;189;45;5;Toyota 4Runner SUV 2012;Toyota;SUV;05894.jpg
20;121;656;370;126;21;3;Honda Odyssey Minivan 2012;Honda;Minivan;05895.jpg
28;61;462;366;98;13;2;Eagle Talon Hatchback 1998;Eagle;Hatchback;05896.jpg
33;105;410;284;37;4;5;BMW X3 SUV 2012;BMW;SUV;05897.jpg
60;81;629;376;140;22;4;Hyundai Azera Sedan 2012;Hyundai;Sedan;05898.jpg
69;84;519;375;124;20;6;HUMMER H3T Crew Cab 2010;HUMMER;Truck;05899.jpg
20;20;1003;746;147;26;5;Jeep Liberty SUV 2012;Jeep;SUV;05900.jpg
23;32;231;174;121;18;5;GMC Acadia SUV 2012;GMC;SUV;05901.jpg
60;82;338;221;25;3;1;Audi TT RS Coupe 2012;Audi;Coupe;05902.jpg
26;90;612;425;190;46;2;Volkswagen Golf Hatchback 2012;Volkswagen;Hatchback;05903.jpg
9;99;296;191;175;40;0;Rolls-Royce Phantom Drophead Coupe Convertible 2012;Rolls-Royce;Convertible;05904.jpg
11;14;249;182;119;18;7;GMC Savana Van 2012;GMC;Van;05905.jpg
53;125;428;318;117;17;4;Ford Fiesta Sedan 2012;Ford;Sedan;05906.jpg
145;332;1537;867;173;38;4;Porsche Panamera Sedan 2012;Porsche;Sedan;05907.jpg
61;72;302;249;24;3;4;Audi S4 Sedan 2007;Audi;Sedan;05908.jpg
57;155;525;364;9;2;1;Aston Martin V8 Vantage Coupe 2012;Aston;Coupe;05909.jpg
3;100;698;478;106;17;6;Ford F-450 Super Duty Crew Cab 2012;Ford;Truck;05910.jpg
40;37;590;377;78;10;3;Chrysler Town and Country Minivan 2012;Chrysler;Minivan;05911.jpg
47;46;524;306;49;7;4;Buick Verano Sedan 2012;Buick;Sedan;05912.jpg
226;135;812;483;120;18;5;GMC Yukon Hybrid SUV 2012;GMC;SUV;05913.jpg
60;185;587;438;177;40;4;Rolls-Royce Phantom Sedan 2012;Rolls-Royce;Sedan;05914.jpg
20;89;607;404;137;22;4;Hyundai Genesis Sedan 2012;Hyundai;Sedan;05915.jpg
146;92;689;356;6;1;4;Acura Integra Type R 2001;Acura;Sedan;05916.jpg
30;117;615;365;155;28;5;Land Rover LR2 SUV 2012;Land Rover;SUV;05917.jpg
25;55;277;150;3;1;4;Acura TL Sedan 2012;Acura;Sedan;05918.jpg
36;59;982;658;106;17;6;Ford F-450 Super Duty Crew Cab 2012;Ford;Truck;05919.jpg
32;159;600;377;138;22;4;Hyundai Sonata Sedan 2012;Hyundai;Sedan;05920.jpg
111;213;907;683;1;0;5;AM General Hummer SUV 2000;AM;SUV;05921.jpg
112;51;559;376;105;16;4;Fisker Karma Sedan 2012;Fisker;Sedan;05922.jpg
116;119;378;256;44;5;4;Bentley Continental Flying Spur Sedan 2007;Bentley;Sedan;05923.jpg
64;153;614;528;16;3;4;Audi V8 Sedan 1994;Audi;Sedan;05924.jpg
77;28;407;315;122;18;6;GMC Canyon Extended Cab 2012;GMC;Truck;05925.jpg
102;72;528;377;156;29;4;Lincoln Town Car Sedan 2011;Lincoln;Sedan;05926.jpg
68;329;1561;1025;89;12;5;Dodge Journey SUV 2012;Dodge;SUV;05927.jpg
74;62;490;370;41;5;4;Bentley Mulsanne Sedan 2011;Bentley;Sedan;05928.jpg
20;18;467;305;126;21;3;Honda Odyssey Minivan 2012;Honda;Minivan;05929.jpg
38;92;420;241;2;1;4;Acura RL Sedan 2012;Acura;Sedan;05930.jpg
23;51;218;172;190;46;2;Volkswagen Golf Hatchback 2012;Volkswagen;Hatchback;05931.jpg
128;132;505;331;55;9;0;Chevrolet Corvette Convertible 2012;Chevrolet;Convertible;05932.jpg
10;25;249;171;116;17;7;Ford E-Series Wagon Van 2012;Ford;Van;05933.jpg
33;66;266;147;105;16;4;Fisker Karma Sedan 2012;Fisker;Sedan;05934.jpg
84;88;438;292;126;21;3;Honda Odyssey Minivan 2012;Honda;Minivan;05935.jpg
13;1;965;679;58;9;5;Chevrolet Traverse SUV 2012;Chevrolet;SUV;05936.jpg
31;27;209;167;88;12;7;Dodge Sprinter Cargo Van 2009;Dodge;Van;05937.jpg
23;142;487;308;103;15;0;Ferrari 458 Italia Convertible 2012;Ferrari;Convertible;05938.jpg
505;524;1451;958;170;36;2;Nissan Juke Hatchback 2012;Nissan;Hatchback;05939.jpg
84;57;595;402;137;22;4;Hyundai Genesis Sedan 2012;Hyundai;Sedan;05940.jpg
27;104;588;446;190;46;2;Volkswagen Golf Hatchback 2012;Volkswagen;Hatchback;05941.jpg
19;70;729;452;68;9;0;Chevrolet TrailBlazer SS 2009;Chevrolet;Convertible;05942.jpg
46;36;226;168;121;18;5;GMC Acadia SUV 2012;GMC;SUV;05943.jpg
93;79;497;361;51;8;4;Cadillac CTS-V Sedan 2012;Cadillac;Sedan;05944.jpg
1648;1508;5205;3389;63;9;4;Chevrolet Sonic Sedan 2012;Chevrolet;Sedan;05945.jpg
9;58;220;165;44;5;4;Bentley Continental Flying Spur Sedan 2007;Bentley;Sedan;05946.jpg
12;31;638;456;28;4;1;BMW 1 Series Coupe 2012;BMW;Coupe;05947.jpg
24;26;240;176;48;7;5;Buick Rainier SUV 2007;Buick;SUV;05948.jpg
18;12;287;186;72;9;1;Chevrolet Monte Carlo Coupe 2007;Chevrolet;Coupe;05949.jpg
105;127;481;322;144;25;1;Jaguar XK XKR 2012;Jaguar;Coupe;05950.jpg
102;26;654;435;183;43;2;Suzuki SX4 Hatchback 2012;Suzuki;Hatchback;05951.jpg
153;390;1560;970;118;18;5;GMC Terrain SUV 2012;GMC;SUV;05952.jpg
14;64;611;415;96;12;4;Dodge Charger Sedan 2012;Dodge;Sedan;05953.jpg
61;62;403;293;180;42;1;Spyker C8 Coupe 2009;Spyker;Coupe;05954.jpg
47;113;841;506;136;22;4;Hyundai Accent Sedan 2012;Hyundai;Sedan;05955.jpg
8;66;249;164;188;45;4;Toyota Corolla Sedan 2012;Toyota;Sedan;05956.jpg
68;94;251;163;104;15;1;Ferrari 458 Italia Coupe 2012;Ferrari;Coupe;05957.jpg
62;65;609;409;129;21;4;Honda Accord Sedan 2012;Honda;Sedan;05958.jpg
37;55;475;297;126;21;3;Honda Odyssey Minivan 2012;Honda;Minivan;05959.jpg
18;47;594;295;90;12;6;Dodge Dakota Crew Cab 2010;Dodge;Truck;05960.jpg
15;7;231;142;83;12;8;Dodge Caliber Wagon 2012;Dodge;Wagon;05961.jpg
165;101;627;447;162;34;4;Mercedes-Benz C-Class Sedan 2012;Mercedes-Benz;Sedan;05962.jpg
283;553;1591;1105;170;36;2;Nissan Juke Hatchback 2012;Nissan;Hatchback;05963.jpg
12;58;260;178;21;3;0;Audi S5 Convertible 2012;Audi;Convertible;05964.jpg
63;70;382;299;20;3;4;Audi S6 Sedan 2011;Audi;Sedan;05965.jpg
9;62;461;271;142;23;5;Infiniti QX56 SUV 2011;Infiniti;SUV;05966.jpg
14;67;482;302;3;1;4;Acura TL Sedan 2012;Acura;Sedan;05967.jpg
6;76;400;264;17;3;4;Audi 100 Sedan 1994;Audi;Sedan;05968.jpg
69;202;753;435;57;9;1;Chevrolet Corvette Ron Fellows Edition Z06 2007;Chevrolet;Coupe;05969.jpg
51;164;602;359;115;17;4;Ford Focus Sedan 2007;Ford;Sedan;05970.jpg
79;130;565;361;41;5;4;Bentley Mulsanne Sedan 2011;Bentley;Sedan;05971.jpg
48;10;592;426;23;3;4;Audi S4 Sedan 2012;Audi;Sedan;05972.jpg
40;73;452;302;151;27;1;Lamborghini Aventador Coupe 2012;Lamborghini;Coupe;05973.jpg
73;62;608;453;186;45;5;Toyota Sequoia SUV 2012;Toyota;SUV;05974.jpg
128;152;433;322;155;28;5;Land Rover LR2 SUV 2012;Land Rover;SUV;05975.jpg
18;114;704;498;123;19;0;Geo Metro Convertible 1993;Geo;Convertible;05976.jpg
135;95;1142;789;192;46;2;Volkswagen Beetle Hatchback 2012;Volkswagen;Hatchback;05977.jpg
44;58;221;149;92;12;8;Dodge Magnum Wagon 2008;Dodge;Wagon;05978.jpg
73;86;441;306;4;1;4;Acura TL Type-S 2008;Acura;Sedan;05979.jpg
1;1;365;264;117;17;4;Ford Fiesta Sedan 2012;Ford;Sedan;05980.jpg
9;12;626;450;44;5;4;Bentley Continental Flying Spur Sedan 2007;Bentley;Sedan;05981.jpg
22;55;540;258;185;44;4;Tesla Model S Sedan 2012;Tesla;Sedan;05982.jpg
27;52;477;285;59;9;0;Chevrolet Camaro Convertible 2012;Chevrolet;Convertible;05983.jpg
33;36;593;428;75;9;6;Chevrolet Silverado 1500 Regular Cab 2012;Chevrolet;Truck;05984.jpg
61;110;972;606;28;4;1;BMW 1 Series Coupe 2012;BMW;Coupe;05985.jpg
16;28;418;239;20;3;4;Audi S6 Sedan 2011;Audi;Sedan;05986.jpg
151;171;648;408;116;17;7;Ford E-Series Wagon Van 2012;Ford;Van;05987.jpg
81;73;559;407;132;22;5;Hyundai Tucson SUV 2012;Hyundai;SUV;05988.jpg
49;172;982;681;90;12;6;Dodge Dakota Crew Cab 2010;Dodge;Truck;05989.jpg
162;143;478;307;151;27;1;Lamborghini Aventador Coupe 2012;Lamborghini;Coupe;05990.jpg
91;164;534;396;68;9;0;Chevrolet TrailBlazer SS 2009;Chevrolet;Convertible;05991.jpg
14;11;639;412;48;7;5;Buick Rainier SUV 2007;Buick;SUV;05992.jpg
105;3;869;700;63;9;4;Chevrolet Sonic Sedan 2012;Chevrolet;Sedan;05993.jpg
275;80;657;351;145;26;5;Jeep Patriot SUV 2012;Jeep;SUV;05994.jpg
19;82;618;393;161;34;0;Mercedes-Benz 300-Class Convertible 1993;Mercedes-Benz;Convertible;05995.jpg
12;102;390;280;77;10;0;Chrysler Sebring Convertible 2010;Chrysler;Convertible;05996.jpg
18;120;638;413;50;7;5;Buick Enclave SUV 2012;Buick;SUV;05997.jpg
313;250;1291;967;170;36;2;Nissan Juke Hatchback 2012;Nissan;Hatchback;05998.jpg
32;103;440;325;159;32;5;Mazda Tribute SUV 2011;Mazda;SUV;05999.jpg
54;58;596;435;87;12;6;Dodge Ram Pickup 3500 Quad Cab 2009;Dodge;Truck;06000.jpg
10;47;612;375;176;40;4;Rolls-Royce Ghost Sedan 2012;Rolls-Royce;Sedan;06001.jpg
77;114;960;646;8;2;0;Aston Martin V8 Vantage Convertible 2012;Aston;Convertible;06002.jpg
358;366;1300;860;103;15;0;Ferrari 458 Italia Convertible 2012;Ferrari;Convertible;06003.jpg
8;7;256;190;196;48;0;smart fortwo Convertible 2012;smart;Convertible;06004.jpg
18;13;207;108;42;5;1;Bentley Continental GT Coupe 2012;Bentley;Coupe;06005.jpg
33;55;186;121;39;5;0;Bentley Continental Supersports Conv. Convertible 2012;Bentley;Convertible;06006.jpg
54;176;493;388;160;33;1;McLaren MP4-12C Coupe 2012;McLaren;Coupe;06007.jpg
130;346;1489;1090;12;3;0;Audi RS 4 Convertible 2008;Audi;Convertible;06008.jpg
27;17;367;271;160;33;1;McLaren MP4-12C Coupe 2012;McLaren;Coupe;06009.jpg
55;149;552;342;77;10;0;Chrysler Sebring Convertible 2010;Chrysler;Convertible;06010.jpg
39;64;215;143;19;3;2;Audi TT Hatchback 2011;Audi;Hatchback;06011.jpg
45;156;608;434;120;18;5;GMC Yukon Hybrid SUV 2012;GMC;SUV;06012.jpg
101;59;602;389;195;47;5;Volvo XC90 SUV 2007;Volvo;SUV;06013.jpg
274;376;1120;826;100;14;0;FIAT 500 Convertible 2012;FIAT;Convertible;06014.jpg
22;114;450;295;156;29;4;Lincoln Town Car Sedan 2011;Lincoln;Sedan;06015.jpg
25;103;599;389;187;45;4;Toyota Camry Sedan 2012;Toyota;Sedan;06016.jpg
1;34;290;260;105;16;4;Fisker Karma Sedan 2012;Fisker;Sedan;06017.jpg
13;74;287;158;92;12;8;Dodge Magnum Wagon 2008;Dodge;Wagon;06018.jpg
28;35;230;166;90;12;6;Dodge Dakota Crew Cab 2010;Dodge;Truck;06019.jpg
19;63;457;306;12;3;0;Audi RS 4 Convertible 2008;Audi;Convertible;06020.jpg
30;56;681;293;144;25;1;Jaguar XK XKR 2012;Jaguar;Coupe;06021.jpg
30;37;544;335;93;12;1;Dodge Challenger SRT8 2011;Dodge;Coupe;06022.jpg
77;124;528;297;186;45;5;Toyota Sequoia SUV 2012;Toyota;SUV;06023.jpg
5;5;498;211;8;2;0;Aston Martin V8 Vantage Convertible 2012;Aston;Convertible;06024.jpg
41;128;588;398;78;10;3;Chrysler Town and Country Minivan 2012;Chrysler;Minivan;06025.jpg
31;41;272;189;59;9;0;Chevrolet Camaro Convertible 2012;Chevrolet;Convertible;06026.jpg
38;66;379;289;32;4;5;BMW X5 SUV 2007;BMW;SUV;06027.jpg
39;77;1790;919;44;5;4;Bentley Continental Flying Spur Sedan 2007;Bentley;Sedan;06028.jpg
11;20;637;445;70;9;6;Chevrolet Silverado 1500 Classic Extended Cab 2007;Chevrolet;Truck;06029.jpg
1;89;403;370;30;4;8;BMW 3 Series Wagon 2012;BMW;Wagon;06030.jpg
150;239;780;479;101;15;1;Ferrari FF Coupe 2012;Ferrari;Coupe;06031.jpg
12;48;636;422;67;9;4;Chevrolet Malibu Hybrid Sedan 2010;Chevrolet;Sedan;06032.jpg
94;269;516;428;73;9;4;Chevrolet Malibu Sedan 2007;Chevrolet;Sedan;06033.jpg
139;244;1534;1081;112;17;1;Ford GT Coupe 2006;Ford;Coupe;06034.jpg
94;382;1531;1036;39;5;0;Bentley Continental Supersports Conv. Convertible 2012;Bentley;Convertible;06035.jpg
30;102;680;334;114;17;6;Ford F-150 Regular Cab 2007;Ford;Truck;06036.jpg
106;72;711;480;16;3;4;Audi V8 Sedan 1994;Audi;Sedan;06037.jpg
59;65;772;456;160;33;1;McLaren MP4-12C Coupe 2012;McLaren;Coupe;06038.jpg
43;142;1984;1054;120;18;5;GMC Yukon Hybrid SUV 2012;GMC;SUV;06039.jpg
168;88;583;252;35;4;4;BMW M5 Sedan 2010;BMW;Sedan;06040.jpg
20;116;588;338;127;21;3;Honda Odyssey Minivan 2007;Honda;Minivan;06041.jpg
80;35;450;360;154;28;5;Land Rover Range Rover SUV 2012;Land Rover;SUV;06042.jpg
4;28;415;340;130;22;2;Hyundai Veloster Hatchback 2012;Hyundai;Hatchback;06043.jpg
13;104;356;243;74;9;6;Chevrolet Silverado 1500 Extended Cab 2012;Chevrolet;Truck;06044.jpg
132;48;533;395;172;37;1;Plymouth Neon Coupe 1999;Plymouth;Coupe;06045.jpg
15;13;464;360;157;30;0;MINI Cooper Roadster Convertible 2012;MINI Cooper;Convertible;06046.jpg
24;20;283;163;165;34;4;Mercedes-Benz S-Class Sedan 2012;Mercedes-Benz;Sedan;06047.jpg
30;88;509;307;57;9;1;Chevrolet Corvette Ron Fellows Edition Z06 2007;Chevrolet;Coupe;06048.jpg
411;311;1627;1095;50;7;5;Buick Enclave SUV 2012;Buick;SUV;06049.jpg
38;45;388;278;68;9;0;Chevrolet TrailBlazer SS 2009;Chevrolet;Convertible;06050.jpg
13;51;588;338;38;4;0;BMW Z4 Convertible 2012;BMW;Convertible;06051.jpg
9;14;490;368;1;0;5;AM General Hummer SUV 2000;AM;SUV;06052.jpg
12;57;558;476;119;18;7;GMC Savana Van 2012;GMC;Van;06053.jpg
8;12;294;160;108;17;3;Ford Freestar Minivan 2007;Ford;Minivan;06054.jpg
6;63;638;429;75;9;6;Chevrolet Silverado 1500 Regular Cab 2012;Chevrolet;Truck;06055.jpg
58;73;365;246;139;22;2;Hyundai Elantra Touring Hatchback 2012;Hyundai;Hatchback;06056.jpg
6;41;462;319;114;17;6;Ford F-150 Regular Cab 2007;Ford;Truck;06057.jpg
59;97;431;275;185;44;4;Tesla Model S Sedan 2012;Tesla;Sedan;06058.jpg
107;193;552;348;130;22;2;Hyundai Veloster Hatchback 2012;Hyundai;Hatchback;06059.jpg
42;63;588;367;54;9;6;Chevrolet Silverado 1500 Hybrid Crew Cab 2012;Chevrolet;Truck;06060.jpg
434;441;1805;1126;2;1;4;Acura RL Sedan 2012;Acura;Sedan;06061.jpg
116;114;914;584;89;12;5;Dodge Journey SUV 2012;Dodge;SUV;06062.jpg
5;9;498;312;130;22;2;Hyundai Veloster Hatchback 2012;Hyundai;Hatchback;06063.jpg
35;58;242;148;69;9;6;Chevrolet Silverado 2500HD Regular Cab 2012;Chevrolet;Truck;06064.jpg
8;100;430;257;138;22;4;Hyundai Sonata Sedan 2012;Hyundai;Sedan;06065.jpg
29;20;509;224;68;9;0;Chevrolet TrailBlazer SS 2009;Chevrolet;Convertible;06066.jpg
76;220;829;555;15;3;1;Audi R8 Coupe 2012;Audi;Coupe;06067.jpg
40;109;615;414;195;47;5;Volvo XC90 SUV 2007;Volvo;SUV;06068.jpg
162;101;641;435;154;28;5;Land Rover Range Rover SUV 2012;Land Rover;SUV;06069.jpg
128;61;529;420;139;22;2;Hyundai Elantra Touring Hatchback 2012;Hyundai;Hatchback;06070.jpg
37;34;347;207;19;3;2;Audi TT Hatchback 2011;Audi;Hatchback;06071.jpg
12;44;179;132;42;5;1;Bentley Continental GT Coupe 2012;Bentley;Coupe;06072.jpg
131;82;540;406;89;12;5;Dodge Journey SUV 2012;Dodge;SUV;06073.jpg
41;313;1061;1333;112;17;1;Ford GT Coupe 2006;Ford;Coupe;06074.jpg
13;62;288;175;37;4;5;BMW X3 SUV 2012;BMW;SUV;06075.jpg
37;22;472;337;44;5;4;Bentley Continental Flying Spur Sedan 2007;Bentley;Sedan;06076.jpg
15;4;234;172;148;26;5;Jeep Grand Cherokee SUV 2012;Jeep;SUV;06077.jpg
34;39;343;246;27;4;0;BMW 1 Series Convertible 2012;BMW;Convertible;06078.jpg
26;58;496;362;181;43;4;Suzuki Aerio Sedan 2007;Suzuki;Sedan;06079.jpg
13;11;288;163;34;4;1;BMW M3 Coupe 2012;BMW;Coupe;06080.jpg
39;43;148;125;161;34;0;Mercedes-Benz 300-Class Convertible 1993;Mercedes-Benz;Convertible;06081.jpg
22;70;398;243;165;34;4;Mercedes-Benz S-Class Sedan 2012;Mercedes-Benz;Sedan;06082.jpg
134;471;1514;1071;98;13;2;Eagle Talon Hatchback 1998;Eagle;Hatchback;06083.jpg
23;124;553;413;81;10;0;Chrysler PT Cruiser Convertible 2008;Chrysler;Convertible;06084.jpg
138;87;542;359;157;30;0;MINI Cooper Roadster Convertible 2012;MINI Cooper;Convertible;06085.jpg
31;112;477;271;93;12;1;Dodge Challenger SRT8 2011;Dodge;Coupe;06086.jpg
58;92;569;407;64;9;7;Chevrolet Express Cargo Van 2007;Chevrolet;Van;06087.jpg
22;39;221;160;12;3;0;Audi RS 4 Convertible 2008;Audi;Convertible;06088.jpg
48;151;540;355;27;4;0;BMW 1 Series Convertible 2012;BMW;Convertible;06089.jpg
26;53;236;146;129;21;4;Honda Accord Sedan 2012;Honda;Sedan;06090.jpg
1;108;479;471;75;9;6;Chevrolet Silverado 1500 Regular Cab 2012;Chevrolet;Truck;06091.jpg
300;172;721;457;168;36;2;Nissan Leaf Hatchback 2012;Nissan;Hatchback;06092.jpg
6;37;258;113;171;36;1;Nissan 240SX Coupe 1998;Nissan;Coupe;06093.jpg
36;54;193;131;19;3;2;Audi TT Hatchback 2011;Audi;Hatchback;06094.jpg
13;27;243;153;134;22;4;Hyundai Sonata Hybrid Sedan 2012;Hyundai;Sedan;06095.jpg
323;493;1280;863;164;34;4;Mercedes-Benz E-Class Sedan 2012;Mercedes-Benz;Sedan;06096.jpg
87;77;545;362;84;12;8;Dodge Caliber Wagon 2007;Dodge;Wagon;06097.jpg
20;61;588;376;104;15;1;Ferrari 458 Italia Coupe 2012;Ferrari;Coupe;06098.jpg
69;83;544;372;4;1;4;Acura TL Type-S 2008;Acura;Sedan;06099.jpg
47;107;973;711;148;26;5;Jeep Grand Cherokee SUV 2012;Jeep;SUV;06100.jpg
33;285;1561;993;145;26;5;Jeep Patriot SUV 2012;Jeep;SUV;06101.jpg
54;218;566;438;137;22;4;Hyundai Genesis Sedan 2012;Hyundai;Sedan;06102.jpg
9;19;542;386;81;10;0;Chrysler PT Cruiser Convertible 2008;Chrysler;Convertible;06103.jpg
28;63;684;334;190;46;2;Volkswagen Golf Hatchback 2012;Volkswagen;Hatchback;06104.jpg
19;31;566;395;22;3;1;Audi S5 Coupe 2012;Audi;Coupe;06105.jpg
16;37;248;170;108;17;3;Ford Freestar Minivan 2007;Ford;Minivan;06106.jpg
27;112;576;294;26;4;4;BMW ActiveHybrid 5 Sedan 2012;BMW;Sedan;06107.jpg
8;36;469;328;71;9;7;Chevrolet Express Van 2007;Chevrolet;Van;06108.jpg
39;183;1007;686;128;21;1;Honda Accord Coupe 2012;Honda;Coupe;06109.jpg
8;76;254;196;41;5;4;Bentley Mulsanne Sedan 2011;Bentley;Sedan;06110.jpg
65;114;407;327;193;47;2;Volvo C30 Hatchback 2012;Volvo;Hatchback;06111.jpg
43;74;547;370;126;21;3;Honda Odyssey Minivan 2012;Honda;Minivan;06112.jpg
74;20;564;435;181;43;4;Suzuki Aerio Sedan 2007;Suzuki;Sedan;06113.jpg
81;100;637;512;184;43;4;Suzuki SX4 Sedan 2012;Suzuki;Sedan;06114.jpg
75;3;532;350;135;22;4;Hyundai Elantra Sedan 2007;Hyundai;Sedan;06115.jpg
13;20;163;104;70;9;6;Chevrolet Silverado 1500 Classic Extended Cab 2007;Chevrolet;Truck;06116.jpg
17;116;303;309;139;22;2;Hyundai Elantra Touring Hatchback 2012;Hyundai;Hatchback;06117.jpg
61;92;778;522;124;20;6;HUMMER H3T Crew Cab 2010;HUMMER;Truck;06118.jpg
2;51;624;409;85;12;3;Dodge Caravan Minivan 1997;Dodge;Minivan;06119.jpg
21;51;639;445;58;9;5;Chevrolet Traverse SUV 2012;Chevrolet;SUV;06120.jpg
5;37;176;106;92;12;8;Dodge Magnum Wagon 2008;Dodge;Wagon;06121.jpg
7;174;967;689;35;4;4;BMW M5 Sedan 2010;BMW;Sedan;06122.jpg
25;143;723;456;183;43;2;Suzuki SX4 Hatchback 2012;Suzuki;Hatchback;06123.jpg
48;99;584;440;50;7;5;Buick Enclave SUV 2012;Buick;SUV;06124.jpg
51;39;558;377;64;9;7;Chevrolet Express Cargo Van 2007;Chevrolet;Van;06125.jpg
70;1;570;414;99;14;2;FIAT 500 Abarth 2012;FIAT;Hatchback;06126.jpg
74;96;572;394;194;47;4;Volvo 240 Sedan 1993;Volvo;Sedan;06127.jpg
16;67;421;249;40;5;4;Bentley Arnage Sedan 2009;Bentley;Sedan;06128.jpg
185;226;1765;1223;66;9;4;Chevrolet Cobalt SS 2010;Chevrolet;Sedan;06129.jpg
12;18;235;163;162;34;4;Mercedes-Benz C-Class Sedan 2012;Mercedes-Benz;Sedan;06130.jpg
271;440;3392;1955;110;17;5;Ford Edge SUV 2012;Ford;SUV;06131.jpg
10;52;251;132;80;10;0;Chrysler Crossfire Convertible 2008;Chrysler;Convertible;06132.jpg
19;30;393;276;113;17;6;Ford F-150 Regular Cab 2012;Ford;Truck;06133.jpg
151;44;485;422;88;12;7;Dodge Sprinter Cargo Van 2009;Dodge;Van;06134.jpg
12;58;591;302;171;36;1;Nissan 240SX Coupe 1998;Nissan;Coupe;06135.jpg
66;138;611;427;51;8;4;Cadillac CTS-V Sedan 2012;Cadillac;Sedan;06136.jpg
195;268;1230;962;81;10;0;Chrysler PT Cruiser Convertible 2008;Chrysler;Convertible;06137.jpg
11;39;258;162;134;22;4;Hyundai Sonata Hybrid Sedan 2012;Hyundai;Sedan;06138.jpg
148;247;1261;1051;72;9;1;Chevrolet Monte Carlo Coupe 2007;Chevrolet;Coupe;06139.jpg
28;376;1564;985;79;10;4;Chrysler 300 SRT-8 2010;Chrysler;Sedan;06140.jpg
32;74;917;763;147;26;5;Jeep Liberty SUV 2012;Jeep;SUV;06141.jpg
7;50;311;236;48;7;5;Buick Rainier SUV 2007;Buick;SUV;06142.jpg
85;119;644;374;134;22;4;Hyundai Sonata Hybrid Sedan 2012;Hyundai;Sedan;06143.jpg
19;74;1013;659;172;37;1;Plymouth Neon Coupe 1999;Plymouth;Coupe;06144.jpg
48;59;612;432;4;1;4;Acura TL Type-S 2008;Acura;Sedan;06145.jpg
1;25;275;160;76;10;5;Chrysler Aspen SUV 2009;Chrysler;SUV;06146.jpg
31;103;617;317;77;10;0;Chrysler Sebring Convertible 2010;Chrysler;Convertible;06147.jpg
30;38;234;153;107;17;0;Ford Mustang Convertible 2007;Ford;Convertible;06148.jpg
28;70;576;367;185;44;4;Tesla Model S Sedan 2012;Tesla;Sedan;06149.jpg
22;58;623;413;169;36;7;Nissan NV Passenger Van 2012;Nissan;Van;06150.jpg
62;105;976;631;20;3;4;Audi S6 Sedan 2011;Audi;Sedan;06151.jpg
174;79;639;408;109;17;5;Ford Expedition EL SUV 2009;Ford;SUV;06152.jpg
18;33;437;287;125;20;6;HUMMER H2 SUT Crew Cab 2009;HUMMER;Truck;06153.jpg
7;27;246;161;119;18;7;GMC Savana Van 2012;GMC;Van;06154.jpg
4;19;200;120;46;6;1;Bugatti Veyron 16.4 Coupe 2009;Bugatti;Coupe;06155.jpg
11;31;275;171;86;12;6;Dodge Ram Pickup 3500 Crew Cab 2010;Dodge;Truck;06156.jpg
12;37;246;167;76;10;5;Chrysler Aspen SUV 2009;Chrysler;SUV;06157.jpg
87;235;740;517;7;1;2;Acura ZDX Hatchback 2012;Acura;Hatchback;06158.jpg
86;81;371;252;1;0;5;AM General Hummer SUV 2000;AM;SUV;06159.jpg
59;130;974;675;122;18;6;GMC Canyon Extended Cab 2012;GMC;Truck;06160.jpg
112;265;1507;1099;149;26;5;Jeep Compass SUV 2012;Jeep;SUV;06161.jpg
46;75;425;255;103;15;0;Ferrari 458 Italia Convertible 2012;Ferrari;Convertible;06162.jpg
19;93;382;267;12;3;0;Audi RS 4 Convertible 2008;Audi;Convertible;06163.jpg
29;102;436;251;115;17;4;Ford Focus Sedan 2007;Ford;Sedan;06164.jpg
19;96;615;416;67;9;4;Chevrolet Malibu Hybrid Sedan 2010;Chevrolet;Sedan;06165.jpg
3;81;500;279;55;9;0;Chevrolet Corvette Convertible 2012;Chevrolet;Convertible;06166.jpg
19;94;461;294;60;9;8;Chevrolet HHR SS 2010;Chevrolet;Wagon;06167.jpg
42;92;588;288;185;44;4;Tesla Model S Sedan 2012;Tesla;Sedan;06168.jpg
48;121;387;278;25;3;1;Audi TT RS Coupe 2012;Audi;Coupe;06169.jpg
377;430;1308;943;183;43;2;Suzuki SX4 Hatchback 2012;Suzuki;Hatchback;06170.jpg
27;84;492;375;154;28;5;Land Rover Range Rover SUV 2012;Land Rover;SUV;06171.jpg
43;46;691;364;83;12;8;Dodge Caliber Wagon 2012;Dodge;Wagon;06172.jpg
11;30;293;208;65;9;6;Chevrolet Avalanche Crew Cab 2012;Chevrolet;Truck;06173.jpg
1;1;300;179;1;0;5;AM General Hummer SUV 2000;AM;SUV;06174.jpg
14;224;1011;612;181;43;4;Suzuki Aerio Sedan 2007;Suzuki;Sedan;06175.jpg
27;98;624;390;75;9;6;Chevrolet Silverado 1500 Regular Cab 2012;Chevrolet;Truck;06176.jpg
121;78;730;449;145;26;5;Jeep Patriot SUV 2012;Jeep;SUV;06177.jpg
73;9;573;427;73;9;4;Chevrolet Malibu Sedan 2007;Chevrolet;Sedan;06178.jpg
131;42;500;349;6;1;4;Acura Integra Type R 2001;Acura;Sedan;06179.jpg
11;27;259;153;74;9;6;Chevrolet Silverado 1500 Extended Cab 2012;Chevrolet;Truck;06180.jpg
30;25;229;165;41;5;4;Bentley Mulsanne Sedan 2011;Bentley;Sedan;06181.jpg
34;22;594;330;105;16;4;Fisker Karma Sedan 2012;Fisker;Sedan;06182.jpg
105;91;528;338;5;1;4;Acura TSX Sedan 2012;Acura;Sedan;06183.jpg
47;211;623;426;115;17;4;Ford Focus Sedan 2007;Ford;Sedan;06184.jpg
163;189;1180;723;145;26;5;Jeep Patriot SUV 2012;Jeep;SUV;06185.jpg
18;21;237;213;150;27;1;Lamborghini Reventon Coupe 2008;Lamborghini;Coupe;06186.jpg
57;107;752;476;89;12;5;Dodge Journey SUV 2012;Dodge;SUV;06187.jpg
97;137;965;652;192;46;2;Volkswagen Beetle Hatchback 2012;Volkswagen;Hatchback;06188.jpg
55;86;414;301;109;17;5;Ford Expedition EL SUV 2009;Ford;SUV;06189.jpg
99;135;931;613;96;12;4;Dodge Charger Sedan 2012;Dodge;Sedan;06190.jpg
2;30;455;337;48;7;5;Buick Rainier SUV 2007;Buick;SUV;06191.jpg
75;245;1207;695;133;22;5;Hyundai Veracruz SUV 2012;Hyundai;SUV;06192.jpg
34;123;267;209;22;3;1;Audi S5 Coupe 2012;Audi;Coupe;06193.jpg
37;3;639;415;133;22;5;Hyundai Veracruz SUV 2012;Hyundai;SUV;06194.jpg
245;97;567;315;146;26;5;Jeep Wrangler SUV 2012;Jeep;SUV;06195.jpg
6;63;571;303;6;1;4;Acura Integra Type R 2001;Acura;Sedan;06196.jpg
75;68;583;356;50;7;5;Buick Enclave SUV 2012;Buick;SUV;06197.jpg
9;8;223;108;157;30;0;MINI Cooper Roadster Convertible 2012;MINI Cooper;Convertible;06198.jpg
7;32;294;213;53;8;6;Cadillac Escalade EXT Crew Cab 2007;Cadillac;Truck;06199.jpg
117;90;538;365;89;12;5;Dodge Journey SUV 2012;Dodge;SUV;06200.jpg
32;55;607;403;118;18;5;GMC Terrain SUV 2012;GMC;SUV;06201.jpg
36;40;372;290;28;4;1;BMW 1 Series Coupe 2012;BMW;Coupe;06202.jpg
5;42;636;473;36;4;0;BMW M6 Convertible 2010;BMW;Convertible;06203.jpg
3;31;273;176;32;4;5;BMW X5 SUV 2007;BMW;SUV;06204.jpg
72;109;1003;686;53;8;6;Cadillac Escalade EXT Crew Cab 2007;Cadillac;Truck;06205.jpg
3;60;404;215;8;2;0;Aston Martin V8 Vantage Convertible 2012;Aston;Convertible;06206.jpg
61;6;299;164;175;40;0;Rolls-Royce Phantom Drophead Coupe Convertible 2012;Rolls-Royce;Convertible;06207.jpg
16;6;203;151;15;3;1;Audi R8 Coupe 2012;Audi;Coupe;06208.jpg
19;206;632;467;87;12;6;Dodge Ram Pickup 3500 Quad Cab 2009;Dodge;Truck;06209.jpg
15;17;343;199;130;22;2;Hyundai Veloster Hatchback 2012;Hyundai;Hatchback;06210.jpg
117;53;513;439;182;43;4;Suzuki Kizashi Sedan 2012;Suzuki;Sedan;06211.jpg
19;33;243;148;48;7;5;Buick Rainier SUV 2007;Buick;SUV;06212.jpg
40;19;599;402;178;41;2;Scion xD Hatchback 2012;Scion;Hatchback;06213.jpg
27;5;239;182;37;4;5;BMW X3 SUV 2012;BMW;SUV;06214.jpg
131;532;2152;1327;50;7;5;Buick Enclave SUV 2012;Buick;SUV;06215.jpg
16;74;283;189;98;13;2;Eagle Talon Hatchback 1998;Eagle;Hatchback;06216.jpg
202;71;1086;705;41;5;4;Bentley Mulsanne Sedan 2011;Bentley;Sedan;06217.jpg
35;42;194;105;80;10;0;Chrysler Crossfire Convertible 2008;Chrysler;Convertible;06218.jpg
19;68;603;439;128;21;1;Honda Accord Coupe 2012;Honda;Coupe;06219.jpg
3;43;259;178;82;11;8;Daewoo Nubira Wagon 2002;Daewoo;Wagon;06220.jpg
60;102;759;418;104;15;1;Ferrari 458 Italia Coupe 2012;Ferrari;Coupe;06221.jpg
2;112;552;372;43;5;1;Bentley Continental GT Coupe 2007;Bentley;Coupe;06222.jpg
12;32;466;225;117;17;4;Ford Fiesta Sedan 2012;Ford;Sedan;06223.jpg
313;367;1333;901;17;3;4;Audi 100 Sedan 1994;Audi;Sedan;06224.jpg
47;68;1179;513;47;7;4;Buick Regal GS 2012;Buick;Sedan;06225.jpg
155;651;1970;1328;36;4;0;BMW M6 Convertible 2010;BMW;Convertible;06226.jpg
32;111;630;431;14;3;1;Audi TTS Coupe 2012;Audi;Coupe;06227.jpg
48;58;605;373;106;17;6;Ford F-450 Super Duty Crew Cab 2012;Ford;Truck;06228.jpg
51;134;594;416;23;3;4;Audi S4 Sedan 2012;Audi;Sedan;06229.jpg
40;244;1144;637;21;3;0;Audi S5 Convertible 2012;Audi;Convertible;06230.jpg
20;82;399;294;78;10;3;Chrysler Town and Country Minivan 2012;Chrysler;Minivan;06231.jpg
18;332;1105;810;163;34;1;Mercedes-Benz SL-Class Coupe 2009;Mercedes-Benz;Coupe;06232.jpg
6;31;256;128;41;5;4;Bentley Mulsanne Sedan 2011;Bentley;Sedan;06233.jpg
37;43;217;178;34;4;1;BMW M3 Coupe 2012;BMW;Coupe;06234.jpg
66;70;872;501;182;43;4;Suzuki Kizashi Sedan 2012;Suzuki;Sedan;06235.jpg
27;119;625;462;23;3;4;Audi S4 Sedan 2012;Audi;Sedan;06236.jpg
169;165;707;501;105;16;4;Fisker Karma Sedan 2012;Fisker;Sedan;06237.jpg
29;86;603;388;144;25;1;Jaguar XK XKR 2012;Jaguar;Coupe;06238.jpg
15;65;441;258;10;2;0;Aston Martin Virage Convertible 2012;Aston;Convertible;06239.jpg
1;5;639;480;179;42;0;Spyker C8 Convertible 2009;Spyker;Convertible;06240.jpg
14;42;613;384;135;22;4;Hyundai Elantra Sedan 2007;Hyundai;Sedan;06241.jpg
45;56;580;347;123;19;0;Geo Metro Convertible 1993;Geo;Convertible;06242.jpg
18;25;230;178;65;9;6;Chevrolet Avalanche Crew Cab 2012;Chevrolet;Truck;06243.jpg
118;402;1011;733;6;1;4;Acura Integra Type R 2001;Acura;Sedan;06244.jpg
58;87;561;400;82;11;8;Daewoo Nubira Wagon 2002;Daewoo;Wagon;06245.jpg
33;120;514;471;125;20;6;HUMMER H2 SUT Crew Cab 2009;HUMMER;Truck;06246.jpg
115;112;1471;1087;183;43;2;Suzuki SX4 Hatchback 2012;Suzuki;Hatchback;06247.jpg
68;56;352;213;90;12;6;Dodge Dakota Crew Cab 2010;Dodge;Truck;06248.jpg
31;98;371;245;25;3;1;Audi TT RS Coupe 2012;Audi;Coupe;06249.jpg
36;21;639;480;166;34;7;Mercedes-Benz Sprinter Van 2012;Mercedes-Benz;Van;06250.jpg
21;20;281;167;152;27;1;Lamborghini Gallardo LP 570-4 Superleggera 2012;Lamborghini;Coupe;06251.jpg
10;14;394;252;32;4;5;BMW X5 SUV 2007;BMW;SUV;06252.jpg
139;371;1954;1241;62;9;5;Chevrolet Tahoe Hybrid SUV 2012;Chevrolet;SUV;06253.jpg
134;269;664;546;47;7;4;Buick Regal GS 2012;Buick;Sedan;06254.jpg
26;41;521;287;116;17;7;Ford E-Series Wagon Van 2012;Ford;Van;06255.jpg
3;18;295;159;122;18;6;GMC Canyon Extended Cab 2012;GMC;Truck;06256.jpg
42;111;521;409;163;34;1;Mercedes-Benz SL-Class Coupe 2009;Mercedes-Benz;Coupe;06257.jpg
31;17;621;445;149;26;5;Jeep Compass SUV 2012;Jeep;SUV;06258.jpg
60;183;502;532;168;36;2;Nissan Leaf Hatchback 2012;Nissan;Hatchback;06259.jpg
12;12;787;498;194;47;4;Volvo 240 Sedan 1993;Volvo;Sedan;06260.jpg
3;181;601;413;87;12;6;Dodge Ram Pickup 3500 Quad Cab 2009;Dodge;Truck;06261.jpg
6;20;123;88;1;0;5;AM General Hummer SUV 2000;AM;SUV;06262.jpg
12;23;245;183;125;20;6;HUMMER H2 SUT Crew Cab 2009;HUMMER;Truck;06263.jpg
109;118;550;304;105;16;4;Fisker Karma Sedan 2012;Fisker;Sedan;06264.jpg
78;123;435;283;26;4;4;BMW ActiveHybrid 5 Sedan 2012;BMW;Sedan;06265.jpg
43;93;612;401;127;21;3;Honda Odyssey Minivan 2007;Honda;Minivan;06266.jpg
14;60;308;134;103;15;0;Ferrari 458 Italia Convertible 2012;Ferrari;Convertible;06267.jpg
1;99;591;400;74;9;6;Chevrolet Silverado 1500 Extended Cab 2012;Chevrolet;Truck;06268.jpg
337;375;1116;745;7;1;2;Acura ZDX Hatchback 2012;Acura;Hatchback;06269.jpg
7;53;386;250;56;9;1;Chevrolet Corvette ZR1 2012;Chevrolet;Coupe;06270.jpg
15;35;261;147;88;12;7;Dodge Sprinter Cargo Van 2009;Dodge;Van;06271.jpg
20;53;992;667;183;43;2;Suzuki SX4 Hatchback 2012;Suzuki;Hatchback;06272.jpg
16;29;480;283;73;9;4;Chevrolet Malibu Sedan 2007;Chevrolet;Sedan;06273.jpg
27;45;284;155;128;21;1;Honda Accord Coupe 2012;Honda;Coupe;06274.jpg
86;63;509;317;144;25;1;Jaguar XK XKR 2012;Jaguar;Coupe;06275.jpg
49;82;965;706;159;32;5;Mazda Tribute SUV 2011;Mazda;SUV;06276.jpg
26;21;253;156;19;3;2;Audi TT Hatchback 2011;Audi;Hatchback;06277.jpg
20;43;461;329;37;4;5;BMW X3 SUV 2012;BMW;SUV;06278.jpg
39;123;615;353;126;21;3;Honda Odyssey Minivan 2012;Honda;Minivan;06279.jpg
26;17;396;257;92;12;8;Dodge Magnum Wagon 2008;Dodge;Wagon;06280.jpg
66;33;960;613;173;38;4;Porsche Panamera Sedan 2012;Porsche;Sedan;06281.jpg
64;207;907;483;152;27;1;Lamborghini Gallardo LP 570-4 Superleggera 2012;Lamborghini;Coupe;06282.jpg
33;51;609;397;113;17;6;Ford F-150 Regular Cab 2012;Ford;Truck;06283.jpg
7;41;83;64;57;9;1;Chevrolet Corvette Ron Fellows Edition Z06 2007;Chevrolet;Coupe;06284.jpg
30;68;366;215;190;46;2;Volkswagen Golf Hatchback 2012;Volkswagen;Hatchback;06285.jpg
73;301;642;538;193;47;2;Volvo C30 Hatchback 2012;Volvo;Hatchback;06286.jpg
54;53;572;356;176;40;4;Rolls-Royce Ghost Sedan 2012;Rolls-Royce;Sedan;06287.jpg
76;97;971;685;135;22;4;Hyundai Elantra Sedan 2007;Hyundai;Sedan;06288.jpg
37;7;351;250;100;14;0;FIAT 500 Convertible 2012;FIAT;Convertible;06289.jpg
8;53;247;137;107;17;0;Ford Mustang Convertible 2007;Ford;Convertible;06290.jpg
12;50;196;130;18;3;8;Audi 100 Wagon 1994;Audi;Wagon;06291.jpg
36;185;990;629;5;1;4;Acura TSX Sedan 2012;Acura;Sedan;06292.jpg
49;37;613;428;113;17;6;Ford F-150 Regular Cab 2012;Ford;Truck;06293.jpg
105;412;1163;816;163;34;1;Mercedes-Benz SL-Class Coupe 2009;Mercedes-Benz;Coupe;06294.jpg
68;72;424;230;53;8;6;Cadillac Escalade EXT Crew Cab 2007;Cadillac;Truck;06295.jpg
24;38;246;172;5;1;4;Acura TSX Sedan 2012;Acura;Sedan;06296.jpg
4;21;204;121;88;12;7;Dodge Sprinter Cargo Van 2009;Dodge;Van;06297.jpg
76;379;1392;843;30;4;8;BMW 3 Series Wagon 2012;BMW;Wagon;06298.jpg
8;40;247;156;31;4;0;BMW 6 Series Convertible 2007;BMW;Convertible;06299.jpg
135;159;459;327;173;38;4;Porsche Panamera Sedan 2012;Porsche;Sedan;06300.jpg
180;284;866;572;156;29;4;Lincoln Town Car Sedan 2011;Lincoln;Sedan;06301.jpg
24;341;1001;696;4;1;4;Acura TL Type-S 2008;Acura;Sedan;06302.jpg
339;447;1213;699;105;16;4;Fisker Karma Sedan 2012;Fisker;Sedan;06303.jpg
4;19;470;222;150;27;1;Lamborghini Reventon Coupe 2008;Lamborghini;Coupe;06304.jpg
41;60;410;295;54;9;6;Chevrolet Silverado 1500 Hybrid Crew Cab 2012;Chevrolet;Truck;06305.jpg
6;127;483;298;98;13;2;Eagle Talon Hatchback 1998;Eagle;Hatchback;06306.jpg
72;98;565;404;58;9;5;Chevrolet Traverse SUV 2012;Chevrolet;SUV;06307.jpg
39;188;332;342;37;4;5;BMW X3 SUV 2012;BMW;SUV;06308.jpg
25;55;456;279;7;1;2;Acura ZDX Hatchback 2012;Acura;Hatchback;06309.jpg
26;295;1003;727;107;17;0;Ford Mustang Convertible 2007;Ford;Convertible;06310.jpg
52;238;1710;1188;145;26;5;Jeep Patriot SUV 2012;Jeep;SUV;06311.jpg
39;59;416;322;95;12;5;Dodge Durango SUV 2007;Dodge;SUV;06312.jpg
7;74;292;200;5;1;4;Acura TSX Sedan 2012;Acura;Sedan;06313.jpg
11;75;490;326;56;9;1;Chevrolet Corvette ZR1 2012;Chevrolet;Coupe;06314.jpg
27;113;614;369;149;26;5;Jeep Compass SUV 2012;Jeep;SUV;06315.jpg
31;52;291;192;83;12;8;Dodge Caliber Wagon 2012;Dodge;Wagon;06316.jpg
22;45;279;169;31;4;0;BMW 6 Series Convertible 2007;BMW;Convertible;06317.jpg
36;125;576;479;153;27;1;Lamborghini Diablo Coupe 2001;Lamborghini;Coupe;06318.jpg
9;23;293;166;95;12;5;Dodge Durango SUV 2007;Dodge;SUV;06319.jpg
45;23;306;245;88;12;7;Dodge Sprinter Cargo Van 2009;Dodge;Van;06320.jpg
45;217;741;499;68;9;0;Chevrolet TrailBlazer SS 2009;Chevrolet;Convertible;06321.jpg
28;55;270;170;138;22;4;Hyundai Sonata Sedan 2012;Hyundai;Sedan;06322.jpg
24;102;529;354;97;12;4;Dodge Charger SRT-8 2009;Dodge;Sedan;06323.jpg
20;64;614;396;108;17;3;Ford Freestar Minivan 2007;Ford;Minivan;06324.jpg
17;17;279;195;131;22;5;Hyundai Santa Fe SUV 2012;Hyundai;SUV;06325.jpg
55;88;540;325;41;5;4;Bentley Mulsanne Sedan 2011;Bentley;Sedan;06326.jpg
127;123;503;299;98;13;2;Eagle Talon Hatchback 1998;Eagle;Hatchback;06327.jpg
15;14;278;171;3;1;4;Acura TL Sedan 2012;Acura;Sedan;06328.jpg
183;191;364;317;163;34;1;Mercedes-Benz SL-Class Coupe 2009;Mercedes-Benz;Coupe;06329.jpg
31;73;792;429;123;19;0;Geo Metro Convertible 1993;Geo;Convertible;06330.jpg
252;19;494;298;147;26;5;Jeep Liberty SUV 2012;Jeep;SUV;06331.jpg
43;512;1994;1399;76;10;5;Chrysler Aspen SUV 2009;Chrysler;SUV;06332.jpg
80;81;575;393;85;12;3;Dodge Caravan Minivan 1997;Dodge;Minivan;06333.jpg
192;63;618;415;92;12;8;Dodge Magnum Wagon 2008;Dodge;Wagon;06334.jpg
27;38;262;152;19;3;2;Audi TT Hatchback 2011;Audi;Hatchback;06335.jpg
14;33;288;144;121;18;5;GMC Acadia SUV 2012;GMC;SUV;06336.jpg
36;23;554;323;122;18;6;GMC Canyon Extended Cab 2012;GMC;Truck;06337.jpg
6;48;249;168;174;39;3;Ram C/V Cargo Van Minivan 2012;Ram;Minivan;06338.jpg
2;103;633;444;87;12;6;Dodge Ram Pickup 3500 Quad Cab 2009;Dodge;Truck;06339.jpg
136;124;1084;707;193;47;2;Volvo C30 Hatchback 2012;Volvo;Hatchback;06340.jpg
57;173;527;379;153;27;1;Lamborghini Diablo Coupe 2001;Lamborghini;Coupe;06341.jpg
112;129;887;478;177;40;4;Rolls-Royce Phantom Sedan 2012;Rolls-Royce;Sedan;06342.jpg
75;174;487;504;191;46;2;Volkswagen Golf Hatchback 1991;Volkswagen;Hatchback;06343.jpg
45;35;639;403;23;3;4;Audi S4 Sedan 2012;Audi;Sedan;06344.jpg
10;67;528;352;52;8;5;Cadillac SRX SUV 2012;Cadillac;SUV;06345.jpg
46;51;457;261;78;10;3;Chrysler Town and Country Minivan 2012;Chrysler;Minivan;06346.jpg
37;235;921;640;134;22;4;Hyundai Sonata Hybrid Sedan 2012;Hyundai;Sedan;06347.jpg
1;26;570;336;168;36;2;Nissan Leaf Hatchback 2012;Nissan;Hatchback;06348.jpg
30;17;620;425;149;26;5;Jeep Compass SUV 2012;Jeep;SUV;06349.jpg
9;102;573;397;98;13;2;Eagle Talon Hatchback 1998;Eagle;Hatchback;06350.jpg
3;10;1182;881;132;22;5;Hyundai Tucson SUV 2012;Hyundai;SUV;06351.jpg
74;180;543;433;161;34;0;Mercedes-Benz 300-Class Convertible 1993;Mercedes-Benz;Convertible;06352.jpg
6;59;447;310;83;12;8;Dodge Caliber Wagon 2012;Dodge;Wagon;06353.jpg
97;32;984;585;58;9;5;Chevrolet Traverse SUV 2012;Chevrolet;SUV;06354.jpg
30;114;867;413;56;9;1;Chevrolet Corvette ZR1 2012;Chevrolet;Coupe;06355.jpg
23;64;274;195;74;9;6;Chevrolet Silverado 1500 Extended Cab 2012;Chevrolet;Truck;06356.jpg
1;37;300;237;71;9;7;Chevrolet Express Van 2007;Chevrolet;Van;06357.jpg
26;23;379;269;46;6;1;Bugatti Veyron 16.4 Coupe 2009;Bugatti;Coupe;06358.jpg
1;43;1278;806;91;12;6;Dodge Dakota Club Cab 2007;Dodge;Truck;06359.jpg
4;2;106;82;88;12;7;Dodge Sprinter Cargo Van 2009;Dodge;Van;06360.jpg
16;46;622;282;66;9;4;Chevrolet Cobalt SS 2010;Chevrolet;Sedan;06361.jpg
2;19;104;60;18;3;8;Audi 100 Wagon 1994;Audi;Wagon;06362.jpg
51;61;534;355;125;20;6;HUMMER H2 SUT Crew Cab 2009;HUMMER;Truck;06363.jpg
31;63;192;136;161;34;0;Mercedes-Benz 300-Class Convertible 1993;Mercedes-Benz;Convertible;06364.jpg
13;32;785;464;172;37;1;Plymouth Neon Coupe 1999;Plymouth;Coupe;06365.jpg
29;211;619;410;57;9;1;Chevrolet Corvette Ron Fellows Edition Z06 2007;Chevrolet;Coupe;06366.jpg
10;80;576;317;185;44;4;Tesla Model S Sedan 2012;Tesla;Sedan;06367.jpg
53;30;538;265;134;22;4;Hyundai Sonata Hybrid Sedan 2012;Hyundai;Sedan;06368.jpg
1;47;279;149;44;5;4;Bentley Continental Flying Spur Sedan 2007;Bentley;Sedan;06369.jpg
12;39;790;488;154;28;5;Land Rover Range Rover SUV 2012;Land Rover;SUV;06370.jpg
242;544;1315;1006;179;42;0;Spyker C8 Convertible 2009;Spyker;Convertible;06371.jpg
76;59;218;157;56;9;1;Chevrolet Corvette ZR1 2012;Chevrolet;Coupe;06372.jpg
73;38;512;374;196;48;0;smart fortwo Convertible 2012;smart;Convertible;06373.jpg
44;21;420;210;181;43;4;Suzuki Aerio Sedan 2007;Suzuki;Sedan;06374.jpg
3;21;558;378;9;2;1;Aston Martin V8 Vantage Coupe 2012;Aston;Coupe;06375.jpg
8;91;600;408;126;21;3;Honda Odyssey Minivan 2012;Honda;Minivan;06376.jpg
6;49;709;475;49;7;4;Buick Verano Sedan 2012;Buick;Sedan;06377.jpg
9;70;471;346;53;8;6;Cadillac Escalade EXT Crew Cab 2007;Cadillac;Truck;06378.jpg
209;407;1863;1277;144;25;1;Jaguar XK XKR 2012;Jaguar;Coupe;06379.jpg
27;22;581;325;160;33;1;McLaren MP4-12C Coupe 2012;McLaren;Coupe;06380.jpg
24;122;631;411;9;2;1;Aston Martin V8 Vantage Coupe 2012;Aston;Coupe;06381.jpg
21;45;557;273;117;17;4;Ford Fiesta Sedan 2012;Ford;Sedan;06382.jpg
35;111;932;599;97;12;4;Dodge Charger SRT-8 2009;Dodge;Sedan;06383.jpg
27;131;560;350;101;15;1;Ferrari FF Coupe 2012;Ferrari;Coupe;06384.jpg
65;71;590;441;109;17;5;Ford Expedition EL SUV 2009;Ford;SUV;06385.jpg
4;106;494;274;55;9;0;Chevrolet Corvette Convertible 2012;Chevrolet;Convertible;06386.jpg
53;161;470;322;28;4;1;BMW 1 Series Coupe 2012;BMW;Coupe;06387.jpg
52;35;246;174;5;1;4;Acura TSX Sedan 2012;Acura;Sedan;06388.jpg
2;50;531;241;141;23;1;Infiniti G Coupe IPL 2012;Infiniti;Coupe;06389.jpg
81;107;660;431;189;45;5;Toyota 4Runner SUV 2012;Toyota;SUV;06390.jpg
57;354;967;635;112;17;1;Ford GT Coupe 2006;Ford;Coupe;06391.jpg
28;83;557;317;45;6;0;Bugatti Veyron 16.4 Convertible 2009;Bugatti;Convertible;06392.jpg
169;255;2492;1244;170;36;2;Nissan Juke Hatchback 2012;Nissan;Hatchback;06393.jpg
46;59;438;325;141;23;1;Infiniti G Coupe IPL 2012;Infiniti;Coupe;06394.jpg
54;97;448;278;39;5;0;Bentley Continental Supersports Conv. Convertible 2012;Bentley;Convertible;06395.jpg
23;81;606;423;54;9;6;Chevrolet Silverado 1500 Hybrid Crew Cab 2012;Chevrolet;Truck;06396.jpg
72;13;1021;610;179;42;0;Spyker C8 Convertible 2009;Spyker;Convertible;06397.jpg
80;172;951;627;126;21;3;Honda Odyssey Minivan 2012;Honda;Minivan;06398.jpg
10;117;456;330;161;34;0;Mercedes-Benz 300-Class Convertible 1993;Mercedes-Benz;Convertible;06399.jpg
18;57;247;144;143;24;5;Isuzu Ascender SUV 2008;Isuzu;SUV;06400.jpg
16;433;1585;1072;102;15;0;Ferrari California Convertible 2012;Ferrari;Convertible;06401.jpg
42;105;581;433;113;17;6;Ford F-150 Regular Cab 2012;Ford;Truck;06402.jpg
38;72;627;423;133;22;5;Hyundai Veracruz SUV 2012;Hyundai;SUV;06403.jpg
12;86;478;305;124;20;6;HUMMER H3T Crew Cab 2010;HUMMER;Truck;06404.jpg
36;91;601;383;39;5;0;Bentley Continental Supersports Conv. Convertible 2012;Bentley;Convertible;06405.jpg
1;1;1484;900;3;1;4;Acura TL Sedan 2012;Acura;Sedan;06406.jpg
34;41;624;411;125;20;6;HUMMER H2 SUT Crew Cab 2009;HUMMER;Truck;06407.jpg
42;95;370;229;139;22;2;Hyundai Elantra Touring Hatchback 2012;Hyundai;Hatchback;06408.jpg
14;54;453;197;185;44;4;Tesla Model S Sedan 2012;Tesla;Sedan;06409.jpg
50;80;223;167;80;10;0;Chrysler Crossfire Convertible 2008;Chrysler;Convertible;06410.jpg
2;30;257;168;38;4;0;BMW Z4 Convertible 2012;BMW;Convertible;06411.jpg
8;20;191;99;143;24;5;Isuzu Ascender SUV 2008;Isuzu;SUV;06412.jpg
61;93;755;290;152;27;1;Lamborghini Gallardo LP 570-4 Superleggera 2012;Lamborghini;Coupe;06413.jpg
34;45;562;345;120;18;5;GMC Yukon Hybrid SUV 2012;GMC;SUV;06414.jpg
44;318;976;640;171;36;1;Nissan 240SX Coupe 1998;Nissan;Coupe;06415.jpg
65;15;468;264;188;45;4;Toyota Corolla Sedan 2012;Toyota;Sedan;06416.jpg
105;156;946;536;144;25;1;Jaguar XK XKR 2012;Jaguar;Coupe;06417.jpg
8;175;793;547;162;34;4;Mercedes-Benz C-Class Sedan 2012;Mercedes-Benz;Sedan;06418.jpg
26;16;244;164;109;17;5;Ford Expedition EL SUV 2009;Ford;SUV;06419.jpg
38;97;460;316;110;17;5;Ford Edge SUV 2012;Ford;SUV;06420.jpg
85;141;588;348;161;34;0;Mercedes-Benz 300-Class Convertible 1993;Mercedes-Benz;Convertible;06421.jpg
37;93;608;404;4;1;4;Acura TL Type-S 2008;Acura;Sedan;06422.jpg
31;46;427;255;177;40;4;Rolls-Royce Phantom Sedan 2012;Rolls-Royce;Sedan;06423.jpg
61;58;420;290;93;12;1;Dodge Challenger SRT8 2011;Dodge;Coupe;06424.jpg
13;99;631;425;138;22;4;Hyundai Sonata Sedan 2012;Hyundai;Sedan;06425.jpg
68;167;437;325;34;4;1;BMW M3 Coupe 2012;BMW;Coupe;06426.jpg
148;47;547;340;182;43;4;Suzuki Kizashi Sedan 2012;Suzuki;Sedan;06427.jpg
79;132;548;378;108;17;3;Ford Freestar Minivan 2007;Ford;Minivan;06428.jpg
20;132;513;365;146;26;5;Jeep Wrangler SUV 2012;Jeep;SUV;06429.jpg
32;18;232;173;181;43;4;Suzuki Aerio Sedan 2007;Suzuki;Sedan;06430.jpg
8;195;626;435;48;7;5;Buick Rainier SUV 2007;Buick;SUV;06431.jpg
41;114;975;670;19;3;2;Audi TT Hatchback 2011;Audi;Hatchback;06432.jpg
257;352;1332;840;11;2;1;Aston Martin Virage Coupe 2012;Aston;Coupe;06433.jpg
121;90;838;513;187;45;4;Toyota Camry Sedan 2012;Toyota;Sedan;06434.jpg
126;80;588;326;148;26;5;Jeep Grand Cherokee SUV 2012;Jeep;SUV;06435.jpg
9;111;388;258;139;22;2;Hyundai Elantra Touring Hatchback 2012;Hyundai;Hatchback;06436.jpg
47;23;585;480;119;18;7;GMC Savana Van 2012;GMC;Van;06437.jpg
52;105;612;327;72;9;1;Chevrolet Monte Carlo Coupe 2007;Chevrolet;Coupe;06438.jpg
309;199;1152;522;144;25;1;Jaguar XK XKR 2012;Jaguar;Coupe;06439.jpg
18;135;468;314;181;43;4;Suzuki Aerio Sedan 2007;Suzuki;Sedan;06440.jpg
8;15;253;165;76;10;5;Chrysler Aspen SUV 2009;Chrysler;SUV;06441.jpg
42;69;477;289;193;47;2;Volvo C30 Hatchback 2012;Volvo;Hatchback;06442.jpg
34;90;452;352;31;4;0;BMW 6 Series Convertible 2007;BMW;Convertible;06443.jpg
61;118;581;347;67;9;4;Chevrolet Malibu Hybrid Sedan 2010;Chevrolet;Sedan;06444.jpg
36;122;615;348;114;17;6;Ford F-150 Regular Cab 2007;Ford;Truck;06445.jpg
13;22;886;556;122;18;6;GMC Canyon Extended Cab 2012;GMC;Truck;06446.jpg
11;174;967;575;76;10;5;Chrysler Aspen SUV 2009;Chrysler;SUV;06447.jpg
33;19;347;199;88;12;7;Dodge Sprinter Cargo Van 2009;Dodge;Van;06448.jpg
29;27;210;112;151;27;1;Lamborghini Aventador Coupe 2012;Lamborghini;Coupe;06449.jpg
7;49;255;173;13;3;1;Audi A5 Coupe 2012;Audi;Coupe;06450.jpg
17;72;602;386;165;34;4;Mercedes-Benz S-Class Sedan 2012;Mercedes-Benz;Sedan;06451.jpg
645;281;3464;2572;145;26;5;Jeep Patriot SUV 2012;Jeep;SUV;06452.jpg
28;175;898;551;10;2;0;Aston Martin Virage Convertible 2012;Aston;Convertible;06453.jpg
95;86;900;599;138;22;4;Hyundai Sonata Sedan 2012;Hyundai;Sedan;06454.jpg
197;97;575;346;132;22;5;Hyundai Tucson SUV 2012;Hyundai;SUV;06455.jpg
3;53;419;259;69;9;6;Chevrolet Silverado 2500HD Regular Cab 2012;Chevrolet;Truck;06456.jpg
120;134;1060;660;45;6;0;Bugatti Veyron 16.4 Convertible 2009;Bugatti;Convertible;06457.jpg
65;156;827;447;29;4;4;BMW 3 Series Sedan 2012;BMW;Sedan;06458.jpg
19;68;606;384;68;9;0;Chevrolet TrailBlazer SS 2009;Chevrolet;Convertible;06459.jpg
95;35;553;390;89;12;5;Dodge Journey SUV 2012;Dodge;SUV;06460.jpg
69;59;582;434;94;12;5;Dodge Durango SUV 2012;Dodge;SUV;06461.jpg
74;61;584;420;192;46;2;Volkswagen Beetle Hatchback 2012;Volkswagen;Hatchback;06462.jpg
27;32;252;168;113;17;6;Ford F-150 Regular Cab 2012;Ford;Truck;06463.jpg
5;103;1019;690;113;17;6;Ford F-150 Regular Cab 2012;Ford;Truck;06464.jpg
43;43;221;169;196;48;0;smart fortwo Convertible 2012;smart;Convertible;06465.jpg
16;181;992;531;75;9;6;Chevrolet Silverado 1500 Regular Cab 2012;Chevrolet;Truck;06466.jpg
112;149;921;610;46;6;1;Bugatti Veyron 16.4 Coupe 2009;Bugatti;Coupe;06467.jpg
21;77;262;167;84;12;8;Dodge Caliber Wagon 2007;Dodge;Wagon;06468.jpg
6;24;254;155;67;9;4;Chevrolet Malibu Hybrid Sedan 2010;Chevrolet;Sedan;06469.jpg
27;79;629;375;119;18;7;GMC Savana Van 2012;GMC;Van;06470.jpg
35;75;216;179;195;47;5;Volvo XC90 SUV 2007;Volvo;SUV;06471.jpg
72;14;463;316;166;34;7;Mercedes-Benz Sprinter Van 2012;Mercedes-Benz;Van;06472.jpg
72;69;730;437;158;31;0;Maybach Landaulet Convertible 2012;Maybach;Convertible;06473.jpg
96;81;572;400;140;22;4;Hyundai Azera Sedan 2012;Hyundai;Sedan;06474.jpg
56;157;590;422;23;3;4;Audi S4 Sedan 2012;Audi;Sedan;06475.jpg
6;32;250;191;131;22;5;Hyundai Santa Fe SUV 2012;Hyundai;SUV;06476.jpg
44;40;262;184;83;12;8;Dodge Caliber Wagon 2012;Dodge;Wagon;06477.jpg
84;120;560;367;99;14;2;FIAT 500 Abarth 2012;FIAT;Hatchback;06478.jpg
109;118;1456;1150;178;41;2;Scion xD Hatchback 2012;Scion;Hatchback;06479.jpg
92;45;534;267;7;1;2;Acura ZDX Hatchback 2012;Acura;Hatchback;06480.jpg
84;76;602;414;119;18;7;GMC Savana Van 2012;GMC;Van;06481.jpg
193;197;1023;751;167;35;4;Mitsubishi Lancer Sedan 2012;Mitsubishi;Sedan;06482.jpg
20;24;636;295;139;22;2;Hyundai Elantra Touring Hatchback 2012;Hyundai;Hatchback;06483.jpg
1;11;92;47;123;19;0;Geo Metro Convertible 1993;Geo;Convertible;06484.jpg
74;106;483;319;10;2;0;Aston Martin Virage Convertible 2012;Aston;Convertible;06485.jpg
2;38;323;293;29;4;4;BMW 3 Series Sedan 2012;BMW;Sedan;06486.jpg
24;32;609;397;133;22;5;Hyundai Veracruz SUV 2012;Hyundai;SUV;06487.jpg
27;172;536;335;97;12;4;Dodge Charger SRT-8 2009;Dodge;Sedan;06488.jpg
190;221;638;419;182;43;4;Suzuki Kizashi Sedan 2012;Suzuki;Sedan;06489.jpg
55;93;608;447;77;10;0;Chrysler Sebring Convertible 2010;Chrysler;Convertible;06490.jpg
6;66;409;278;119;18;7;GMC Savana Van 2012;GMC;Van;06491.jpg
35;85;996;626;176;40;4;Rolls-Royce Ghost Sedan 2012;Rolls-Royce;Sedan;06492.jpg
17;95;398;301;128;21;1;Honda Accord Coupe 2012;Honda;Coupe;06493.jpg
349;402;1122;817;101;15;1;Ferrari FF Coupe 2012;Ferrari;Coupe;06494.jpg
9;15;246;186;109;17;5;Ford Expedition EL SUV 2009;Ford;SUV;06495.jpg
43;95;585;422;187;45;4;Toyota Camry Sedan 2012;Toyota;Sedan;06496.jpg
8;95;618;388;126;21;3;Honda Odyssey Minivan 2012;Honda;Minivan;06497.jpg
39;91;380;234;36;4;0;BMW M6 Convertible 2010;BMW;Convertible;06498.jpg
96;187;566;357;114;17;6;Ford F-150 Regular Cab 2007;Ford;Truck;06499.jpg
45;168;535;358;135;22;4;Hyundai Elantra Sedan 2007;Hyundai;Sedan;06500.jpg
109;89;467;280;104;15;1;Ferrari 458 Italia Coupe 2012;Ferrari;Coupe;06501.jpg
9;24;134;102;70;9;6;Chevrolet Silverado 1500 Classic Extended Cab 2007;Chevrolet;Truck;06502.jpg
64;109;395;274;80;10;0;Chrysler Crossfire Convertible 2008;Chrysler;Convertible;06503.jpg
230;218;864;498;161;34;0;Mercedes-Benz 300-Class Convertible 1993;Mercedes-Benz;Convertible;06504.jpg
2;64;264;198;44;5;4;Bentley Continental Flying Spur Sedan 2007;Bentley;Sedan;06505.jpg
71;70;418;311;84;12;8;Dodge Caliber Wagon 2007;Dodge;Wagon;06506.jpg
42;66;461;272;139;22;2;Hyundai Elantra Touring Hatchback 2012;Hyundai;Hatchback;06507.jpg
157;1187;1491;2055;58;9;5;Chevrolet Traverse SUV 2012;Chevrolet;SUV;06508.jpg
1;14;275;171;22;3;1;Audi S5 Coupe 2012;Audi;Coupe;06509.jpg
89;1;342;261;150;27;1;Lamborghini Reventon Coupe 2008;Lamborghini;Coupe;06510.jpg
8;26;269;116;82;11;8;Daewoo Nubira Wagon 2002;Daewoo;Wagon;06511.jpg
22;79;407;243;67;9;4;Chevrolet Malibu Hybrid Sedan 2010;Chevrolet;Sedan;06512.jpg
24;76;399;288;65;9;6;Chevrolet Avalanche Crew Cab 2012;Chevrolet;Truck;06513.jpg
13;103;499;281;54;9;6;Chevrolet Silverado 1500 Hybrid Crew Cab 2012;Chevrolet;Truck;06514.jpg
1;1;639;480;12;3;0;Audi RS 4 Convertible 2008;Audi;Convertible;06515.jpg
18;84;478;307;3;1;4;Acura TL Sedan 2012;Acura;Sedan;06516.jpg
115;54;666;425;169;36;7;Nissan NV Passenger Van 2012;Nissan;Van;06517.jpg
133;431;1962;1072;7;1;2;Acura ZDX Hatchback 2012;Acura;Hatchback;06518.jpg
165;151;1480;1292;170;36;2;Nissan Juke Hatchback 2012;Nissan;Hatchback;06519.jpg
6;53;448;263;44;5;4;Bentley Continental Flying Spur Sedan 2007;Bentley;Sedan;06520.jpg
39;93;540;229;103;15;0;Ferrari 458 Italia Convertible 2012;Ferrari;Convertible;06521.jpg
29;72;982;674;132;22;5;Hyundai Tucson SUV 2012;Hyundai;SUV;06522.jpg
86;77;423;257;175;40;0;Rolls-Royce Phantom Drophead Coupe Convertible 2012;Rolls-Royce;Convertible;06523.jpg
11;158;1012;663;171;36;1;Nissan 240SX Coupe 1998;Nissan;Coupe;06524.jpg
135;73;609;365;73;9;4;Chevrolet Malibu Sedan 2007;Chevrolet;Sedan;06525.jpg
62;81;467;318;150;27;1;Lamborghini Reventon Coupe 2008;Lamborghini;Coupe;06526.jpg
45;71;465;335;138;22;4;Hyundai Sonata Sedan 2012;Hyundai;Sedan;06527.jpg
51;95;625;472;54;9;6;Chevrolet Silverado 1500 Hybrid Crew Cab 2012;Chevrolet;Truck;06528.jpg
91;74;509;240;11;2;1;Aston Martin Virage Coupe 2012;Aston;Coupe;06529.jpg
72;73;316;217;8;2;0;Aston Martin V8 Vantage Convertible 2012;Aston;Convertible;06530.jpg
12;7;252;182;39;5;0;Bentley Continental Supersports Conv. Convertible 2012;Bentley;Convertible;06531.jpg
255;528;1451;1084;170;36;2;Nissan Juke Hatchback 2012;Nissan;Hatchback;06532.jpg
12;83;627;465;127;21;3;Honda Odyssey Minivan 2007;Honda;Minivan;06533.jpg
21;30;463;244;78;10;3;Chrysler Town and Country Minivan 2012;Chrysler;Minivan;06534.jpg
59;94;477;332;73;9;4;Chevrolet Malibu Sedan 2007;Chevrolet;Sedan;06535.jpg
22;30;383;181;21;3;0;Audi S5 Convertible 2012;Audi;Convertible;06536.jpg
11;7;265;176;69;9;6;Chevrolet Silverado 2500HD Regular Cab 2012;Chevrolet;Truck;06537.jpg
19;126;598;421;6;1;4;Acura Integra Type R 2001;Acura;Sedan;06538.jpg
28;41;265;198;9;2;1;Aston Martin V8 Vantage Coupe 2012;Aston;Coupe;06539.jpg
42;120;591;438;119;18;7;GMC Savana Van 2012;GMC;Van;06540.jpg
32;61;628;398;69;9;6;Chevrolet Silverado 2500HD Regular Cab 2012;Chevrolet;Truck;06541.jpg
33;195;990;590;164;34;4;Mercedes-Benz E-Class Sedan 2012;Mercedes-Benz;Sedan;06542.jpg
16;39;228;163;162;34;4;Mercedes-Benz C-Class Sedan 2012;Mercedes-Benz;Sedan;06543.jpg
18;154;756;426;112;17;1;Ford GT Coupe 2006;Ford;Coupe;06544.jpg
38;89;379;281;21;3;0;Audi S5 Convertible 2012;Audi;Convertible;06545.jpg
69;166;760;391;22;3;1;Audi S5 Coupe 2012;Audi;Coupe;06546.jpg
27;153;620;471;70;9;6;Chevrolet Silverado 1500 Classic Extended Cab 2007;Chevrolet;Truck;06547.jpg
63;87;575;440;89;12;5;Dodge Journey SUV 2012;Dodge;SUV;06548.jpg
10;137;579;411;43;5;1;Bentley Continental GT Coupe 2007;Bentley;Coupe;06549.jpg
68;122;498;335;52;8;5;Cadillac SRX SUV 2012;Cadillac;SUV;06550.jpg
15;18;788;417;83;12;8;Dodge Caliber Wagon 2012;Dodge;Wagon;06551.jpg
49;110;579;377;127;21;3;Honda Odyssey Minivan 2007;Honda;Minivan;06552.jpg
25;106;608;414;19;3;2;Audi TT Hatchback 2011;Audi;Hatchback;06553.jpg
25;43;237;164;88;12;7;Dodge Sprinter Cargo Van 2009;Dodge;Van;06554.jpg
124;177;567;429;149;26;5;Jeep Compass SUV 2012;Jeep;SUV;06555.jpg
11;28;256;196;53;8;6;Cadillac Escalade EXT Crew Cab 2007;Cadillac;Truck;06556.jpg
18;26;260;138;27;4;0;BMW 1 Series Convertible 2012;BMW;Convertible;06557.jpg
179;549;1004;879;102;15;0;Ferrari California Convertible 2012;Ferrari;Convertible;06558.jpg
21;42;453;329;32;4;5;BMW X5 SUV 2007;BMW;SUV;06559.jpg
41;59;785;431;194;47;4;Volvo 240 Sedan 1993;Volvo;Sedan;06560.jpg
83;119;510;392;190;46;2;Volkswagen Golf Hatchback 2012;Volkswagen;Hatchback;06561.jpg
23;118;608;349;138;22;4;Hyundai Sonata Sedan 2012;Hyundai;Sedan;06562.jpg
4;51;422;314;71;9;7;Chevrolet Express Van 2007;Chevrolet;Van;06563.jpg
22;32;297;188;90;12;6;Dodge Dakota Crew Cab 2010;Dodge;Truck;06564.jpg
8;95;430;364;24;3;4;Audi S4 Sedan 2007;Audi;Sedan;06565.jpg
53;121;551;423;53;8;6;Cadillac Escalade EXT Crew Cab 2007;Cadillac;Truck;06566.jpg
26;58;587;397;59;9;0;Chevrolet Camaro Convertible 2012;Chevrolet;Convertible;06567.jpg
1;43;128;91;17;3;4;Audi 100 Sedan 1994;Audi;Sedan;06568.jpg
1;87;398;257;142;23;5;Infiniti QX56 SUV 2011;Infiniti;SUV;06569.jpg
99;346;1421;951;13;3;1;Audi A5 Coupe 2012;Audi;Coupe;06570.jpg
20;16;449;300;2;1;4;Acura RL Sedan 2012;Acura;Sedan;06571.jpg
18;86;631;401;177;40;4;Rolls-Royce Phantom Sedan 2012;Rolls-Royce;Sedan;06572.jpg
153;412;1806;1080;189;45;5;Toyota 4Runner SUV 2012;Toyota;SUV;06573.jpg
84;46;512;365;28;4;1;BMW 1 Series Coupe 2012;BMW;Coupe;06574.jpg
64;70;452;366;47;7;4;Buick Regal GS 2012;Buick;Sedan;06575.jpg
64;347;629;577;184;43;4;Suzuki SX4 Sedan 2012;Suzuki;Sedan;06576.jpg
33;86;614;396;65;9;6;Chevrolet Avalanche Crew Cab 2012;Chevrolet;Truck;06577.jpg
31;15;378;185;125;20;6;HUMMER H2 SUT Crew Cab 2009;HUMMER;Truck;06578.jpg
15;20;630;477;64;9;7;Chevrolet Express Cargo Van 2007;Chevrolet;Van;06579.jpg
21;131;628;305;175;40;0;Rolls-Royce Phantom Drophead Coupe Convertible 2012;Rolls-Royce;Convertible;06580.jpg
51;147;588;422;22;3;1;Audi S5 Coupe 2012;Audi;Coupe;06581.jpg
74;55;671;388;129;21;4;Honda Accord Sedan 2012;Honda;Sedan;06582.jpg
77;128;1211;711;40;5;4;Bentley Arnage Sedan 2009;Bentley;Sedan;06583.jpg
20;37;480;316;122;18;6;GMC Canyon Extended Cab 2012;GMC;Truck;06584.jpg
2;9;231;163;190;46;2;Volkswagen Golf Hatchback 2012;Volkswagen;Hatchback;06585.jpg
44;62;555;294;14;3;1;Audi TTS Coupe 2012;Audi;Coupe;06586.jpg
25;53;238;167;53;8;6;Cadillac Escalade EXT Crew Cab 2007;Cadillac;Truck;06587.jpg
60;129;604;377;51;8;4;Cadillac CTS-V Sedan 2012;Cadillac;Sedan;06588.jpg
121;409;1146;779;55;9;0;Chevrolet Corvette Convertible 2012;Chevrolet;Convertible;06589.jpg
137;38;574;371;76;10;5;Chrysler Aspen SUV 2009;Chrysler;SUV;06590.jpg
38;43;225;156;106;17;6;Ford F-450 Super Duty Crew Cab 2012;Ford;Truck;06591.jpg
3;30;295;192;70;9;6;Chevrolet Silverado 1500 Classic Extended Cab 2007;Chevrolet;Truck;06592.jpg
112;190;697;483;25;3;1;Audi TT RS Coupe 2012;Audi;Coupe;06593.jpg
22;46;643;311;105;16;4;Fisker Karma Sedan 2012;Fisker;Sedan;06594.jpg
27;34;250;160;83;12;8;Dodge Caliber Wagon 2012;Dodge;Wagon;06595.jpg
5;22;257;159;83;12;8;Dodge Caliber Wagon 2012;Dodge;Wagon;06596.jpg
9;34;240;150;108;17;3;Ford Freestar Minivan 2007;Ford;Minivan;06597.jpg
15;43;346;236;33;4;5;BMW X6 SUV 2012;BMW;SUV;06598.jpg
81;83;1524;851;92;12;8;Dodge Magnum Wagon 2008;Dodge;Wagon;06599.jpg
29;6;271;168;14;3;1;Audi TTS Coupe 2012;Audi;Coupe;06600.jpg
8;11;194;122;125;20;6;HUMMER H2 SUT Crew Cab 2009;HUMMER;Truck;06601.jpg
7;1;1597;1207;183;43;2;Suzuki SX4 Hatchback 2012;Suzuki;Hatchback;06602.jpg
39;127;595;360;7;1;2;Acura ZDX Hatchback 2012;Acura;Hatchback;06603.jpg
151;442;1950;1100;169;36;7;Nissan NV Passenger Van 2012;Nissan;Van;06604.jpg
10;8;747;582;32;4;5;BMW X5 SUV 2007;BMW;SUV;06605.jpg
57;147;563;413;152;27;1;Lamborghini Gallardo LP 570-4 Superleggera 2012;Lamborghini;Coupe;06606.jpg
124;130;372;269;127;21;3;Honda Odyssey Minivan 2007;Honda;Minivan;06607.jpg
58;82;1231;789;196;48;0;smart fortwo Convertible 2012;smart;Convertible;06608.jpg
15;24;234;167;111;17;6;Ford Ranger SuperCab 2011;Ford;Truck;06609.jpg
3;3;200;114;18;3;8;Audi 100 Wagon 1994;Audi;Wagon;06610.jpg
8;19;266;179;54;9;6;Chevrolet Silverado 1500 Hybrid Crew Cab 2012;Chevrolet;Truck;06611.jpg
17;17;249;140;72;9;1;Chevrolet Monte Carlo Coupe 2007;Chevrolet;Coupe;06612.jpg
1;199;1492;885;112;17;1;Ford GT Coupe 2006;Ford;Coupe;06613.jpg
39;29;470;286;4;1;4;Acura TL Type-S 2008;Acura;Sedan;06614.jpg
11;210;1011;600;112;17;1;Ford GT Coupe 2006;Ford;Coupe;06615.jpg
32;36;437;272;23;3;4;Audi S4 Sedan 2012;Audi;Sedan;06616.jpg
195;147;838;583;144;25;1;Jaguar XK XKR 2012;Jaguar;Coupe;06617.jpg
21;164;607;359;61;9;4;Chevrolet Impala Sedan 2007;Chevrolet;Sedan;06618.jpg
26;80;630;458;115;17;4;Ford Focus Sedan 2007;Ford;Sedan;06619.jpg
73;1;412;210;32;4;5;BMW X5 SUV 2007;BMW;SUV;06620.jpg
54;92;471;334;145;26;5;Jeep Patriot SUV 2012;Jeep;SUV;06621.jpg
36;37;231;198;175;40;0;Rolls-Royce Phantom Drophead Coupe Convertible 2012;Rolls-Royce;Convertible;06622.jpg
143;181;984;663;124;20;6;HUMMER H3T Crew Cab 2010;HUMMER;Truck;06623.jpg
23;134;619;349;2;1;4;Acura RL Sedan 2012;Acura;Sedan;06624.jpg
52;171;970;563;105;16;4;Fisker Karma Sedan 2012;Fisker;Sedan;06625.jpg
8;8;234;143;119;18;7;GMC Savana Van 2012;GMC;Van;06626.jpg
78;143;596;423;115;17;4;Ford Focus Sedan 2007;Ford;Sedan;06627.jpg
94;281;2952;1412;59;9;0;Chevrolet Camaro Convertible 2012;Chevrolet;Convertible;06628.jpg
59;42;231;173;109;17;5;Ford Expedition EL SUV 2009;Ford;SUV;06629.jpg
19;30;246;154;51;8;4;Cadillac CTS-V Sedan 2012;Cadillac;Sedan;06630.jpg
57;297;757;639;170;36;2;Nissan Juke Hatchback 2012;Nissan;Hatchback;06631.jpg
7;7;342;219;195;47;5;Volvo XC90 SUV 2007;Volvo;SUV;06632.jpg
24;60;382;292;35;4;4;BMW M5 Sedan 2010;BMW;Sedan;06633.jpg
26;39;252;155;174;39;3;Ram C/V Cargo Van Minivan 2012;Ram;Minivan;06634.jpg
44;96;621;360;44;5;4;Bentley Continental Flying Spur Sedan 2007;Bentley;Sedan;06635.jpg
49;22;548;358;41;5;4;Bentley Mulsanne Sedan 2011;Bentley;Sedan;06636.jpg
1;133;400;285;151;27;1;Lamborghini Aventador Coupe 2012;Lamborghini;Coupe;06637.jpg
31;5;1247;799;183;43;2;Suzuki SX4 Hatchback 2012;Suzuki;Hatchback;06638.jpg
64;59;948;675;147;26;5;Jeep Liberty SUV 2012;Jeep;SUV;06639.jpg
12;21;258;161;69;9;6;Chevrolet Silverado 2500HD Regular Cab 2012;Chevrolet;Truck;06640.jpg
47;83;380;293;153;27;1;Lamborghini Diablo Coupe 2001;Lamborghini;Coupe;06641.jpg
25;14;484;303;121;18;5;GMC Acadia SUV 2012;GMC;SUV;06642.jpg
106;89;606;425;64;9;7;Chevrolet Express Cargo Van 2007;Chevrolet;Van;06643.jpg
338;82;1133;733;7;1;2;Acura ZDX Hatchback 2012;Acura;Hatchback;06644.jpg
48;161;725;450;49;7;4;Buick Verano Sedan 2012;Buick;Sedan;06645.jpg
35;41;187;108;16;3;4;Audi V8 Sedan 1994;Audi;Sedan;06646.jpg
12;7;289;232;71;9;7;Chevrolet Express Van 2007;Chevrolet;Van;06647.jpg
21;195;588;478;101;15;1;Ferrari FF Coupe 2012;Ferrari;Coupe;06648.jpg
15;70;480;290;108;17;3;Ford Freestar Minivan 2007;Ford;Minivan;06649.jpg
5;3;284;129;76;10;5;Chrysler Aspen SUV 2009;Chrysler;SUV;06650.jpg
51;87;573;355;94;12;5;Dodge Durango SUV 2012;Dodge;SUV;06651.jpg
207;454;1766;1100;150;27;1;Lamborghini Reventon Coupe 2008;Lamborghini;Coupe;06652.jpg
82;47;565;358;39;5;0;Bentley Continental Supersports Conv. Convertible 2012;Bentley;Convertible;06653.jpg
96;8;401;328;166;34;7;Mercedes-Benz Sprinter Van 2012;Mercedes-Benz;Van;06654.jpg
52;28;269;210;143;24;5;Isuzu Ascender SUV 2008;Isuzu;SUV;06655.jpg
98;2;554;422;168;36;2;Nissan Leaf Hatchback 2012;Nissan;Hatchback;06656.jpg
28;67;555;334;81;10;0;Chrysler PT Cruiser Convertible 2008;Chrysler;Convertible;06657.jpg
13;51;461;336;188;45;4;Toyota Corolla Sedan 2012;Toyota;Sedan;06658.jpg
2;73;635;477;146;26;5;Jeep Wrangler SUV 2012;Jeep;SUV;06659.jpg
46;86;557;287;6;1;4;Acura Integra Type R 2001;Acura;Sedan;06660.jpg
103;70;934;688;164;34;4;Mercedes-Benz E-Class Sedan 2012;Mercedes-Benz;Sedan;06661.jpg
90;112;681;486;32;4;5;BMW X5 SUV 2007;BMW;SUV;06662.jpg
99;114;969;683;32;4;5;BMW X5 SUV 2007;BMW;SUV;06663.jpg
62;117;465;250;18;3;8;Audi 100 Wagon 1994;Audi;Wagon;06664.jpg
80;142;567;366;49;7;4;Buick Verano Sedan 2012;Buick;Sedan;06665.jpg
14;117;617;383;79;10;4;Chrysler 300 SRT-8 2010;Chrysler;Sedan;06666.jpg
9;29;259;153;60;9;8;Chevrolet HHR SS 2010;Chevrolet;Wagon;06667.jpg
49;34;751;501;166;34;7;Mercedes-Benz Sprinter Van 2012;Mercedes-Benz;Van;06668.jpg
61;58;269;148;134;22;4;Hyundai Sonata Hybrid Sedan 2012;Hyundai;Sedan;06669.jpg
17;49;536;302;106;17;6;Ford F-450 Super Duty Crew Cab 2012;Ford;Truck;06670.jpg
4;76;583;326;158;31;0;Maybach Landaulet Convertible 2012;Maybach;Convertible;06671.jpg
60;51;622;424;181;43;4;Suzuki Aerio Sedan 2007;Suzuki;Sedan;06672.jpg
33;55;531;414;189;45;5;Toyota 4Runner SUV 2012;Toyota;SUV;06673.jpg
76;178;353;328;188;45;4;Toyota Corolla Sedan 2012;Toyota;Sedan;06674.jpg
204;410;986;730;10;2;0;Aston Martin Virage Convertible 2012;Aston;Convertible;06675.jpg
41;4;275;192;32;4;5;BMW X5 SUV 2007;BMW;SUV;06676.jpg
70;88;247;188;20;3;4;Audi S6 Sedan 2011;Audi;Sedan;06677.jpg
7;149;897;556;21;3;0;Audi S5 Convertible 2012;Audi;Convertible;06678.jpg
60;45;594;428;147;26;5;Jeep Liberty SUV 2012;Jeep;SUV;06679.jpg
416;420;988;777;132;22;5;Hyundai Tucson SUV 2012;Hyundai;SUV;06680.jpg
3;9;249;144;142;23;5;Infiniti QX56 SUV 2011;Infiniti;SUV;06681.jpg
135;81;375;230;118;18;5;GMC Terrain SUV 2012;GMC;SUV;06682.jpg
13;98;287;198;9;2;1;Aston Martin V8 Vantage Coupe 2012;Aston;Coupe;06683.jpg
37;171;1052;472;57;9;1;Chevrolet Corvette Ron Fellows Edition Z06 2007;Chevrolet;Coupe;06684.jpg
5;99;292;191;151;27;1;Lamborghini Aventador Coupe 2012;Lamborghini;Coupe;06685.jpg
44;275;1237;858;140;22;4;Hyundai Azera Sedan 2012;Hyundai;Sedan;06686.jpg
24;117;468;364;96;12;4;Dodge Charger Sedan 2012;Dodge;Sedan;06687.jpg
10;84;551;321;103;15;0;Ferrari 458 Italia Convertible 2012;Ferrari;Convertible;06688.jpg
316;432;1690;1458;185;44;4;Tesla Model S Sedan 2012;Tesla;Sedan;06689.jpg
20;130;607;421;79;10;4;Chrysler 300 SRT-8 2010;Chrysler;Sedan;06690.jpg
3;22;149;110;90;12;6;Dodge Dakota Crew Cab 2010;Dodge;Truck;06691.jpg
7;128;1003;688;71;9;7;Chevrolet Express Van 2007;Chevrolet;Van;06692.jpg
138;163;783;417;61;9;4;Chevrolet Impala Sedan 2007;Chevrolet;Sedan;06693.jpg
55;61;480;257;98;13;2;Eagle Talon Hatchback 1998;Eagle;Hatchback;06694.jpg
4;37;220;119;82;11;8;Daewoo Nubira Wagon 2002;Daewoo;Wagon;06695.jpg
42;75;382;273;30;4;8;BMW 3 Series Wagon 2012;BMW;Wagon;06696.jpg
76;104;455;284;174;39;3;Ram C/V Cargo Van Minivan 2012;Ram;Minivan;06697.jpg
33;57;255;162;165;34;4;Mercedes-Benz S-Class Sedan 2012;Mercedes-Benz;Sedan;06698.jpg
102;92;937;567;141;23;1;Infiniti G Coupe IPL 2012;Infiniti;Coupe;06699.jpg
23;31;790;395;147;26;5;Jeep Liberty SUV 2012;Jeep;SUV;06700.jpg
51;14;560;409;47;7;4;Buick Regal GS 2012;Buick;Sedan;06701.jpg
103;7;549;278;50;7;5;Buick Enclave SUV 2012;Buick;SUV;06702.jpg
44;44;563;261;27;4;0;BMW 1 Series Convertible 2012;BMW;Convertible;06703.jpg
172;137;501;358;25;3;1;Audi TT RS Coupe 2012;Audi;Coupe;06704.jpg
59;25;260;127;22;3;1;Audi S5 Coupe 2012;Audi;Coupe;06705.jpg
93;153;807;472;177;40;4;Rolls-Royce Phantom Sedan 2012;Rolls-Royce;Sedan;06706.jpg
46;78;583;334;105;16;4;Fisker Karma Sedan 2012;Fisker;Sedan;06707.jpg
106;168;752;512;12;3;0;Audi RS 4 Convertible 2008;Audi;Convertible;06708.jpg
126;270;694;466;102;15;0;Ferrari California Convertible 2012;Ferrari;Convertible;06709.jpg
39;328;754;567;175;40;0;Rolls-Royce Phantom Drophead Coupe Convertible 2012;Rolls-Royce;Convertible;06710.jpg
55;20;393;205;90;12;6;Dodge Dakota Crew Cab 2010;Dodge;Truck;06711.jpg
40;84;959;700;36;4;0;BMW M6 Convertible 2010;BMW;Convertible;06712.jpg
28;84;453;282;46;6;1;Bugatti Veyron 16.4 Coupe 2009;Bugatti;Coupe;06713.jpg
80;51;650;409;33;4;5;BMW X6 SUV 2012;BMW;SUV;06714.jpg
25;50;1608;843;53;8;6;Cadillac Escalade EXT Crew Cab 2007;Cadillac;Truck;06715.jpg
11;79;295;223;21;3;0;Audi S5 Convertible 2012;Audi;Convertible;06716.jpg
167;54;610;551;166;34;7;Mercedes-Benz Sprinter Van 2012;Mercedes-Benz;Van;06717.jpg
97;2;599;409;6;1;4;Acura Integra Type R 2001;Acura;Sedan;06718.jpg
21;42;563;248;47;7;4;Buick Regal GS 2012;Buick;Sedan;06719.jpg
169;301;1489;991;125;20;6;HUMMER H2 SUT Crew Cab 2009;HUMMER;Truck;06720.jpg
53;388;1236;729;151;27;1;Lamborghini Aventador Coupe 2012;Lamborghini;Coupe;06721.jpg
155;242;954;653;168;36;2;Nissan Leaf Hatchback 2012;Nissan;Hatchback;06722.jpg
252;217;536;392;116;17;7;Ford E-Series Wagon Van 2012;Ford;Van;06723.jpg
4;6;261;99;129;21;4;Honda Accord Sedan 2012;Honda;Sedan;06724.jpg
267;128;1517;965;145;26;5;Jeep Patriot SUV 2012;Jeep;SUV;06725.jpg
82;174;994;640;66;9;4;Chevrolet Cobalt SS 2010;Chevrolet;Sedan;06726.jpg
125;131;1529;977;170;36;2;Nissan Juke Hatchback 2012;Nissan;Hatchback;06727.jpg
5;41;194;150;48;7;5;Buick Rainier SUV 2007;Buick;SUV;06728.jpg
292;232;857;509;41;5;4;Bentley Mulsanne Sedan 2011;Bentley;Sedan;06729.jpg
199;219;1369;781;187;45;4;Toyota Camry Sedan 2012;Toyota;Sedan;06730.jpg
29;21;583;382;83;12;8;Dodge Caliber Wagon 2012;Dodge;Wagon;06731.jpg
26;31;681;412;147;26;5;Jeep Liberty SUV 2012;Jeep;SUV;06732.jpg
97;104;285;210;134;22;4;Hyundai Sonata Hybrid Sedan 2012;Hyundai;Sedan;06733.jpg
66;349;643;545;26;4;4;BMW ActiveHybrid 5 Sedan 2012;BMW;Sedan;06734.jpg
13;237;602;434;92;12;8;Dodge Magnum Wagon 2008;Dodge;Wagon;06735.jpg
21;64;289;171;148;26;5;Jeep Grand Cherokee SUV 2012;Jeep;SUV;06736.jpg
83;105;480;375;110;17;5;Ford Edge SUV 2012;Ford;SUV;06737.jpg
38;59;597;452;80;10;0;Chrysler Crossfire Convertible 2008;Chrysler;Convertible;06738.jpg
13;20;293;147;54;9;6;Chevrolet Silverado 1500 Hybrid Crew Cab 2012;Chevrolet;Truck;06739.jpg
47;51;611;432;166;34;7;Mercedes-Benz Sprinter Van 2012;Mercedes-Benz;Van;06740.jpg
50;53;545;377;20;3;4;Audi S6 Sedan 2011;Audi;Sedan;06741.jpg
6;15;315;142;76;10;5;Chrysler Aspen SUV 2009;Chrysler;SUV;06742.jpg
113;38;485;280;193;47;2;Volvo C30 Hatchback 2012;Volvo;Hatchback;06743.jpg
5;36;239;140;92;12;8;Dodge Magnum Wagon 2008;Dodge;Wagon;06744.jpg
65;145;564;395;137;22;4;Hyundai Genesis Sedan 2012;Hyundai;Sedan;06745.jpg
18;44;443;314;113;17;6;Ford F-150 Regular Cab 2012;Ford;Truck;06746.jpg
20;122;1009;667;72;9;1;Chevrolet Monte Carlo Coupe 2007;Chevrolet;Coupe;06747.jpg
15;36;290;181;86;12;6;Dodge Ram Pickup 3500 Crew Cab 2010;Dodge;Truck;06748.jpg
68;87;909;631;121;18;5;GMC Acadia SUV 2012;GMC;SUV;06749.jpg
14;122;626;377;95;12;5;Dodge Durango SUV 2007;Dodge;SUV;06750.jpg
8;80;250;184;3;1;4;Acura TL Sedan 2012;Acura;Sedan;06751.jpg
22;160;1360;739;27;4;0;BMW 1 Series Convertible 2012;BMW;Convertible;06752.jpg
34;14;1005;658;147;26;5;Jeep Liberty SUV 2012;Jeep;SUV;06753.jpg
22;61;774;517;119;18;7;GMC Savana Van 2012;GMC;Van;06754.jpg
32;59;469;298;135;22;4;Hyundai Elantra Sedan 2007;Hyundai;Sedan;06755.jpg
80;104;284;196;22;3;1;Audi S5 Coupe 2012;Audi;Coupe;06756.jpg
10;143;539;334;56;9;1;Chevrolet Corvette ZR1 2012;Chevrolet;Coupe;06757.jpg
57;4;269;161;34;4;1;BMW M3 Coupe 2012;BMW;Coupe;06758.jpg
176;89;1175;735;196;48;0;smart fortwo Convertible 2012;smart;Convertible;06759.jpg
15;50;385;295;115;17;4;Ford Focus Sedan 2007;Ford;Sedan;06760.jpg
22;53;329;204;109;17;5;Ford Expedition EL SUV 2009;Ford;SUV;06761.jpg
23;24;237;177;82;11;8;Daewoo Nubira Wagon 2002;Daewoo;Wagon;06762.jpg
11;45;253;189;80;10;0;Chrysler Crossfire Convertible 2008;Chrysler;Convertible;06763.jpg
54;77;609;402;137;22;4;Hyundai Genesis Sedan 2012;Hyundai;Sedan;06764.jpg
31;86;758;501;68;9;0;Chevrolet TrailBlazer SS 2009;Chevrolet;Convertible;06765.jpg
2;95;318;183;158;31;0;Maybach Landaulet Convertible 2012;Maybach;Convertible;06766.jpg
24;4;235;173;62;9;5;Chevrolet Tahoe Hybrid SUV 2012;Chevrolet;SUV;06767.jpg
49;293;1003;696;40;5;4;Bentley Arnage Sedan 2009;Bentley;Sedan;06768.jpg
68;183;549;349;179;42;0;Spyker C8 Convertible 2009;Spyker;Convertible;06769.jpg
35;6;276;190;76;10;5;Chrysler Aspen SUV 2009;Chrysler;SUV;06770.jpg
35;105;598;351;10;2;0;Aston Martin Virage Convertible 2012;Aston;Convertible;06771.jpg
28;43;236;152;72;9;1;Chevrolet Monte Carlo Coupe 2007;Chevrolet;Coupe;06772.jpg
24;22;559;371;139;22;2;Hyundai Elantra Touring Hatchback 2012;Hyundai;Hatchback;06773.jpg
115;507;2457;1658;5;1;4;Acura TSX Sedan 2012;Acura;Sedan;06774.jpg
129;38;326;114;106;17;6;Ford F-450 Super Duty Crew Cab 2012;Ford;Truck;06775.jpg
143;85;482;373;168;36;2;Nissan Leaf Hatchback 2012;Nissan;Hatchback;06776.jpg
109;359;1477;1082;183;43;2;Suzuki SX4 Hatchback 2012;Suzuki;Hatchback;06777.jpg
51;103;284;192;22;3;1;Audi S5 Coupe 2012;Audi;Coupe;06778.jpg
40;40;569;306;60;9;8;Chevrolet HHR SS 2010;Chevrolet;Wagon;06779.jpg
9;112;439;278;61;9;4;Chevrolet Impala Sedan 2007;Chevrolet;Sedan;06780.jpg
9;39;272;156;44;5;4;Bentley Continental Flying Spur Sedan 2007;Bentley;Sedan;06781.jpg
64;96;596;360;8;2;0;Aston Martin V8 Vantage Convertible 2012;Aston;Convertible;06782.jpg
163;229;1033;651;192;46;2;Volkswagen Beetle Hatchback 2012;Volkswagen;Hatchback;06783.jpg
1;66;619;339;3;1;4;Acura TL Sedan 2012;Acura;Sedan;06784.jpg
142;72;367;235;180;42;1;Spyker C8 Coupe 2009;Spyker;Coupe;06785.jpg
60;79;576;401;128;21;1;Honda Accord Coupe 2012;Honda;Coupe;06786.jpg
22;100;435;313;47;7;4;Buick Regal GS 2012;Buick;Sedan;06787.jpg
28;46;263;183;108;17;3;Ford Freestar Minivan 2007;Ford;Minivan;06788.jpg
8;22;249;127;143;24;5;Isuzu Ascender SUV 2008;Isuzu;SUV;06789.jpg
14;111;788;388;82;11;8;Daewoo Nubira Wagon 2002;Daewoo;Wagon;06790.jpg
61;178;1240;1066;167;35;4;Mitsubishi Lancer Sedan 2012;Mitsubishi;Sedan;06791.jpg
74;166;619;430;39;5;0;Bentley Continental Supersports Conv. Convertible 2012;Bentley;Convertible;06792.jpg
17;71;227;175;21;3;0;Audi S5 Convertible 2012;Audi;Convertible;06793.jpg
152;46;1137;744;47;7;4;Buick Regal GS 2012;Buick;Sedan;06794.jpg
26;375;1001;734;156;29;4;Lincoln Town Car Sedan 2011;Lincoln;Sedan;06795.jpg
57;88;361;293;90;12;6;Dodge Dakota Crew Cab 2010;Dodge;Truck;06796.jpg
220;153;415;263;146;26;5;Jeep Wrangler SUV 2012;Jeep;SUV;06797.jpg
39;46;1413;904;99;14;2;FIAT 500 Abarth 2012;FIAT;Hatchback;06798.jpg
72;114;1019;692;112;17;1;Ford GT Coupe 2006;Ford;Coupe;06799.jpg
9;51;293;165;42;5;1;Bentley Continental GT Coupe 2012;Bentley;Coupe;06800.jpg
7;97;422;295;59;9;0;Chevrolet Camaro Convertible 2012;Chevrolet;Convertible;06801.jpg
10;130;477;273;67;9;4;Chevrolet Malibu Hybrid Sedan 2010;Chevrolet;Sedan;06802.jpg
70;21;670;466;89;12;5;Dodge Journey SUV 2012;Dodge;SUV;06803.jpg
42;39;589;437;85;12;3;Dodge Caravan Minivan 1997;Dodge;Minivan;06804.jpg
15;38;228;174;143;24;5;Isuzu Ascender SUV 2008;Isuzu;SUV;06805.jpg
50;173;579;375;126;21;3;Honda Odyssey Minivan 2012;Honda;Minivan;06806.jpg
52;129;579;320;61;9;4;Chevrolet Impala Sedan 2007;Chevrolet;Sedan;06807.jpg
132;109;870;513;149;26;5;Jeep Compass SUV 2012;Jeep;SUV;06808.jpg
8;29;252;188;106;17;6;Ford F-450 Super Duty Crew Cab 2012;Ford;Truck;06809.jpg
13;45;294;171;72;9;1;Chevrolet Monte Carlo Coupe 2007;Chevrolet;Coupe;06810.jpg
21;29;229;175;106;17;6;Ford F-450 Super Duty Crew Cab 2012;Ford;Truck;06811.jpg
59;133;955;688;133;22;5;Hyundai Veracruz SUV 2012;Hyundai;SUV;06812.jpg
120;151;534;345;119;18;7;GMC Savana Van 2012;GMC;Van;06813.jpg
37;32;747;505;106;17;6;Ford F-450 Super Duty Crew Cab 2012;Ford;Truck;06814.jpg
46;93;423;283;54;9;6;Chevrolet Silverado 1500 Hybrid Crew Cab 2012;Chevrolet;Truck;06815.jpg
10;24;254;158;3;1;4;Acura TL Sedan 2012;Acura;Sedan;06816.jpg
5;50;499;308;106;17;6;Ford F-450 Super Duty Crew Cab 2012;Ford;Truck;06817.jpg
17;40;245;153;136;22;4;Hyundai Accent Sedan 2012;Hyundai;Sedan;06818.jpg
139;101;678;410;192;46;2;Volkswagen Beetle Hatchback 2012;Volkswagen;Hatchback;06819.jpg
2;3;541;479;166;34;7;Mercedes-Benz Sprinter Van 2012;Mercedes-Benz;Van;06820.jpg
56;76;750;485;190;46;2;Volkswagen Golf Hatchback 2012;Volkswagen;Hatchback;06821.jpg
22;186;975;652;148;26;5;Jeep Grand Cherokee SUV 2012;Jeep;SUV;06822.jpg
74;56;577;276;31;4;0;BMW 6 Series Convertible 2007;BMW;Convertible;06823.jpg
21;52;638;340;110;17;5;Ford Edge SUV 2012;Ford;SUV;06824.jpg
117;226;1404;1055;114;17;6;Ford F-150 Regular Cab 2007;Ford;Truck;06825.jpg
70;77;479;241;22;3;1;Audi S5 Coupe 2012;Audi;Coupe;06826.jpg
32;17;427;250;142;23;5;Infiniti QX56 SUV 2011;Infiniti;SUV;06827.jpg
8;50;242;129;92;12;8;Dodge Magnum Wagon 2008;Dodge;Wagon;06828.jpg
28;36;570;285;35;4;4;BMW M5 Sedan 2010;BMW;Sedan;06829.jpg
15;155;486;323;20;3;4;Audi S6 Sedan 2011;Audi;Sedan;06830.jpg
114;48;570;450;166;34;7;Mercedes-Benz Sprinter Van 2012;Mercedes-Benz;Van;06831.jpg
1;239;1436;932;8;2;0;Aston Martin V8 Vantage Convertible 2012;Aston;Convertible;06832.jpg
3;23;132;98;1;0;5;AM General Hummer SUV 2000;AM;SUV;06833.jpg
75;47;327;246;67;9;4;Chevrolet Malibu Hybrid Sedan 2010;Chevrolet;Sedan;06834.jpg
63;76;551;321;182;43;4;Suzuki Kizashi Sedan 2012;Suzuki;Sedan;06835.jpg
10;122;432;243;103;15;0;Ferrari 458 Italia Convertible 2012;Ferrari;Convertible;06836.jpg
259;730;1381;1117;164;34;4;Mercedes-Benz E-Class Sedan 2012;Mercedes-Benz;Sedan;06837.jpg
66;22;984;617;164;34;4;Mercedes-Benz E-Class Sedan 2012;Mercedes-Benz;Sedan;06838.jpg
34;53;270;139;2;1;4;Acura RL Sedan 2012;Acura;Sedan;06839.jpg
55;116;639;377;161;34;0;Mercedes-Benz 300-Class Convertible 1993;Mercedes-Benz;Convertible;06840.jpg
13;46;291;165;177;40;4;Rolls-Royce Phantom Sedan 2012;Rolls-Royce;Sedan;06841.jpg
13;166;1005;638;135;22;4;Hyundai Elantra Sedan 2007;Hyundai;Sedan;06842.jpg
23;52;270;188;136;22;4;Hyundai Accent Sedan 2012;Hyundai;Sedan;06843.jpg
34;49;872;430;178;41;2;Scion xD Hatchback 2012;Scion;Hatchback;06844.jpg
90;40;628;365;14;3;1;Audi TTS Coupe 2012;Audi;Coupe;06845.jpg
80;82;831;572;138;22;4;Hyundai Sonata Sedan 2012;Hyundai;Sedan;06846.jpg
45;157;596;395;87;12;6;Dodge Ram Pickup 3500 Quad Cab 2009;Dodge;Truck;06847.jpg
2;24;255;138;74;9;6;Chevrolet Silverado 1500 Extended Cab 2012;Chevrolet;Truck;06848.jpg
14;41;463;322;48;7;5;Buick Rainier SUV 2007;Buick;SUV;06849.jpg
101;314;894;612;5;1;4;Acura TSX Sedan 2012;Acura;Sedan;06850.jpg
91;258;1079;825;145;26;5;Jeep Patriot SUV 2012;Jeep;SUV;06851.jpg
20;122;465;307;24;3;4;Audi S4 Sedan 2007;Audi;Sedan;06852.jpg
61;39;206;160;121;18;5;GMC Acadia SUV 2012;GMC;SUV;06853.jpg
31;60;253;145;158;31;0;Maybach Landaulet Convertible 2012;Maybach;Convertible;06854.jpg
45;89;988;612;145;26;5;Jeep Patriot SUV 2012;Jeep;SUV;06855.jpg
32;52;432;277;71;9;7;Chevrolet Express Van 2007;Chevrolet;Van;06856.jpg
17;27;207;98;14;3;1;Audi TTS Coupe 2012;Audi;Coupe;06857.jpg
184;185;571;314;180;42;1;Spyker C8 Coupe 2009;Spyker;Coupe;06858.jpg
40;98;595;377;12;3;0;Audi RS 4 Convertible 2008;Audi;Convertible;06859.jpg
20;46;291;170;40;5;4;Bentley Arnage Sedan 2009;Bentley;Sedan;06860.jpg
43;135;756;420;162;34;4;Mercedes-Benz C-Class Sedan 2012;Mercedes-Benz;Sedan;06861.jpg
28;85;577;309;62;9;5;Chevrolet Tahoe Hybrid SUV 2012;Chevrolet;SUV;06862.jpg
69;191;722;430;50;7;5;Buick Enclave SUV 2012;Buick;SUV;06863.jpg
128;194;519;407;75;9;6;Chevrolet Silverado 1500 Regular Cab 2012;Chevrolet;Truck;06864.jpg
40;48;287;191;148;26;5;Jeep Grand Cherokee SUV 2012;Jeep;SUV;06865.jpg
39;141;602;337;187;45;4;Toyota Camry Sedan 2012;Toyota;Sedan;06866.jpg
13;93;880;511;185;44;4;Tesla Model S Sedan 2012;Tesla;Sedan;06867.jpg
44;158;568;371;84;12;8;Dodge Caliber Wagon 2007;Dodge;Wagon;06868.jpg
17;17;236;170;15;3;1;Audi R8 Coupe 2012;Audi;Coupe;06869.jpg
104;165;416;381;196;48;0;smart fortwo Convertible 2012;smart;Convertible;06870.jpg
34;28;171;104;18;3;8;Audi 100 Wagon 1994;Audi;Wagon;06871.jpg
20;38;615;394;178;41;2;Scion xD Hatchback 2012;Scion;Hatchback;06872.jpg
1;3;224;95;18;3;8;Audi 100 Wagon 1994;Audi;Wagon;06873.jpg
26;11;269;221;155;28;5;Land Rover LR2 SUV 2012;Land Rover;SUV;06874.jpg
10;22;488;280;125;20;6;HUMMER H2 SUT Crew Cab 2009;HUMMER;Truck;06875.jpg
8;36;455;318;71;9;7;Chevrolet Express Van 2007;Chevrolet;Van;06876.jpg
27;33;608;381;139;22;2;Hyundai Elantra Touring Hatchback 2012;Hyundai;Hatchback;06877.jpg
39;222;1021;587;114;17;6;Ford F-150 Regular Cab 2007;Ford;Truck;06878.jpg
66;80;426;192;29;4;4;BMW 3 Series Sedan 2012;BMW;Sedan;06879.jpg
11;8;575;314;72;9;1;Chevrolet Monte Carlo Coupe 2007;Chevrolet;Coupe;06880.jpg
28;75;618;290;84;12;8;Dodge Caliber Wagon 2007;Dodge;Wagon;06881.jpg
95;105;917;592;79;10;4;Chrysler 300 SRT-8 2010;Chrysler;Sedan;06882.jpg
109;142;530;323;59;9;0;Chevrolet Camaro Convertible 2012;Chevrolet;Convertible;06883.jpg
79;139;447;317;155;28;5;Land Rover LR2 SUV 2012;Land Rover;SUV;06884.jpg
62;318;1455;803;30;4;8;BMW 3 Series Wagon 2012;BMW;Wagon;06885.jpg
9;1;799;501;57;9;1;Chevrolet Corvette Ron Fellows Edition Z06 2007;Chevrolet;Coupe;06886.jpg
6;529;737;945;101;15;1;Ferrari FF Coupe 2012;Ferrari;Coupe;06887.jpg
103;414;1643;1086;86;12;6;Dodge Ram Pickup 3500 Crew Cab 2010;Dodge;Truck;06888.jpg
44;126;613;429;182;43;4;Suzuki Kizashi Sedan 2012;Suzuki;Sedan;06889.jpg
196;43;1372;1156;108;17;3;Ford Freestar Minivan 2007;Ford;Minivan;06890.jpg
31;10;718;323;29;4;4;BMW 3 Series Sedan 2012;BMW;Sedan;06891.jpg
6;17;297;179;31;4;0;BMW 6 Series Convertible 2007;BMW;Convertible;06892.jpg
29;179;623;438;115;17;4;Ford Focus Sedan 2007;Ford;Sedan;06893.jpg
24;46;607;242;27;4;0;BMW 1 Series Convertible 2012;BMW;Convertible;06894.jpg
147;737;1950;1430;154;28;5;Land Rover Range Rover SUV 2012;Land Rover;SUV;06895.jpg
4;61;423;276;9;2;1;Aston Martin V8 Vantage Coupe 2012;Aston;Coupe;06896.jpg
11;22;394;178;162;34;4;Mercedes-Benz C-Class Sedan 2012;Mercedes-Benz;Sedan;06897.jpg
29;93;485;334;66;9;4;Chevrolet Cobalt SS 2010;Chevrolet;Sedan;06898.jpg
135;135;865;613;148;26;5;Jeep Grand Cherokee SUV 2012;Jeep;SUV;06899.jpg
105;169;733;477;144;25;1;Jaguar XK XKR 2012;Jaguar;Coupe;06900.jpg
55;16;499;280;82;11;8;Daewoo Nubira Wagon 2002;Daewoo;Wagon;06901.jpg
283;346;1357;877;55;9;0;Chevrolet Corvette Convertible 2012;Chevrolet;Convertible;06902.jpg
95;120;581;336;97;12;4;Dodge Charger SRT-8 2009;Dodge;Sedan;06903.jpg
26;36;302;221;12;3;0;Audi RS 4 Convertible 2008;Audi;Convertible;06904.jpg
6;19;285;174;114;17;6;Ford F-150 Regular Cab 2007;Ford;Truck;06905.jpg
37;229;563;429;10;2;0;Aston Martin Virage Convertible 2012;Aston;Convertible;06906.jpg
105;68;393;269;32;4;5;BMW X5 SUV 2007;BMW;SUV;06907.jpg
37;32;337;240;146;26;5;Jeep Wrangler SUV 2012;Jeep;SUV;06908.jpg
45;75;591;421;147;26;5;Jeep Liberty SUV 2012;Jeep;SUV;06909.jpg
213;138;588;390;101;15;1;Ferrari FF Coupe 2012;Ferrari;Coupe;06910.jpg
70;45;436;271;177;40;4;Rolls-Royce Phantom Sedan 2012;Rolls-Royce;Sedan;06911.jpg
25;44;626;420;115;17;4;Ford Focus Sedan 2007;Ford;Sedan;06912.jpg
39;114;603;377;91;12;6;Dodge Dakota Club Cab 2007;Dodge;Truck;06913.jpg
100;145;590;308;20;3;4;Audi S6 Sedan 2011;Audi;Sedan;06914.jpg
44;42;581;280;42;5;1;Bentley Continental GT Coupe 2012;Bentley;Coupe;06915.jpg
54;95;603;376;25;3;1;Audi TT RS Coupe 2012;Audi;Coupe;06916.jpg
12;62;310;181;60;9;8;Chevrolet HHR SS 2010;Chevrolet;Wagon;06917.jpg
104;227;1168;706;139;22;2;Hyundai Elantra Touring Hatchback 2012;Hyundai;Hatchback;06918.jpg
26;102;633;389;30;4;8;BMW 3 Series Wagon 2012;BMW;Wagon;06919.jpg
7;164;636;342;156;29;4;Lincoln Town Car Sedan 2011;Lincoln;Sedan;06920.jpg
12;58;248;150;9;2;1;Aston Martin V8 Vantage Coupe 2012;Aston;Coupe;06921.jpg
57;29;690;409;133;22;5;Hyundai Veracruz SUV 2012;Hyundai;SUV;06922.jpg
16;72;452;216;55;9;0;Chevrolet Corvette Convertible 2012;Chevrolet;Convertible;06923.jpg
44;34;225;159;48;7;5;Buick Rainier SUV 2007;Buick;SUV;06924.jpg
25;34;588;254;60;9;8;Chevrolet HHR SS 2010;Chevrolet;Wagon;06925.jpg
120;80;673;445;150;27;1;Lamborghini Reventon Coupe 2008;Lamborghini;Coupe;06926.jpg
44;178;564;402;178;41;2;Scion xD Hatchback 2012;Scion;Hatchback;06927.jpg
29;23;463;333;138;22;4;Hyundai Sonata Sedan 2012;Hyundai;Sedan;06928.jpg
7;31;294;214;110;17;5;Ford Edge SUV 2012;Ford;SUV;06929.jpg
63;80;557;421;142;23;5;Infiniti QX56 SUV 2011;Infiniti;SUV;06930.jpg
46;120;675;343;87;12;6;Dodge Ram Pickup 3500 Quad Cab 2009;Dodge;Truck;06931.jpg
20;55;285;177;127;21;3;Honda Odyssey Minivan 2007;Honda;Minivan;06932.jpg
47;39;751;337;145;26;5;Jeep Patriot SUV 2012;Jeep;SUV;06933.jpg
42;79;371;273;30;4;8;BMW 3 Series Wagon 2012;BMW;Wagon;06934.jpg
21;107;484;273;193;47;2;Volvo C30 Hatchback 2012;Volvo;Hatchback;06935.jpg
19;61;222;139;141;23;1;Infiniti G Coupe IPL 2012;Infiniti;Coupe;06936.jpg
14;180;1017;708;91;12;6;Dodge Dakota Club Cab 2007;Dodge;Truck;06937.jpg
23;108;613;355;79;10;4;Chrysler 300 SRT-8 2010;Chrysler;Sedan;06938.jpg
54;74;588;394;125;20;6;HUMMER H2 SUT Crew Cab 2009;HUMMER;Truck;06939.jpg
31;74;689;411;76;10;5;Chrysler Aspen SUV 2009;Chrysler;SUV;06940.jpg
7;406;1492;1024;55;9;0;Chevrolet Corvette Convertible 2012;Chevrolet;Convertible;06941.jpg
216;214;816;447;134;22;4;Hyundai Sonata Hybrid Sedan 2012;Hyundai;Sedan;06942.jpg
1;37;260;161;123;19;0;Geo Metro Convertible 1993;Geo;Convertible;06943.jpg
22;82;988;533;79;10;4;Chrysler 300 SRT-8 2010;Chrysler;Sedan;06944.jpg
102;191;973;559;30;4;8;BMW 3 Series Wagon 2012;BMW;Wagon;06945.jpg
17;48;234;154;70;9;6;Chevrolet Silverado 1500 Classic Extended Cab 2007;Chevrolet;Truck;06946.jpg
14;61;938;406;17;3;4;Audi 100 Sedan 1994;Audi;Sedan;06947.jpg
78;13;556;419;94;12;5;Dodge Durango SUV 2012;Dodge;SUV;06948.jpg
192;135;647;437;26;4;4;BMW ActiveHybrid 5 Sedan 2012;BMW;Sedan;06949.jpg
59;291;963;640;167;35;4;Mitsubishi Lancer Sedan 2012;Mitsubishi;Sedan;06950.jpg
183;113;506;367;133;22;5;Hyundai Veracruz SUV 2012;Hyundai;SUV;06951.jpg
7;10;206;115;41;5;4;Bentley Mulsanne Sedan 2011;Bentley;Sedan;06952.jpg
268;440;953;820;39;5;0;Bentley Continental Supersports Conv. Convertible 2012;Bentley;Convertible;06953.jpg
96;33;687;264;20;3;4;Audi S6 Sedan 2011;Audi;Sedan;06954.jpg
47;91;491;286;142;23;5;Infiniti QX56 SUV 2011;Infiniti;SUV;06955.jpg
42;64;267;195;23;3;4;Audi S4 Sedan 2012;Audi;Sedan;06956.jpg
44;57;506;390;137;22;4;Hyundai Genesis Sedan 2012;Hyundai;Sedan;06957.jpg
50;137;583;395;179;42;0;Spyker C8 Convertible 2009;Spyker;Convertible;06958.jpg
13;136;626;380;80;10;0;Chrysler Crossfire Convertible 2008;Chrysler;Convertible;06959.jpg
45;142;591;337;194;47;4;Volvo 240 Sedan 1993;Volvo;Sedan;06960.jpg
185;40;1648;1065;147;26;5;Jeep Liberty SUV 2012;Jeep;SUV;06961.jpg
4;73;480;238;92;12;8;Dodge Magnum Wagon 2008;Dodge;Wagon;06962.jpg
69;99;582;368;109;17;5;Ford Expedition EL SUV 2009;Ford;SUV;06963.jpg
7;56;286;174;108;17;3;Ford Freestar Minivan 2007;Ford;Minivan;06964.jpg
30;106;599;340;184;43;4;Suzuki SX4 Sedan 2012;Suzuki;Sedan;06965.jpg
66;49;959;706;85;12;3;Dodge Caravan Minivan 1997;Dodge;Minivan;06966.jpg
10;102;451;360;113;17;6;Ford F-150 Regular Cab 2012;Ford;Truck;06967.jpg
57;69;467;328;131;22;5;Hyundai Santa Fe SUV 2012;Hyundai;SUV;06968.jpg
99;147;712;516;21;3;0;Audi S5 Convertible 2012;Audi;Convertible;06969.jpg
95;22;499;216;96;12;4;Dodge Charger Sedan 2012;Dodge;Sedan;06970.jpg
65;83;420;305;71;9;7;Chevrolet Express Van 2007;Chevrolet;Van;06971.jpg
7;103;456;280;52;8;5;Cadillac SRX SUV 2012;Cadillac;SUV;06972.jpg
167;196;1274;824;138;22;4;Hyundai Sonata Sedan 2012;Hyundai;Sedan;06973.jpg
52;46;487;247;3;1;4;Acura TL Sedan 2012;Acura;Sedan;06974.jpg
95;87;961;702;154;28;5;Land Rover Range Rover SUV 2012;Land Rover;SUV;06975.jpg
5;6;397;185;82;11;8;Daewoo Nubira Wagon 2002;Daewoo;Wagon;06976.jpg
83;131;536;368;149;26;5;Jeep Compass SUV 2012;Jeep;SUV;06977.jpg
41;105;973;606;87;12;6;Dodge Ram Pickup 3500 Quad Cab 2009;Dodge;Truck;06978.jpg
92;190;481;357;101;15;1;Ferrari FF Coupe 2012;Ferrari;Coupe;06979.jpg
91;197;949;606;167;35;4;Mitsubishi Lancer Sedan 2012;Mitsubishi;Sedan;06980.jpg
67;27;181;81;174;39;3;Ram C/V Cargo Van Minivan 2012;Ram;Minivan;06981.jpg
88;122;1200;772;142;23;5;Infiniti QX56 SUV 2011;Infiniti;SUV;06982.jpg
82;270;1113;740;173;38;4;Porsche Panamera Sedan 2012;Porsche;Sedan;06983.jpg
33;97;413;245;15;3;1;Audi R8 Coupe 2012;Audi;Coupe;06984.jpg
54;515;1220;884;80;10;0;Chrysler Crossfire Convertible 2008;Chrysler;Convertible;06985.jpg
74;71;610;399;100;14;0;FIAT 500 Convertible 2012;FIAT;Convertible;06986.jpg
19;88;390;228;135;22;4;Hyundai Elantra Sedan 2007;Hyundai;Sedan;06987.jpg
18;41;263;132;174;39;3;Ram C/V Cargo Van Minivan 2012;Ram;Minivan;06988.jpg
11;48;1008;491;170;36;2;Nissan Juke Hatchback 2012;Nissan;Hatchback;06989.jpg
128;179;665;534;149;26;5;Jeep Compass SUV 2012;Jeep;SUV;06990.jpg
53;274;894;641;13;3;1;Audi A5 Coupe 2012;Audi;Coupe;06991.jpg
39;47;177;118;136;22;4;Hyundai Accent Sedan 2012;Hyundai;Sedan;06992.jpg
58;210;899;685;89;12;5;Dodge Journey SUV 2012;Dodge;SUV;06993.jpg
11;16;324;203;44;5;4;Bentley Continental Flying Spur Sedan 2007;Bentley;Sedan;06994.jpg
187;205;545;369;103;15;0;Ferrari 458 Italia Convertible 2012;Ferrari;Convertible;06995.jpg
12;37;255;176;92;12;8;Dodge Magnum Wagon 2008;Dodge;Wagon;06996.jpg
187;113;604;443;37;4;5;BMW X3 SUV 2012;BMW;SUV;06997.jpg
54;26;603;455;175;40;0;Rolls-Royce Phantom Drophead Coupe Convertible 2012;Rolls-Royce;Convertible;06998.jpg
3;78;450;257;80;10;0;Chrysler Crossfire Convertible 2008;Chrysler;Convertible;06999.jpg
22;21;252;174;177;40;4;Rolls-Royce Phantom Sedan 2012;Rolls-Royce;Sedan;07000.jpg
22;38;480;274;118;18;5;GMC Terrain SUV 2012;GMC;SUV;07001.jpg
6;28;297;157;18;3;8;Audi 100 Wagon 1994;Audi;Wagon;07002.jpg
213;18;617;280;186;45;5;Toyota Sequoia SUV 2012;Toyota;SUV;07003.jpg
41;130;475;361;155;28;5;Land Rover LR2 SUV 2012;Land Rover;SUV;07004.jpg
3;108;1333;887;11;2;1;Aston Martin Virage Coupe 2012;Aston;Coupe;07005.jpg
66;49;551;397;188;45;4;Toyota Corolla Sedan 2012;Toyota;Sedan;07006.jpg
110;69;647;416;130;22;2;Hyundai Veloster Hatchback 2012;Hyundai;Hatchback;07007.jpg
75;85;1178;780;12;3;0;Audi RS 4 Convertible 2008;Audi;Convertible;07008.jpg
6;19;399;280;155;28;5;Land Rover LR2 SUV 2012;Land Rover;SUV;07009.jpg
118;112;485;351;120;18;5;GMC Yukon Hybrid SUV 2012;GMC;SUV;07010.jpg
46;107;493;270;143;24;5;Isuzu Ascender SUV 2008;Isuzu;SUV;07011.jpg
36;52;553;320;96;12;4;Dodge Charger Sedan 2012;Dodge;Sedan;07012.jpg
168;288;1125;704;167;35;4;Mitsubishi Lancer Sedan 2012;Mitsubishi;Sedan;07013.jpg
38;32;243;167;118;18;5;GMC Terrain SUV 2012;GMC;SUV;07014.jpg
37;50;609;402;133;22;5;Hyundai Veracruz SUV 2012;Hyundai;SUV;07015.jpg
34;61;501;361;141;23;1;Infiniti G Coupe IPL 2012;Infiniti;Coupe;07016.jpg
12;52;391;231;51;8;4;Cadillac CTS-V Sedan 2012;Cadillac;Sedan;07017.jpg
295;292;1234;892;173;38;4;Porsche Panamera Sedan 2012;Porsche;Sedan;07018.jpg
17;87;615;397;69;9;6;Chevrolet Silverado 2500HD Regular Cab 2012;Chevrolet;Truck;07019.jpg
346;293;1027;764;89;12;5;Dodge Journey SUV 2012;Dodge;SUV;07020.jpg
21;48;579;480;95;12;5;Dodge Durango SUV 2007;Dodge;SUV;07021.jpg
11;64;891;512;28;4;1;BMW 1 Series Coupe 2012;BMW;Coupe;07022.jpg
1;35;180;156;116;17;7;Ford E-Series Wagon Van 2012;Ford;Van;07023.jpg
55;16;767;500;160;33;1;McLaren MP4-12C Coupe 2012;McLaren;Coupe;07024.jpg
52;25;751;507;1;0;5;AM General Hummer SUV 2000;AM;SUV;07025.jpg
158;67;1147;759;196;48;0;smart fortwo Convertible 2012;smart;Convertible;07026.jpg
17;42;258;145;38;4;0;BMW Z4 Convertible 2012;BMW;Convertible;07027.jpg
17;89;557;310;18;3;8;Audi 100 Wagon 1994;Audi;Wagon;07028.jpg
1;1;300;95;51;8;4;Cadillac CTS-V Sedan 2012;Cadillac;Sedan;07029.jpg
102;291;975;872;97;12;4;Dodge Charger SRT-8 2009;Dodge;Sedan;07030.jpg
159;432;1462;896;28;4;1;BMW 1 Series Coupe 2012;BMW;Coupe;07031.jpg
45;48;457;314;110;17;5;Ford Edge SUV 2012;Ford;SUV;07032.jpg
30;31;440;190;139;22;2;Hyundai Elantra Touring Hatchback 2012;Hyundai;Hatchback;07033.jpg
53;31;460;330;34;4;1;BMW M3 Coupe 2012;BMW;Coupe;07034.jpg
22;89;921;629;75;9;6;Chevrolet Silverado 1500 Regular Cab 2012;Chevrolet;Truck;07035.jpg
7;94;397;223;72;9;1;Chevrolet Monte Carlo Coupe 2007;Chevrolet;Coupe;07036.jpg
43;97;591;397;181;43;4;Suzuki Aerio Sedan 2007;Suzuki;Sedan;07037.jpg
277;171;578;369;147;26;5;Jeep Liberty SUV 2012;Jeep;SUV;07038.jpg
29;141;749;397;22;3;1;Audi S5 Coupe 2012;Audi;Coupe;07039.jpg
129;99;427;249;31;4;0;BMW 6 Series Convertible 2007;BMW;Convertible;07040.jpg
152;139;432;309;117;17;4;Ford Fiesta Sedan 2012;Ford;Sedan;07041.jpg
11;78;250;159;175;40;0;Rolls-Royce Phantom Drophead Coupe Convertible 2012;Rolls-Royce;Convertible;07042.jpg
3;227;637;452;102;15;0;Ferrari California Convertible 2012;Ferrari;Convertible;07043.jpg
57;41;242;151;90;12;6;Dodge Dakota Crew Cab 2010;Dodge;Truck;07044.jpg
32;49;445;302;30;4;8;BMW 3 Series Wagon 2012;BMW;Wagon;07045.jpg
77;129;475;316;80;10;0;Chrysler Crossfire Convertible 2008;Chrysler;Convertible;07046.jpg
14;18;284;223;71;9;7;Chevrolet Express Van 2007;Chevrolet;Van;07047.jpg
301;239;1239;607;11;2;1;Aston Martin Virage Coupe 2012;Aston;Coupe;07048.jpg
10;49;576;403;191;46;2;Volkswagen Golf Hatchback 1991;Volkswagen;Hatchback;07049.jpg
29;444;1253;928;4;1;4;Acura TL Type-S 2008;Acura;Sedan;07050.jpg
69;30;832;582;35;4;4;BMW M5 Sedan 2010;BMW;Sedan;07051.jpg
50;55;432;261;59;9;0;Chevrolet Camaro Convertible 2012;Chevrolet;Convertible;07052.jpg
49;34;190;109;16;3;4;Audi V8 Sedan 1994;Audi;Sedan;07053.jpg
313;460;1399;1150;115;17;4;Ford Focus Sedan 2007;Ford;Sedan;07054.jpg
59;62;1435;916;166;34;7;Mercedes-Benz Sprinter Van 2012;Mercedes-Benz;Van;07055.jpg
34;134;883;546;35;4;4;BMW M5 Sedan 2010;BMW;Sedan;07056.jpg
66;339;1756;1429;94;12;5;Dodge Durango SUV 2012;Dodge;SUV;07057.jpg
202;181;1513;1120;48;7;5;Buick Rainier SUV 2007;Buick;SUV;07058.jpg
3;80;638;410;19;3;2;Audi TT Hatchback 2011;Audi;Hatchback;07059.jpg
207;201;533;374;105;16;4;Fisker Karma Sedan 2012;Fisker;Sedan;07060.jpg
55;53;567;269;7;1;2;Acura ZDX Hatchback 2012;Acura;Hatchback;07061.jpg
6;74;471;320;118;18;5;GMC Terrain SUV 2012;GMC;SUV;07062.jpg
42;60;265;153;141;23;1;Infiniti G Coupe IPL 2012;Infiniti;Coupe;07063.jpg
30;24;232;164;86;12;6;Dodge Ram Pickup 3500 Crew Cab 2010;Dodge;Truck;07064.jpg
202;121;561;384;116;17;7;Ford E-Series Wagon Van 2012;Ford;Van;07065.jpg
27;207;597;392;194;47;4;Volvo 240 Sedan 1993;Volvo;Sedan;07066.jpg
284;291;1247;732;194;47;4;Volvo 240 Sedan 1993;Volvo;Sedan;07067.jpg
62;288;1215;686;57;9;1;Chevrolet Corvette Ron Fellows Edition Z06 2007;Chevrolet;Coupe;07068.jpg
17;15;200;126;123;19;0;Geo Metro Convertible 1993;Geo;Convertible;07069.jpg
107;71;293;216;78;10;3;Chrysler Town and Country Minivan 2012;Chrysler;Minivan;07070.jpg
65;101;583;357;123;19;0;Geo Metro Convertible 1993;Geo;Convertible;07071.jpg
18;77;600;393;127;21;3;Honda Odyssey Minivan 2007;Honda;Minivan;07072.jpg
55;102;930;676;192;46;2;Volkswagen Beetle Hatchback 2012;Volkswagen;Hatchback;07073.jpg
33;33;605;376;78;10;3;Chrysler Town and Country Minivan 2012;Chrysler;Minivan;07074.jpg
15;28;466;313;54;9;6;Chevrolet Silverado 1500 Hybrid Crew Cab 2012;Chevrolet;Truck;07075.jpg
2;34;128;81;17;3;4;Audi 100 Sedan 1994;Audi;Sedan;07076.jpg
29;92;640;386;63;9;4;Chevrolet Sonic Sedan 2012;Chevrolet;Sedan;07077.jpg
9;214;971;631;140;22;4;Hyundai Azera Sedan 2012;Hyundai;Sedan;07078.jpg
20;102;620;407;108;17;3;Ford Freestar Minivan 2007;Ford;Minivan;07079.jpg
491;252;904;437;152;27;1;Lamborghini Gallardo LP 570-4 Superleggera 2012;Lamborghini;Coupe;07080.jpg
134;89;787;590;34;4;1;BMW M3 Coupe 2012;BMW;Coupe;07081.jpg
21;103;459;249;45;6;0;Bugatti Veyron 16.4 Convertible 2009;Bugatti;Convertible;07082.jpg
31;22;239;193;106;17;6;Ford F-450 Super Duty Crew Cab 2012;Ford;Truck;07083.jpg
17;35;458;256;51;8;4;Cadillac CTS-V Sedan 2012;Cadillac;Sedan;07084.jpg
9;21;473;293;68;9;0;Chevrolet TrailBlazer SS 2009;Chevrolet;Convertible;07085.jpg
6;31;247;175;51;8;4;Cadillac CTS-V Sedan 2012;Cadillac;Sedan;07086.jpg
54;128;564;420;86;12;6;Dodge Ram Pickup 3500 Crew Cab 2010;Dodge;Truck;07087.jpg
41;133;1007;748;147;26;5;Jeep Liberty SUV 2012;Jeep;SUV;07088.jpg
76;117;443;336;59;9;0;Chevrolet Camaro Convertible 2012;Chevrolet;Convertible;07089.jpg
8;53;462;252;15;3;1;Audi R8 Coupe 2012;Audi;Coupe;07090.jpg
75;82;328;204;98;13;2;Eagle Talon Hatchback 1998;Eagle;Hatchback;07091.jpg
16;13;600;408;191;46;2;Volkswagen Golf Hatchback 1991;Volkswagen;Hatchback;07092.jpg
19;11;626;445;139;22;2;Hyundai Elantra Touring Hatchback 2012;Hyundai;Hatchback;07093.jpg
6;22;259;165;156;29;4;Lincoln Town Car Sedan 2011;Lincoln;Sedan;07094.jpg
146;264;860;654;107;17;0;Ford Mustang Convertible 2007;Ford;Convertible;07095.jpg
47;60;530;344;163;34;1;Mercedes-Benz SL-Class Coupe 2009;Mercedes-Benz;Coupe;07096.jpg
12;30;613;438;71;9;7;Chevrolet Express Van 2007;Chevrolet;Van;07097.jpg
17;67;632;416;107;17;0;Ford Mustang Convertible 2007;Ford;Convertible;07098.jpg
125;24;882;621;107;17;0;Ford Mustang Convertible 2007;Ford;Convertible;07099.jpg
33;170;587;374;157;30;0;MINI Cooper Roadster Convertible 2012;MINI Cooper;Convertible;07100.jpg
34;100;454;250;86;12;6;Dodge Ram Pickup 3500 Crew Cab 2010;Dodge;Truck;07101.jpg
22;111;559;383;185;44;4;Tesla Model S Sedan 2012;Tesla;Sedan;07102.jpg
11;99;427;229;15;3;1;Audi R8 Coupe 2012;Audi;Coupe;07103.jpg
41;79;593;355;78;10;3;Chrysler Town and Country Minivan 2012;Chrysler;Minivan;07104.jpg
54;60;212;169;97;12;4;Dodge Charger SRT-8 2009;Dodge;Sedan;07105.jpg
59;85;572;411;159;32;5;Mazda Tribute SUV 2011;Mazda;SUV;07106.jpg
91;246;1499;947;97;12;4;Dodge Charger SRT-8 2009;Dodge;Sedan;07107.jpg
42;110;456;292;45;6;0;Bugatti Veyron 16.4 Convertible 2009;Bugatti;Convertible;07108.jpg
31;93;774;531;40;5;4;Bentley Arnage Sedan 2009;Bentley;Sedan;07109.jpg
39;59;532;261;60;9;8;Chevrolet HHR SS 2010;Chevrolet;Wagon;07110.jpg
5;88;500;257;126;21;3;Honda Odyssey Minivan 2012;Honda;Minivan;07111.jpg
50;145;599;354;50;7;5;Buick Enclave SUV 2012;Buick;SUV;07112.jpg
59;57;625;457;168;36;2;Nissan Leaf Hatchback 2012;Nissan;Hatchback;07113.jpg
353;314;955;568;144;25;1;Jaguar XK XKR 2012;Jaguar;Coupe;07114.jpg
53;60;224;152;22;3;1;Audi S5 Coupe 2012;Audi;Coupe;07115.jpg
81;189;769;427;57;9;1;Chevrolet Corvette Ron Fellows Edition Z06 2007;Chevrolet;Coupe;07116.jpg
15;93;417;288;117;17;4;Ford Fiesta Sedan 2012;Ford;Sedan;07117.jpg
25;54;596;295;11;2;1;Aston Martin Virage Coupe 2012;Aston;Coupe;07118.jpg
39;149;600;445;33;4;5;BMW X6 SUV 2012;BMW;SUV;07119.jpg
31;244;1447;946;81;10;0;Chrysler PT Cruiser Convertible 2008;Chrysler;Convertible;07120.jpg
28;34;297;182;3;1;4;Acura TL Sedan 2012;Acura;Sedan;07121.jpg
9;220;1262;740;60;9;8;Chevrolet HHR SS 2010;Chevrolet;Wagon;07122.jpg
95;39;322;230;78;10;3;Chrysler Town and Country Minivan 2012;Chrysler;Minivan;07123.jpg
7;108;496;262;158;31;0;Maybach Landaulet Convertible 2012;Maybach;Convertible;07124.jpg
109;196;1483;1087;166;34;7;Mercedes-Benz Sprinter Van 2012;Mercedes-Benz;Van;07125.jpg
42;95;404;301;52;8;5;Cadillac SRX SUV 2012;Cadillac;SUV;07126.jpg
36;38;466;201;159;32;5;Mazda Tribute SUV 2011;Mazda;SUV;07127.jpg
71;115;597;309;104;15;1;Ferrari 458 Italia Coupe 2012;Ferrari;Coupe;07128.jpg
24;83;253;176;155;28;5;Land Rover LR2 SUV 2012;Land Rover;SUV;07129.jpg
19;41;375;241;16;3;4;Audi V8 Sedan 1994;Audi;Sedan;07130.jpg
38;14;225;160;33;4;5;BMW X6 SUV 2012;BMW;SUV;07131.jpg
653;379;1373;833;46;6;1;Bugatti Veyron 16.4 Coupe 2009;Bugatti;Coupe;07132.jpg
39;168;590;346;173;38;4;Porsche Panamera Sedan 2012;Porsche;Sedan;07133.jpg
42;111;603;367;32;4;5;BMW X5 SUV 2007;BMW;SUV;07134.jpg
22;38;297;185;158;31;0;Maybach Landaulet Convertible 2012;Maybach;Convertible;07135.jpg
18;68;579;342;184;43;4;Suzuki SX4 Sedan 2012;Suzuki;Sedan;07136.jpg
32;40;247;172;118;18;5;GMC Terrain SUV 2012;GMC;SUV;07137.jpg
1;50;299;173;68;9;0;Chevrolet TrailBlazer SS 2009;Chevrolet;Convertible;07138.jpg
1;20;625;384;64;9;7;Chevrolet Express Cargo Van 2007;Chevrolet;Van;07139.jpg
257;445;1145;808;162;34;4;Mercedes-Benz C-Class Sedan 2012;Mercedes-Benz;Sedan;07140.jpg
4;50;800;404;160;33;1;McLaren MP4-12C Coupe 2012;McLaren;Coupe;07141.jpg
32;84;569;364;19;3;2;Audi TT Hatchback 2011;Audi;Hatchback;07142.jpg
12;78;741;424;114;17;6;Ford F-150 Regular Cab 2007;Ford;Truck;07143.jpg
28;8;498;342;27;4;0;BMW 1 Series Convertible 2012;BMW;Convertible;07144.jpg
30;102;607;446;149;26;5;Jeep Compass SUV 2012;Jeep;SUV;07145.jpg
39;47;238;155;29;4;4;BMW 3 Series Sedan 2012;BMW;Sedan;07146.jpg
55;160;963;663;192;46;2;Volkswagen Beetle Hatchback 2012;Volkswagen;Hatchback;07147.jpg
8;50;475;329;111;17;6;Ford Ranger SuperCab 2011;Ford;Truck;07148.jpg
31;21;588;423;178;41;2;Scion xD Hatchback 2012;Scion;Hatchback;07149.jpg
25;77;431;300;62;9;5;Chevrolet Tahoe Hybrid SUV 2012;Chevrolet;SUV;07150.jpg
36;60;539;266;176;40;4;Rolls-Royce Ghost Sedan 2012;Rolls-Royce;Sedan;07151.jpg
39;160;1019;671;64;9;7;Chevrolet Express Cargo Van 2007;Chevrolet;Van;07152.jpg
25;117;414;251;119;18;7;GMC Savana Van 2012;GMC;Van;07153.jpg
167;54;1066;720;40;5;4;Bentley Arnage Sedan 2009;Bentley;Sedan;07154.jpg
29;88;1457;681;28;4;1;BMW 1 Series Coupe 2012;BMW;Coupe;07155.jpg
38;30;197;163;108;17;3;Ford Freestar Minivan 2007;Ford;Minivan;07156.jpg
45;131;276;259;42;5;1;Bentley Continental GT Coupe 2012;Bentley;Coupe;07157.jpg
68;52;661;349;111;17;6;Ford Ranger SuperCab 2011;Ford;Truck;07158.jpg
168;376;1929;1098;110;17;5;Ford Edge SUV 2012;Ford;SUV;07159.jpg
55;62;607;402;169;36;7;Nissan NV Passenger Van 2012;Nissan;Van;07160.jpg
38;194;1175;953;66;9;4;Chevrolet Cobalt SS 2010;Chevrolet;Sedan;07161.jpg
5;8;199;109;108;17;3;Ford Freestar Minivan 2007;Ford;Minivan;07162.jpg
134;62;910;652;104;15;1;Ferrari 458 Italia Coupe 2012;Ferrari;Coupe;07163.jpg
45;64;940;671;154;28;5;Land Rover Range Rover SUV 2012;Land Rover;SUV;07164.jpg
14;63;419;297;60;9;8;Chevrolet HHR SS 2010;Chevrolet;Wagon;07165.jpg
39;79;561;410;73;9;4;Chevrolet Malibu Sedan 2007;Chevrolet;Sedan;07166.jpg
468;144;789;352;58;9;5;Chevrolet Traverse SUV 2012;Chevrolet;SUV;07167.jpg
166;247;1480;982;42;5;1;Bentley Continental GT Coupe 2012;Bentley;Coupe;07168.jpg
49;113;463;280;7;1;2;Acura ZDX Hatchback 2012;Acura;Hatchback;07169.jpg
8;37;639;474;85;12;3;Dodge Caravan Minivan 1997;Dodge;Minivan;07170.jpg
282;154;592;336;6;1;4;Acura Integra Type R 2001;Acura;Sedan;07171.jpg
317;71;1242;937;182;43;4;Suzuki Kizashi Sedan 2012;Suzuki;Sedan;07172.jpg
55;214;714;447;29;4;4;BMW 3 Series Sedan 2012;BMW;Sedan;07173.jpg
63;66;566;299;6;1;4;Acura Integra Type R 2001;Acura;Sedan;07174.jpg
283;298;1405;979;3;1;4;Acura TL Sedan 2012;Acura;Sedan;07175.jpg
65;149;766;454;165;34;4;Mercedes-Benz S-Class Sedan 2012;Mercedes-Benz;Sedan;07176.jpg
90;95;1153;691;193;47;2;Volvo C30 Hatchback 2012;Volvo;Hatchback;07177.jpg
102;210;601;419;127;21;3;Honda Odyssey Minivan 2007;Honda;Minivan;07178.jpg
71;87;591;380;133;22;5;Hyundai Veracruz SUV 2012;Hyundai;SUV;07179.jpg
78;126;965;721;167;35;4;Mitsubishi Lancer Sedan 2012;Mitsubishi;Sedan;07180.jpg
9;68;298;227;136;22;4;Hyundai Accent Sedan 2012;Hyundai;Sedan;07181.jpg
17;52;284;156;92;12;8;Dodge Magnum Wagon 2008;Dodge;Wagon;07182.jpg
14;25;467;283;122;18;6;GMC Canyon Extended Cab 2012;GMC;Truck;07183.jpg
3;65;233;171;189;45;5;Toyota 4Runner SUV 2012;Toyota;SUV;07184.jpg
156;143;699;386;151;27;1;Lamborghini Aventador Coupe 2012;Lamborghini;Coupe;07185.jpg
141;243;913;498;66;9;4;Chevrolet Cobalt SS 2010;Chevrolet;Sedan;07186.jpg
151;157;865;688;34;4;1;BMW M3 Coupe 2012;BMW;Coupe;07187.jpg
24;125;384;259;135;22;4;Hyundai Elantra Sedan 2007;Hyundai;Sedan;07188.jpg
110;185;832;608;80;10;0;Chrysler Crossfire Convertible 2008;Chrysler;Convertible;07190.jpg
72;125;595;360;65;9;6;Chevrolet Avalanche Crew Cab 2012;Chevrolet;Truck;07192.jpg
542;749;3860;2657;36;4;0;BMW M6 Convertible 2010;BMW;Convertible;07193.jpg
46;126;208;184;54;9;6;Chevrolet Silverado 1500 Hybrid Crew Cab 2012;Chevrolet;Truck;07194.jpg
5;2;216;74;18;3;8;Audi 100 Wagon 1994;Audi;Wagon;07195.jpg
29;203;637;450;51;8;4;Cadillac CTS-V Sedan 2012;Cadillac;Sedan;07196.jpg
8;51;254;140;108;17;3;Ford Freestar Minivan 2007;Ford;Minivan;07197.jpg
17;34;285;171;104;15;1;Ferrari 458 Italia Coupe 2012;Ferrari;Coupe;07198.jpg
63;63;366;213;152;27;1;Lamborghini Gallardo LP 570-4 Superleggera 2012;Lamborghini;Coupe;07199.jpg
14;64;1013;733;147;26;5;Jeep Liberty SUV 2012;Jeep;SUV;07200.jpg
98;114;481;367;133;22;5;Hyundai Veracruz SUV 2012;Hyundai;SUV;07201.jpg
217;280;1812;1179;196;48;0;smart fortwo Convertible 2012;smart;Convertible;07202.jpg
5;109;468;292;153;27;1;Lamborghini Diablo Coupe 2001;Lamborghini;Coupe;07203.jpg
100;74;870;596;180;42;1;Spyker C8 Coupe 2009;Spyker;Coupe;07204.jpg
22;43;261;160;72;9;1;Chevrolet Monte Carlo Coupe 2007;Chevrolet;Coupe;07205.jpg
6;93;281;186;12;3;0;Audi RS 4 Convertible 2008;Audi;Convertible;07206.jpg
76;15;353;216;142;23;5;Infiniti QX56 SUV 2011;Infiniti;SUV;07207.jpg
86;114;567;391;133;22;5;Hyundai Veracruz SUV 2012;Hyundai;SUV;07208.jpg
15;20;258;178;97;12;4;Dodge Charger SRT-8 2009;Dodge;Sedan;07209.jpg
69;71;249;164;174;39;3;Ram C/V Cargo Van Minivan 2012;Ram;Minivan;07210.jpg
10;86;584;401;138;22;4;Hyundai Sonata Sedan 2012;Hyundai;Sedan;07211.jpg
43;87;978;683;75;9;6;Chevrolet Silverado 1500 Regular Cab 2012;Chevrolet;Truck;07212.jpg
2;50;617;488;4;1;4;Acura TL Type-S 2008;Acura;Sedan;07214.jpg
92;185;398;346;135;22;4;Hyundai Elantra Sedan 2007;Hyundai;Sedan;07215.jpg
3;30;217;141;83;12;8;Dodge Caliber Wagon 2012;Dodge;Wagon;07216.jpg
59;291;1005;709;164;34;4;Mercedes-Benz E-Class Sedan 2012;Mercedes-Benz;Sedan;07217.jpg
75;158;956;588;149;26;5;Jeep Compass SUV 2012;Jeep;SUV;07218.jpg
27;126;628;417;101;15;1;Ferrari FF Coupe 2012;Ferrari;Coupe;07219.jpg
14;158;982;708;164;34;4;Mercedes-Benz E-Class Sedan 2012;Mercedes-Benz;Sedan;07220.jpg
634;364;1783;907;104;15;1;Ferrari 458 Italia Coupe 2012;Ferrari;Coupe;07221.jpg
50;78;579;372;109;17;5;Ford Expedition EL SUV 2009;Ford;SUV;07222.jpg
55;71;883;607;149;26;5;Jeep Compass SUV 2012;Jeep;SUV;07223.jpg
58;50;289;187;109;17;5;Ford Expedition EL SUV 2009;Ford;SUV;07224.jpg
120;105;1211;766;168;36;2;Nissan Leaf Hatchback 2012;Nissan;Hatchback;07225.jpg
51;61;595;357;85;12;3;Dodge Caravan Minivan 1997;Dodge;Minivan;07226.jpg
95;67;663;370;145;26;5;Jeep Patriot SUV 2012;Jeep;SUV;07227.jpg
20;43;490;294;34;4;1;BMW M3 Coupe 2012;BMW;Coupe;07228.jpg
86;118;851;568;89;12;5;Dodge Journey SUV 2012;Dodge;SUV;07229.jpg
8;24;259;166;129;21;4;Honda Accord Sedan 2012;Honda;Sedan;07230.jpg
49;325;1261;1081;173;38;4;Porsche Panamera Sedan 2012;Porsche;Sedan;07231.jpg
8;56;399;268;46;6;1;Bugatti Veyron 16.4 Coupe 2009;Bugatti;Coupe;07232.jpg
156;97;902;511;47;7;4;Buick Regal GS 2012;Buick;Sedan;07233.jpg
23;51;577;383;169;36;7;Nissan NV Passenger Van 2012;Nissan;Van;07234.jpg
105;147;575;331;64;9;7;Chevrolet Express Cargo Van 2007;Chevrolet;Van;07235.jpg
12;48;481;366;47;7;4;Buick Regal GS 2012;Buick;Sedan;07236.jpg
91;95;607;428;64;9;7;Chevrolet Express Cargo Van 2007;Chevrolet;Van;07237.jpg
9;7;293;196;48;7;5;Buick Rainier SUV 2007;Buick;SUV;07238.jpg
324;334;1115;772;112;17;1;Ford GT Coupe 2006;Ford;Coupe;07239.jpg
16;51;474;275;115;17;4;Ford Focus Sedan 2007;Ford;Sedan;07240.jpg
277;513;1160;833;12;3;0;Audi RS 4 Convertible 2008;Audi;Convertible;07241.jpg
60;240;1201;656;92;12;8;Dodge Magnum Wagon 2008;Dodge;Wagon;07242.jpg
42;96;443;291;100;14;0;FIAT 500 Convertible 2012;FIAT;Convertible;07243.jpg
100;58;510;294;94;12;5;Dodge Durango SUV 2012;Dodge;SUV;07244.jpg
8;28;253;178;74;9;6;Chevrolet Silverado 1500 Extended Cab 2012;Chevrolet;Truck;07245.jpg
108;44;562;353;169;36;7;Nissan NV Passenger Van 2012;Nissan;Van;07246.jpg
13;129;593;480;83;12;8;Dodge Caliber Wagon 2012;Dodge;Wagon;07247.jpg
67;111;596;438;94;12;5;Dodge Durango SUV 2012;Dodge;SUV;07248.jpg
47;74;581;425;89;12;5;Dodge Journey SUV 2012;Dodge;SUV;07249.jpg
41;128;915;577;133;22;5;Hyundai Veracruz SUV 2012;Hyundai;SUV;07250.jpg
75;198;816;627;167;35;4;Mitsubishi Lancer Sedan 2012;Mitsubishi;Sedan;07251.jpg
16;62;470;253;31;4;0;BMW 6 Series Convertible 2007;BMW;Convertible;07252.jpg
83;85;567;429;99;14;2;FIAT 500 Abarth 2012;FIAT;Hatchback;07253.jpg
278;313;1356;852;66;9;4;Chevrolet Cobalt SS 2010;Chevrolet;Sedan;07254.jpg
54;153;748;477;159;32;5;Mazda Tribute SUV 2011;Mazda;SUV;07255.jpg
13;67;219;177;69;9;6;Chevrolet Silverado 2500HD Regular Cab 2012;Chevrolet;Truck;07256.jpg
24;17;236;183;65;9;6;Chevrolet Avalanche Crew Cab 2012;Chevrolet;Truck;07257.jpg
52;122;552;365;24;3;4;Audi S4 Sedan 2007;Audi;Sedan;07258.jpg
61;224;953;582;188;45;4;Toyota Corolla Sedan 2012;Toyota;Sedan;07259.jpg
35;57;239;183;90;12;6;Dodge Dakota Crew Cab 2010;Dodge;Truck;07260.jpg
20;13;416;257;62;9;5;Chevrolet Tahoe Hybrid SUV 2012;Chevrolet;SUV;07261.jpg
16;1;271;182;28;4;1;BMW 1 Series Coupe 2012;BMW;Coupe;07262.jpg
36;56;620;433;32;4;5;BMW X5 SUV 2007;BMW;SUV;07263.jpg
33;63;612;434;81;10;0;Chrysler PT Cruiser Convertible 2008;Chrysler;Convertible;07264.jpg
128;241;1248;636;56;9;1;Chevrolet Corvette ZR1 2012;Chevrolet;Coupe;07265.jpg
18;39;247;164;121;18;5;GMC Acadia SUV 2012;GMC;SUV;07266.jpg
25;89;603;480;81;10;0;Chrysler PT Cruiser Convertible 2008;Chrysler;Convertible;07267.jpg
12;95;612;324;135;22;4;Hyundai Elantra Sedan 2007;Hyundai;Sedan;07268.jpg
79;109;554;360;30;4;8;BMW 3 Series Wagon 2012;BMW;Wagon;07269.jpg
1;2;259;190;107;17;0;Ford Mustang Convertible 2007;Ford;Convertible;07270.jpg
1;77;480;275;124;20;6;HUMMER H3T Crew Cab 2010;HUMMER;Truck;07271.jpg
40;29;567;368;176;40;4;Rolls-Royce Ghost Sedan 2012;Rolls-Royce;Sedan;07272.jpg
22;23;376;244;16;3;4;Audi V8 Sedan 1994;Audi;Sedan;07273.jpg
9;42;632;456;146;26;5;Jeep Wrangler SUV 2012;Jeep;SUV;07274.jpg
19;211;1525;893;191;46;2;Volkswagen Golf Hatchback 1991;Volkswagen;Hatchback;07275.jpg
21;55;444;320;59;9;0;Chevrolet Camaro Convertible 2012;Chevrolet;Convertible;07276.jpg
70;127;379;264;39;5;0;Bentley Continental Supersports Conv. Convertible 2012;Bentley;Convertible;07277.jpg
34;68;232;145;8;2;0;Aston Martin V8 Vantage Convertible 2012;Aston;Convertible;07278.jpg
1;13;113;83;1;0;5;AM General Hummer SUV 2000;AM;SUV;07279.jpg
31;8;616;301;187;45;4;Toyota Camry Sedan 2012;Toyota;Sedan;07280.jpg
227;308;1135;633;150;27;1;Lamborghini Reventon Coupe 2008;Lamborghini;Coupe;07281.jpg
72;68;544;272;169;36;7;Nissan NV Passenger Van 2012;Nissan;Van;07282.jpg
108;95;621;392;82;11;8;Daewoo Nubira Wagon 2002;Daewoo;Wagon;07283.jpg
13;1;629;480;127;21;3;Honda Odyssey Minivan 2007;Honda;Minivan;07284.jpg
26;143;496;352;41;5;4;Bentley Mulsanne Sedan 2011;Bentley;Sedan;07285.jpg
13;63;305;179;35;4;4;BMW M5 Sedan 2010;BMW;Sedan;07286.jpg
84;155;890;644;132;22;5;Hyundai Tucson SUV 2012;Hyundai;SUV;07287.jpg
27;62;519;298;186;45;5;Toyota Sequoia SUV 2012;Toyota;SUV;07288.jpg
62;57;575;435;168;36;2;Nissan Leaf Hatchback 2012;Nissan;Hatchback;07289.jpg
15;111;271;272;1;0;5;AM General Hummer SUV 2000;AM;SUV;07290.jpg
31;31;1543;1018;99;14;2;FIAT 500 Abarth 2012;FIAT;Hatchback;07291.jpg
26;53;474;293;33;4;5;BMW X6 SUV 2012;BMW;SUV;07292.jpg
66;160;878;654;147;26;5;Jeep Liberty SUV 2012;Jeep;SUV;07293.jpg
150;486;2007;1887;146;26;5;Jeep Wrangler SUV 2012;Jeep;SUV;07294.jpg
376;206;955;540;23;3;4;Audi S4 Sedan 2012;Audi;Sedan;07295.jpg
53;1;396;347;45;6;0;Bugatti Veyron 16.4 Convertible 2009;Bugatti;Convertible;07296.jpg
1;78;638;399;89;12;5;Dodge Journey SUV 2012;Dodge;SUV;07297.jpg
28;144;464;356;117;17;4;Ford Fiesta Sedan 2012;Ford;Sedan;07298.jpg
30;89;997;717;132;22;5;Hyundai Tucson SUV 2012;Hyundai;SUV;07299.jpg
61;206;996;621;122;18;6;GMC Canyon Extended Cab 2012;GMC;Truck;07300.jpg
88;172;971;718;183;43;2;Suzuki SX4 Hatchback 2012;Suzuki;Hatchback;07301.jpg
91;301;1013;656;63;9;4;Chevrolet Sonic Sedan 2012;Chevrolet;Sedan;07302.jpg
23;102;623;440;125;20;6;HUMMER H2 SUT Crew Cab 2009;HUMMER;Truck;07303.jpg
29;1;491;381;180;42;1;Spyker C8 Coupe 2009;Spyker;Coupe;07304.jpg
3;10;602;385;176;40;4;Rolls-Royce Ghost Sedan 2012;Rolls-Royce;Sedan;07305.jpg
24;21;575;317;178;41;2;Scion xD Hatchback 2012;Scion;Hatchback;07306.jpg
35;119;874;538;12;3;0;Audi RS 4 Convertible 2008;Audi;Convertible;07307.jpg
25;40;269;209;32;4;5;BMW X5 SUV 2007;BMW;SUV;07308.jpg
141;144;686;365;142;23;5;Infiniti QX56 SUV 2011;Infiniti;SUV;07309.jpg
26;30;271;111;80;10;0;Chrysler Crossfire Convertible 2008;Chrysler;Convertible;07310.jpg
10;1;292;213;32;4;5;BMW X5 SUV 2007;BMW;SUV;07311.jpg
3;31;299;180;19;3;2;Audi TT Hatchback 2011;Audi;Hatchback;07312.jpg
49;61;574;349;19;3;2;Audi TT Hatchback 2011;Audi;Hatchback;07313.jpg
68;96;583;372;165;34;4;Mercedes-Benz S-Class Sedan 2012;Mercedes-Benz;Sedan;07314.jpg
8;5;204;117;123;19;0;Geo Metro Convertible 1993;Geo;Convertible;07315.jpg
14;41;244;146;125;20;6;HUMMER H2 SUT Crew Cab 2009;HUMMER;Truck;07316.jpg
8;73;416;284;95;12;5;Dodge Durango SUV 2007;Dodge;SUV;07317.jpg
112;162;846;617;147;26;5;Jeep Liberty SUV 2012;Jeep;SUV;07318.jpg
33;87;470;296;137;22;4;Hyundai Genesis Sedan 2012;Hyundai;Sedan;07319.jpg
80;38;546;315;76;10;5;Chrysler Aspen SUV 2009;Chrysler;SUV;07320.jpg
44;102;426;311;69;9;6;Chevrolet Silverado 2500HD Regular Cab 2012;Chevrolet;Truck;07321.jpg
96;146;570;354;126;21;3;Honda Odyssey Minivan 2012;Honda;Minivan;07322.jpg
21;1;277;196;134;22;4;Hyundai Sonata Hybrid Sedan 2012;Hyundai;Sedan;07323.jpg
129;173;926;561;140;22;4;Hyundai Azera Sedan 2012;Hyundai;Sedan;07324.jpg
22;154;358;319;60;9;8;Chevrolet HHR SS 2010;Chevrolet;Wagon;07325.jpg
207;387;1446;835;78;10;3;Chrysler Town and Country Minivan 2012;Chrysler;Minivan;07326.jpg
36;38;617;449;117;17;4;Ford Fiesta Sedan 2012;Ford;Sedan;07327.jpg
12;151;615;362;74;9;6;Chevrolet Silverado 1500 Extended Cab 2012;Chevrolet;Truck;07328.jpg
10;21;289;170;134;22;4;Hyundai Sonata Hybrid Sedan 2012;Hyundai;Sedan;07329.jpg
143;541;3812;2094;140;22;4;Hyundai Azera Sedan 2012;Hyundai;Sedan;07330.jpg
55;144;583;354;95;12;5;Dodge Durango SUV 2007;Dodge;SUV;07331.jpg
34;72;919;554;94;12;5;Dodge Durango SUV 2012;Dodge;SUV;07332.jpg
47;179;593;436;171;36;1;Nissan 240SX Coupe 1998;Nissan;Coupe;07333.jpg
132;282;768;581;79;10;4;Chrysler 300 SRT-8 2010;Chrysler;Sedan;07334.jpg
12;44;288;165;160;33;1;McLaren MP4-12C Coupe 2012;McLaren;Coupe;07335.jpg
62;3;513;419;135;22;4;Hyundai Elantra Sedan 2007;Hyundai;Sedan;07336.jpg
32;17;349;143;143;24;5;Isuzu Ascender SUV 2008;Isuzu;SUV;07337.jpg
152;377;1087;803;47;7;4;Buick Regal GS 2012;Buick;Sedan;07338.jpg
106;187;509;406;24;3;4;Audi S4 Sedan 2007;Audi;Sedan;07339.jpg
80;164;678;389;11;2;1;Aston Martin Virage Coupe 2012;Aston;Coupe;07340.jpg
56;6;595;469;50;7;5;Buick Enclave SUV 2012;Buick;SUV;07341.jpg
36;24;226;172;88;12;7;Dodge Sprinter Cargo Van 2009;Dodge;Van;07342.jpg
13;30;135;100;174;39;3;Ram C/V Cargo Van Minivan 2012;Ram;Minivan;07343.jpg
31;117;566;455;95;12;5;Dodge Durango SUV 2007;Dodge;SUV;07344.jpg
22;79;558;356;190;46;2;Volkswagen Golf Hatchback 2012;Volkswagen;Hatchback;07345.jpg
13;115;787;440;3;1;4;Acura TL Sedan 2012;Acura;Sedan;07346.jpg
6;12;86;49;123;19;0;Geo Metro Convertible 1993;Geo;Convertible;07347.jpg
187;270;1103;735;140;22;4;Hyundai Azera Sedan 2012;Hyundai;Sedan;07348.jpg
62;43;465;296;62;9;5;Chevrolet Tahoe Hybrid SUV 2012;Chevrolet;SUV;07349.jpg
24;48;646;337;128;21;1;Honda Accord Coupe 2012;Honda;Coupe;07350.jpg
49;322;925;646;7;1;2;Acura ZDX Hatchback 2012;Acura;Hatchback;07351.jpg
80;116;1200;775;142;23;5;Infiniti QX56 SUV 2011;Infiniti;SUV;07352.jpg
45;34;706;392;43;5;1;Bentley Continental GT Coupe 2007;Bentley;Coupe;07353.jpg
34;36;622;305;36;4;0;BMW M6 Convertible 2010;BMW;Convertible;07354.jpg
11;44;463;319;85;12;3;Dodge Caravan Minivan 1997;Dodge;Minivan;07355.jpg
34;89;568;350;174;39;3;Ram C/V Cargo Van Minivan 2012;Ram;Minivan;07356.jpg
274;312;668;479;138;22;4;Hyundai Sonata Sedan 2012;Hyundai;Sedan;07357.jpg
26;127;617;356;187;45;4;Toyota Camry Sedan 2012;Toyota;Sedan;07358.jpg
10;67;599;303;163;34;1;Mercedes-Benz SL-Class Coupe 2009;Mercedes-Benz;Coupe;07359.jpg
296;398;1588;995;192;46;2;Volkswagen Beetle Hatchback 2012;Volkswagen;Hatchback;07360.jpg
15;131;692;380;74;9;6;Chevrolet Silverado 1500 Extended Cab 2012;Chevrolet;Truck;07361.jpg
342;148;1405;951;151;27;1;Lamborghini Aventador Coupe 2012;Lamborghini;Coupe;07362.jpg
31;31;561;324;33;4;5;BMW X6 SUV 2012;BMW;SUV;07363.jpg
71;145;629;460;4;1;4;Acura TL Type-S 2008;Acura;Sedan;07364.jpg
140;102;537;361;157;30;0;MINI Cooper Roadster Convertible 2012;MINI Cooper;Convertible;07365.jpg
11;27;289;141;35;4;4;BMW M5 Sedan 2010;BMW;Sedan;07366.jpg
2;22;243;91;151;27;1;Lamborghini Aventador Coupe 2012;Lamborghini;Coupe;07367.jpg
29;26;1260;778;137;22;4;Hyundai Genesis Sedan 2012;Hyundai;Sedan;07368.jpg
61;47;500;320;195;47;5;Volvo XC90 SUV 2007;Volvo;SUV;07369.jpg
29;82;473;297;93;12;1;Dodge Challenger SRT8 2011;Dodge;Coupe;07370.jpg
34;36;954;573;84;12;8;Dodge Caliber Wagon 2007;Dodge;Wagon;07371.jpg
93;108;519;332;178;41;2;Scion xD Hatchback 2012;Scion;Hatchback;07372.jpg
45;39;419;272;193;47;2;Volvo C30 Hatchback 2012;Volvo;Hatchback;07373.jpg
8;5;602;322;158;31;0;Maybach Landaulet Convertible 2012;Maybach;Convertible;07374.jpg
15;47;254;192;188;45;4;Toyota Corolla Sedan 2012;Toyota;Sedan;07375.jpg
63;105;564;387;180;42;1;Spyker C8 Coupe 2009;Spyker;Coupe;07376.jpg
26;50;253;146;14;3;1;Audi TTS Coupe 2012;Audi;Coupe;07377.jpg
11;45;354;226;85;12;3;Dodge Caravan Minivan 1997;Dodge;Minivan;07378.jpg
20;129;431;277;66;9;4;Chevrolet Cobalt SS 2010;Chevrolet;Sedan;07379.jpg
84;20;961;731;86;12;6;Dodge Ram Pickup 3500 Crew Cab 2010;Dodge;Truck;07380.jpg
6;59;447;310;84;12;8;Dodge Caliber Wagon 2007;Dodge;Wagon;07381.jpg
18;119;612;390;142;23;5;Infiniti QX56 SUV 2011;Infiniti;SUV;07382.jpg
19;100;245;172;18;3;8;Audi 100 Wagon 1994;Audi;Wagon;07383.jpg
27;108;269;196;18;3;8;Audi 100 Wagon 1994;Audi;Wagon;07384.jpg
69;41;477;282;42;5;1;Bentley Continental GT Coupe 2012;Bentley;Coupe;07385.jpg
178;790;3061;2333;10;2;0;Aston Martin Virage Convertible 2012;Aston;Convertible;07386.jpg
80;89;558;392;75;9;6;Chevrolet Silverado 1500 Regular Cab 2012;Chevrolet;Truck;07387.jpg
90;222;852;583;59;9;0;Chevrolet Camaro Convertible 2012;Chevrolet;Convertible;07388.jpg
27;44;485;304;110;17;5;Ford Edge SUV 2012;Ford;SUV;07390.jpg
21;36;319;198;146;26;5;Jeep Wrangler SUV 2012;Jeep;SUV;07391.jpg
147;202;1066;629;3;1;4;Acura TL Sedan 2012;Acura;Sedan;07392.jpg
17;78;249;175;109;17;5;Ford Expedition EL SUV 2009;Ford;SUV;07394.jpg
11;13;252;149;74;9;6;Chevrolet Silverado 1500 Extended Cab 2012;Chevrolet;Truck;07395.jpg
4;36;264;169;44;5;4;Bentley Continental Flying Spur Sedan 2007;Bentley;Sedan;07396.jpg
14;31;286;192;83;12;8;Dodge Caliber Wagon 2012;Dodge;Wagon;07397.jpg
73;53;618;395;120;18;5;GMC Yukon Hybrid SUV 2012;GMC;SUV;07398.jpg
26;55;559;375;172;37;1;Plymouth Neon Coupe 1999;Plymouth;Coupe;07399.jpg
130;70;1169;806;182;43;4;Suzuki Kizashi Sedan 2012;Suzuki;Sedan;07400.jpg
58;133;589;344;151;27;1;Lamborghini Aventador Coupe 2012;Lamborghini;Coupe;07401.jpg
76;204;524;397;193;47;2;Volvo C30 Hatchback 2012;Volvo;Hatchback;07402.jpg
127;148;1444;931;182;43;4;Suzuki Kizashi Sedan 2012;Suzuki;Sedan;07403.jpg
214;224;1000;629;194;47;4;Volvo 240 Sedan 1993;Volvo;Sedan;07404.jpg
37;379;1579;1180;56;9;1;Chevrolet Corvette ZR1 2012;Chevrolet;Coupe;07405.jpg
15;75;640;398;70;9;6;Chevrolet Silverado 1500 Classic Extended Cab 2007;Chevrolet;Truck;07406.jpg
149;102;892;508;33;4;5;BMW X6 SUV 2012;BMW;SUV;07407.jpg
88;111;321;222;15;3;1;Audi R8 Coupe 2012;Audi;Coupe;07408.jpg
82;123;573;371;168;36;2;Nissan Leaf Hatchback 2012;Nissan;Hatchback;07409.jpg
24;45;262;179;188;45;4;Toyota Corolla Sedan 2012;Toyota;Sedan;07410.jpg
62;183;589;365;79;10;4;Chrysler 300 SRT-8 2010;Chrysler;Sedan;07411.jpg
21;4;495;341;99;14;2;FIAT 500 Abarth 2012;FIAT;Hatchback;07412.jpg
31;62;621;414;195;47;5;Volvo XC90 SUV 2007;Volvo;SUV;07413.jpg
17;27;382;181;181;43;4;Suzuki Aerio Sedan 2007;Suzuki;Sedan;07414.jpg
25;79;287;188;121;18;5;GMC Acadia SUV 2012;GMC;SUV;07415.jpg
27;272;627;462;79;10;4;Chrysler 300 SRT-8 2010;Chrysler;Sedan;07416.jpg
7;54;493;236;33;4;5;BMW X6 SUV 2012;BMW;SUV;07417.jpg
49;493;1537;1033;127;21;3;Honda Odyssey Minivan 2007;Honda;Minivan;07418.jpg
14;128;479;331;59;9;0;Chevrolet Camaro Convertible 2012;Chevrolet;Convertible;07419.jpg
329;224;1351;931;132;22;5;Hyundai Tucson SUV 2012;Hyundai;SUV;07420.jpg
103;262;604;445;168;36;2;Nissan Leaf Hatchback 2012;Nissan;Hatchback;07421.jpg
24;74;559;364;120;18;5;GMC Yukon Hybrid SUV 2012;GMC;SUV;07422.jpg
16;142;384;292;14;3;1;Audi TTS Coupe 2012;Audi;Coupe;07423.jpg
22;25;454;304;186;45;5;Toyota Sequoia SUV 2012;Toyota;SUV;07424.jpg
20;31;492;306;57;9;1;Chevrolet Corvette Ron Fellows Edition Z06 2007;Chevrolet;Coupe;07425.jpg
27;27;249;153;53;8;6;Cadillac Escalade EXT Crew Cab 2007;Cadillac;Truck;07426.jpg
69;178;747;495;117;17;4;Ford Fiesta Sedan 2012;Ford;Sedan;07427.jpg
17;26;558;448;131;22;5;Hyundai Santa Fe SUV 2012;Hyundai;SUV;07428.jpg
74;299;973;744;81;10;0;Chrysler PT Cruiser Convertible 2008;Chrysler;Convertible;07429.jpg
226;1;668;376;94;12;5;Dodge Durango SUV 2012;Dodge;SUV;07430.jpg
58;325;1238;688;55;9;0;Chevrolet Corvette Convertible 2012;Chevrolet;Convertible;07431.jpg
47;145;946;585;67;9;4;Chevrolet Malibu Hybrid Sedan 2010;Chevrolet;Sedan;07432.jpg
61;103;546;425;41;5;4;Bentley Mulsanne Sedan 2011;Bentley;Sedan;07433.jpg
55;64;563;409;133;22;5;Hyundai Veracruz SUV 2012;Hyundai;SUV;07434.jpg
10;33;340;135;185;44;4;Tesla Model S Sedan 2012;Tesla;Sedan;07435.jpg
25;9;276;194;131;22;5;Hyundai Santa Fe SUV 2012;Hyundai;SUV;07436.jpg
8;12;478;234;66;9;4;Chevrolet Cobalt SS 2010;Chevrolet;Sedan;07437.jpg
62;236;916;675;172;37;1;Plymouth Neon Coupe 1999;Plymouth;Coupe;07438.jpg
45;58;460;216;12;3;0;Audi RS 4 Convertible 2008;Audi;Convertible;07439.jpg
11;64;424;254;51;8;4;Cadillac CTS-V Sedan 2012;Cadillac;Sedan;07440.jpg
110;142;718;449;193;47;2;Volvo C30 Hatchback 2012;Volvo;Hatchback;07441.jpg
30;132;1015;658;86;12;6;Dodge Ram Pickup 3500 Crew Cab 2010;Dodge;Truck;07442.jpg
60;72;523;315;129;21;4;Honda Accord Sedan 2012;Honda;Sedan;07443.jpg
25;44;444;238;171;36;1;Nissan 240SX Coupe 1998;Nissan;Coupe;07444.jpg
69;8;432;325;4;1;4;Acura TL Type-S 2008;Acura;Sedan;07445.jpg
42;70;556;338;117;17;4;Ford Fiesta Sedan 2012;Ford;Sedan;07446.jpg
48;31;226;164;95;12;5;Dodge Durango SUV 2007;Dodge;SUV;07447.jpg
61;132;898;711;172;37;1;Plymouth Neon Coupe 1999;Plymouth;Coupe;07448.jpg
32;236;1245;551;150;27;1;Lamborghini Reventon Coupe 2008;Lamborghini;Coupe;07449.jpg
20;45;252;153;5;1;4;Acura TSX Sedan 2012;Acura;Sedan;07450.jpg
189;224;1115;623;45;6;0;Bugatti Veyron 16.4 Convertible 2009;Bugatti;Convertible;07451.jpg
51;18;419;306;196;48;0;smart fortwo Convertible 2012;smart;Convertible;07452.jpg
20;13;247;187;84;12;8;Dodge Caliber Wagon 2007;Dodge;Wagon;07453.jpg
22;52;451;235;193;47;2;Volvo C30 Hatchback 2012;Volvo;Hatchback;07454.jpg
121;87;465;278;196;48;0;smart fortwo Convertible 2012;smart;Convertible;07455.jpg
4;180;1258;831;172;37;1;Plymouth Neon Coupe 1999;Plymouth;Coupe;07456.jpg
93;60;567;390;191;46;2;Volkswagen Golf Hatchback 1991;Volkswagen;Hatchback;07457.jpg
13;33;607;423;43;5;1;Bentley Continental GT Coupe 2007;Bentley;Coupe;07458.jpg
36;147;316;245;134;22;4;Hyundai Sonata Hybrid Sedan 2012;Hyundai;Sedan;07459.jpg
44;332;1256;795;112;17;1;Ford GT Coupe 2006;Ford;Coupe;07460.jpg
33;310;387;529;176;40;4;Rolls-Royce Ghost Sedan 2012;Rolls-Royce;Sedan;07461.jpg
14;112;457;360;113;17;6;Ford F-150 Regular Cab 2012;Ford;Truck;07462.jpg
18;69;485;260;4;1;4;Acura TL Type-S 2008;Acura;Sedan;07463.jpg
43;50;137;107;107;17;0;Ford Mustang Convertible 2007;Ford;Convertible;07464.jpg
67;44;523;393;94;12;5;Dodge Durango SUV 2012;Dodge;SUV;07465.jpg
9;55;580;366;104;15;1;Ferrari 458 Italia Coupe 2012;Ferrari;Coupe;07466.jpg
2;15;160;92;152;27;1;Lamborghini Gallardo LP 570-4 Superleggera 2012;Lamborghini;Coupe;07467.jpg
9;174;678;388;16;3;4;Audi V8 Sedan 1994;Audi;Sedan;07468.jpg
3;13;76;52;57;9;1;Chevrolet Corvette Ron Fellows Edition Z06 2007;Chevrolet;Coupe;07469.jpg
42;193;605;476;139;22;2;Hyundai Elantra Touring Hatchback 2012;Hyundai;Hatchback;07470.jpg
2;1;400;248;9;2;1;Aston Martin V8 Vantage Coupe 2012;Aston;Coupe;07471.jpg
133;202;1005;722;65;9;6;Chevrolet Avalanche Crew Cab 2012;Chevrolet;Truck;07472.jpg
248;255;1291;804;151;27;1;Lamborghini Aventador Coupe 2012;Lamborghini;Coupe;07473.jpg
26;182;579;391;85;12;3;Dodge Caravan Minivan 1997;Dodge;Minivan;07474.jpg
24;32;260;202;109;17;5;Ford Expedition EL SUV 2009;Ford;SUV;07475.jpg
9;73;342;219;160;33;1;McLaren MP4-12C Coupe 2012;McLaren;Coupe;07476.jpg
4;34;251;175;189;45;5;Toyota 4Runner SUV 2012;Toyota;SUV;07477.jpg
25;110;614;369;83;12;8;Dodge Caliber Wagon 2012;Dodge;Wagon;07478.jpg
48;78;593;373;56;9;1;Chevrolet Corvette ZR1 2012;Chevrolet;Coupe;07479.jpg
14;28;290;215;37;4;5;BMW X3 SUV 2012;BMW;SUV;07480.jpg
17;100;692;467;73;9;4;Chevrolet Malibu Sedan 2007;Chevrolet;Sedan;07481.jpg
44;33;268;167;98;13;2;Eagle Talon Hatchback 1998;Eagle;Hatchback;07482.jpg
43;160;774;541;6;1;4;Acura Integra Type R 2001;Acura;Sedan;07483.jpg
19;65;263;156;56;9;1;Chevrolet Corvette ZR1 2012;Chevrolet;Coupe;07484.jpg
80;89;555;403;89;12;5;Dodge Journey SUV 2012;Dodge;SUV;07485.jpg
259;80;723;407;140;22;4;Hyundai Azera Sedan 2012;Hyundai;Sedan;07486.jpg
20;48;385;283;1;0;5;AM General Hummer SUV 2000;AM;SUV;07487.jpg
35;179;522;378;97;12;4;Dodge Charger SRT-8 2009;Dodge;Sedan;07488.jpg
108;222;554;446;172;37;1;Plymouth Neon Coupe 1999;Plymouth;Coupe;07489.jpg
31;20;229;133;53;8;6;Cadillac Escalade EXT Crew Cab 2007;Cadillac;Truck;07490.jpg
54;4;220;165;45;6;0;Bugatti Veyron 16.4 Convertible 2009;Bugatti;Convertible;07491.jpg
69;160;971;666;182;43;4;Suzuki Kizashi Sedan 2012;Suzuki;Sedan;07492.jpg
16;64;300;209;18;3;8;Audi 100 Wagon 1994;Audi;Wagon;07493.jpg
299;285;988;542;167;35;4;Mitsubishi Lancer Sedan 2012;Mitsubishi;Sedan;07494.jpg
48;170;589;404;44;5;4;Bentley Continental Flying Spur Sedan 2007;Bentley;Sedan;07495.jpg
22;57;155;120;16;3;4;Audi V8 Sedan 1994;Audi;Sedan;07496.jpg
4;25;270;165;80;10;0;Chrysler Crossfire Convertible 2008;Chrysler;Convertible;07497.jpg
101;63;607;451;64;9;7;Chevrolet Express Cargo Van 2007;Chevrolet;Van;07498.jpg
26;80;607;361;60;9;8;Chevrolet HHR SS 2010;Chevrolet;Wagon;07499.jpg
20;27;613;413;196;48;0;smart fortwo Convertible 2012;smart;Convertible;07500.jpg
32;56;515;323;26;4;4;BMW ActiveHybrid 5 Sedan 2012;BMW;Sedan;07501.jpg
28;235;1022;583;79;10;4;Chrysler 300 SRT-8 2010;Chrysler;Sedan;07502.jpg
25;134;618;427;23;3;4;Audi S4 Sedan 2012;Audi;Sedan;07503.jpg
98;123;641;425;145;26;5;Jeep Patriot SUV 2012;Jeep;SUV;07504.jpg
33;109;604;417;163;34;1;Mercedes-Benz SL-Class Coupe 2009;Mercedes-Benz;Coupe;07505.jpg
18;128;607;398;177;40;4;Rolls-Royce Phantom Sedan 2012;Rolls-Royce;Sedan;07506.jpg
70;364;1519;1105;165;34;4;Mercedes-Benz S-Class Sedan 2012;Mercedes-Benz;Sedan;07507.jpg
367;247;1603;1084;128;21;1;Honda Accord Coupe 2012;Honda;Coupe;07508.jpg
62;239;940;679;48;7;5;Buick Rainier SUV 2007;Buick;SUV;07509.jpg
32;80;615;421;168;36;2;Nissan Leaf Hatchback 2012;Nissan;Hatchback;07510.jpg
14;270;1593;895;37;4;5;BMW X3 SUV 2012;BMW;SUV;07511.jpg
55;58;500;321;137;22;4;Hyundai Genesis Sedan 2012;Hyundai;Sedan;07512.jpg
5;43;299;144;175;40;0;Rolls-Royce Phantom Drophead Coupe Convertible 2012;Rolls-Royce;Convertible;07513.jpg
106;150;1012;633;63;9;4;Chevrolet Sonic Sedan 2012;Chevrolet;Sedan;07514.jpg
20;64;458;304;156;29;4;Lincoln Town Car Sedan 2011;Lincoln;Sedan;07515.jpg
15;58;602;379;107;17;0;Ford Mustang Convertible 2007;Ford;Convertible;07516.jpg
22;83;1686;833;129;21;4;Honda Accord Sedan 2012;Honda;Sedan;07517.jpg
28;7;406;211;48;7;5;Buick Rainier SUV 2007;Buick;SUV;07518.jpg
110;176;981;509;79;10;4;Chrysler 300 SRT-8 2010;Chrysler;Sedan;07519.jpg
61;211;859;620;167;35;4;Mitsubishi Lancer Sedan 2012;Mitsubishi;Sedan;07520.jpg
27;83;284;176;129;21;4;Honda Accord Sedan 2012;Honda;Sedan;07521.jpg
42;142;655;457;82;11;8;Daewoo Nubira Wagon 2002;Daewoo;Wagon;07522.jpg
31;175;964;611;98;13;2;Eagle Talon Hatchback 1998;Eagle;Hatchback;07523.jpg
35;197;838;605;27;4;0;BMW 1 Series Convertible 2012;BMW;Convertible;07524.jpg
17;112;576;314;74;9;6;Chevrolet Silverado 1500 Extended Cab 2012;Chevrolet;Truck;07525.jpg
41;59;409;199;62;9;5;Chevrolet Tahoe Hybrid SUV 2012;Chevrolet;SUV;07526.jpg
32;62;435;337;159;32;5;Mazda Tribute SUV 2011;Mazda;SUV;07527.jpg
113;69;509;315;49;7;4;Buick Verano Sedan 2012;Buick;Sedan;07528.jpg
13;68;627;425;50;7;5;Buick Enclave SUV 2012;Buick;SUV;07529.jpg
70;69;610;391;47;7;4;Buick Regal GS 2012;Buick;Sedan;07530.jpg
33;28;865;567;150;27;1;Lamborghini Reventon Coupe 2008;Lamborghini;Coupe;07531.jpg
21;86;702;429;147;26;5;Jeep Liberty SUV 2012;Jeep;SUV;07532.jpg
38;57;220;153;53;8;6;Cadillac Escalade EXT Crew Cab 2007;Cadillac;Truck;07533.jpg
13;81;633;429;75;9;6;Chevrolet Silverado 1500 Regular Cab 2012;Chevrolet;Truck;07534.jpg
7;107;575;301;16;3;4;Audi V8 Sedan 1994;Audi;Sedan;07535.jpg
28;62;383;280;51;8;4;Cadillac CTS-V Sedan 2012;Cadillac;Sedan;07536.jpg
47;65;249;180;196;48;0;smart fortwo Convertible 2012;smart;Convertible;07537.jpg
23;28;185;115;51;8;4;Cadillac CTS-V Sedan 2012;Cadillac;Sedan;07538.jpg
55;120;588;432;91;12;6;Dodge Dakota Club Cab 2007;Dodge;Truck;07539.jpg
417;497;2981;2088;191;46;2;Volkswagen Golf Hatchback 1991;Volkswagen;Hatchback;07540.jpg
49;59;954;610;72;9;1;Chevrolet Monte Carlo Coupe 2007;Chevrolet;Coupe;07541.jpg
2;169;588;430;151;27;1;Lamborghini Aventador Coupe 2012;Lamborghini;Coupe;07542.jpg
20;13;276;159;114;17;6;Ford F-150 Regular Cab 2007;Ford;Truck;07543.jpg
188;377;838;613;171;36;1;Nissan 240SX Coupe 1998;Nissan;Coupe;07544.jpg
87;118;627;354;56;9;1;Chevrolet Corvette ZR1 2012;Chevrolet;Coupe;07545.jpg
66;95;529;326;141;23;1;Infiniti G Coupe IPL 2012;Infiniti;Coupe;07546.jpg
53;58;657;385;50;7;5;Buick Enclave SUV 2012;Buick;SUV;07547.jpg
19;53;479;293;72;9;1;Chevrolet Monte Carlo Coupe 2007;Chevrolet;Coupe;07548.jpg
31;8;183;147;143;24;5;Isuzu Ascender SUV 2008;Isuzu;SUV;07549.jpg
13;19;298;175;181;43;4;Suzuki Aerio Sedan 2007;Suzuki;Sedan;07550.jpg
333;281;2021;1485;192;46;2;Volkswagen Beetle Hatchback 2012;Volkswagen;Hatchback;07551.jpg
2;33;200;136;90;12;6;Dodge Dakota Crew Cab 2010;Dodge;Truck;07552.jpg
30;59;287;177;24;3;4;Audi S4 Sedan 2007;Audi;Sedan;07553.jpg
115;168;553;405;76;10;5;Chrysler Aspen SUV 2009;Chrysler;SUV;07554.jpg
20;132;1007;621;97;12;4;Dodge Charger SRT-8 2009;Dodge;Sedan;07555.jpg
7;33;249;161;90;12;6;Dodge Dakota Crew Cab 2010;Dodge;Truck;07556.jpg
52;81;380;262;30;4;8;BMW 3 Series Wagon 2012;BMW;Wagon;07557.jpg
36;32;734;531;174;39;3;Ram C/V Cargo Van Minivan 2012;Ram;Minivan;07558.jpg
20;235;342;345;97;12;4;Dodge Charger SRT-8 2009;Dodge;Sedan;07559.jpg
11;87;564;334;151;27;1;Lamborghini Aventador Coupe 2012;Lamborghini;Coupe;07560.jpg
155;117;471;317;79;10;4;Chrysler 300 SRT-8 2010;Chrysler;Sedan;07561.jpg
60;177;589;453;24;3;4;Audi S4 Sedan 2007;Audi;Sedan;07562.jpg
22;103;298;209;67;9;4;Chevrolet Malibu Hybrid Sedan 2010;Chevrolet;Sedan;07563.jpg
88;220;645;423;80;10;0;Chrysler Crossfire Convertible 2008;Chrysler;Convertible;07564.jpg
6;267;1278;776;85;12;3;Dodge Caravan Minivan 1997;Dodge;Minivan;07565.jpg
5;4;214;121;17;3;4;Audi 100 Sedan 1994;Audi;Sedan;07566.jpg
62;69;481;289;156;29;4;Lincoln Town Car Sedan 2011;Lincoln;Sedan;07567.jpg
54;87;462;316;155;28;5;Land Rover LR2 SUV 2012;Land Rover;SUV;07568.jpg
21;48;434;206;52;8;5;Cadillac SRX SUV 2012;Cadillac;SUV;07569.jpg
50;50;469;207;55;9;0;Chevrolet Corvette Convertible 2012;Chevrolet;Convertible;07570.jpg
72;227;455;360;153;27;1;Lamborghini Diablo Coupe 2001;Lamborghini;Coupe;07571.jpg
55;601;1384;982;13;3;1;Audi A5 Coupe 2012;Audi;Coupe;07572.jpg
52;89;424;269;92;12;8;Dodge Magnum Wagon 2008;Dodge;Wagon;07573.jpg
102;217;1218;739;26;4;4;BMW ActiveHybrid 5 Sedan 2012;BMW;Sedan;07574.jpg
14;54;624;278;55;9;0;Chevrolet Corvette Convertible 2012;Chevrolet;Convertible;07575.jpg
67;74;558;404;98;13;2;Eagle Talon Hatchback 1998;Eagle;Hatchback;07576.jpg
33;39;258;228;29;4;4;BMW 3 Series Sedan 2012;BMW;Sedan;07577.jpg
35;79;257;214;52;8;5;Cadillac SRX SUV 2012;Cadillac;SUV;07578.jpg
68;155;489;399;149;26;5;Jeep Compass SUV 2012;Jeep;SUV;07579.jpg
17;13;457;328;154;28;5;Land Rover Range Rover SUV 2012;Land Rover;SUV;07580.jpg
302;432;1226;802;138;22;4;Hyundai Sonata Sedan 2012;Hyundai;Sedan;07581.jpg
147;161;523;427;181;43;4;Suzuki Aerio Sedan 2007;Suzuki;Sedan;07582.jpg
206;268;1444;711;173;38;4;Porsche Panamera Sedan 2012;Porsche;Sedan;07583.jpg
37;164;626;380;65;9;6;Chevrolet Avalanche Crew Cab 2012;Chevrolet;Truck;07584.jpg
66;78;768;522;50;7;5;Buick Enclave SUV 2012;Buick;SUV;07585.jpg
18;33;190;117;14;3;1;Audi TTS Coupe 2012;Audi;Coupe;07586.jpg
34;172;992;613;68;9;0;Chevrolet TrailBlazer SS 2009;Chevrolet;Convertible;07587.jpg
37;81;484;282;148;26;5;Jeep Grand Cherokee SUV 2012;Jeep;SUV;07588.jpg
34;87;394;289;108;17;3;Ford Freestar Minivan 2007;Ford;Minivan;07589.jpg
34;224;980;700;24;3;4;Audi S4 Sedan 2007;Audi;Sedan;07590.jpg
24;145;538;339;87;12;6;Dodge Ram Pickup 3500 Quad Cab 2009;Dodge;Truck;07591.jpg
24;44;264;163;32;4;5;BMW X5 SUV 2007;BMW;SUV;07592.jpg
141;126;646;400;143;24;5;Isuzu Ascender SUV 2008;Isuzu;SUV;07593.jpg
29;34;381;273;196;48;0;smart fortwo Convertible 2012;smart;Convertible;07594.jpg
100;101;351;214;142;23;5;Infiniti QX56 SUV 2011;Infiniti;SUV;07595.jpg
55;206;1240;640;150;27;1;Lamborghini Reventon Coupe 2008;Lamborghini;Coupe;07596.jpg
35;84;684;447;127;21;3;Honda Odyssey Minivan 2007;Honda;Minivan;07597.jpg
5;116;579;335;43;5;1;Bentley Continental GT Coupe 2007;Bentley;Coupe;07598.jpg
7;66;615;359;10;2;0;Aston Martin Virage Convertible 2012;Aston;Convertible;07599.jpg
18;168;626;402;50;7;5;Buick Enclave SUV 2012;Buick;SUV;07600.jpg
56;34;655;424;172;37;1;Plymouth Neon Coupe 1999;Plymouth;Coupe;07601.jpg
28;111;450;304;93;12;1;Dodge Challenger SRT8 2011;Dodge;Coupe;07602.jpg
24;188;582;433;65;9;6;Chevrolet Avalanche Crew Cab 2012;Chevrolet;Truck;07603.jpg
23;122;602;353;83;12;8;Dodge Caliber Wagon 2012;Dodge;Wagon;07604.jpg
31;44;256;172;44;5;4;Bentley Continental Flying Spur Sedan 2007;Bentley;Sedan;07605.jpg
118;397;682;619;164;34;4;Mercedes-Benz E-Class Sedan 2012;Mercedes-Benz;Sedan;07606.jpg
6;1;251;186;174;39;3;Ram C/V Cargo Van Minivan 2012;Ram;Minivan;07607.jpg
32;47;607;366;174;39;3;Ram C/V Cargo Van Minivan 2012;Ram;Minivan;07608.jpg
17;12;275;183;195;47;5;Volvo XC90 SUV 2007;Volvo;SUV;07609.jpg
102;271;1374;783;11;2;1;Aston Martin Virage Coupe 2012;Aston;Coupe;07610.jpg
23;50;625;463;131;22;5;Hyundai Santa Fe SUV 2012;Hyundai;SUV;07611.jpg
16;68;397;242;117;17;4;Ford Fiesta Sedan 2012;Ford;Sedan;07612.jpg
120;78;771;492;112;17;1;Ford GT Coupe 2006;Ford;Coupe;07613.jpg
34;293;996;679;63;9;4;Chevrolet Sonic Sedan 2012;Chevrolet;Sedan;07614.jpg
51;110;512;342;94;12;5;Dodge Durango SUV 2012;Dodge;SUV;07615.jpg
375;380;1196;820;173;38;4;Porsche Panamera Sedan 2012;Porsche;Sedan;07616.jpg
128;44;659;436;147;26;5;Jeep Liberty SUV 2012;Jeep;SUV;07617.jpg
1;67;772;573;44;5;4;Bentley Continental Flying Spur Sedan 2007;Bentley;Sedan;07618.jpg
58;72;527;350;46;6;1;Bugatti Veyron 16.4 Coupe 2009;Bugatti;Coupe;07619.jpg
40;53;332;243;139;22;2;Hyundai Elantra Touring Hatchback 2012;Hyundai;Hatchback;07620.jpg
225;452;1974;1339;96;12;4;Dodge Charger Sedan 2012;Dodge;Sedan;07621.jpg
66;138;486;326;73;9;4;Chevrolet Malibu Sedan 2007;Chevrolet;Sedan;07622.jpg
42;28;226;189;177;40;4;Rolls-Royce Phantom Sedan 2012;Rolls-Royce;Sedan;07623.jpg
19;28;259;158;97;12;4;Dodge Charger SRT-8 2009;Dodge;Sedan;07624.jpg
52;133;745;452;50;7;5;Buick Enclave SUV 2012;Buick;SUV;07625.jpg
32;132;595;333;75;9;6;Chevrolet Silverado 1500 Regular Cab 2012;Chevrolet;Truck;07626.jpg
118;49;759;484;182;43;4;Suzuki Kizashi Sedan 2012;Suzuki;Sedan;07628.jpg
32;43;600;380;149;26;5;Jeep Compass SUV 2012;Jeep;SUV;07629.jpg
17;36;707;528;179;42;0;Spyker C8 Convertible 2009;Spyker;Convertible;07630.jpg
43;43;432;271;86;12;6;Dodge Ram Pickup 3500 Crew Cab 2010;Dodge;Truck;07631.jpg
8;23;233;174;143;24;5;Isuzu Ascender SUV 2008;Isuzu;SUV;07632.jpg
40;177;620;460;194;47;4;Volvo 240 Sedan 1993;Volvo;Sedan;07633.jpg
195;147;859;621;192;46;2;Volkswagen Beetle Hatchback 2012;Volkswagen;Hatchback;07634.jpg
108;102;307;277;46;6;1;Bugatti Veyron 16.4 Coupe 2009;Bugatti;Coupe;07635.jpg
16;89;624;406;176;40;4;Rolls-Royce Ghost Sedan 2012;Rolls-Royce;Sedan;07636.jpg
41;43;618;444;184;43;4;Suzuki SX4 Sedan 2012;Suzuki;Sedan;07637.jpg
18;32;410;337;110;17;5;Ford Edge SUV 2012;Ford;SUV;07638.jpg
14;58;309;201;31;4;0;BMW 6 Series Convertible 2007;BMW;Convertible;07639.jpg
23;13;231;112;151;27;1;Lamborghini Aventador Coupe 2012;Lamborghini;Coupe;07640.jpg
45;89;610;426;148;26;5;Jeep Grand Cherokee SUV 2012;Jeep;SUV;07641.jpg
98;48;1001;695;180;42;1;Spyker C8 Coupe 2009;Spyker;Coupe;07642.jpg
54;89;1211;644;79;10;4;Chrysler 300 SRT-8 2010;Chrysler;Sedan;07643.jpg
71;99;607;460;95;12;5;Dodge Durango SUV 2007;Dodge;SUV;07644.jpg
22;64;380;264;84;12;8;Dodge Caliber Wagon 2007;Dodge;Wagon;07645.jpg
13;15;939;604;15;3;1;Audi R8 Coupe 2012;Audi;Coupe;07646.jpg
83;54;941;588;150;27;1;Lamborghini Reventon Coupe 2008;Lamborghini;Coupe;07647.jpg
1;71;400;246;189;45;5;Toyota 4Runner SUV 2012;Toyota;SUV;07648.jpg
75;115;576;378;18;3;8;Audi 100 Wagon 1994;Audi;Wagon;07649.jpg
21;13;543;385;179;42;0;Spyker C8 Convertible 2009;Spyker;Convertible;07650.jpg
55;111;600;420;33;4;5;BMW X6 SUV 2012;BMW;SUV;07651.jpg
67;30;227;161;177;40;4;Rolls-Royce Phantom Sedan 2012;Rolls-Royce;Sedan;07652.jpg
9;24;200;109;171;36;1;Nissan 240SX Coupe 1998;Nissan;Coupe;07653.jpg
1;144;885;546;103;15;0;Ferrari 458 Italia Convertible 2012;Ferrari;Convertible;07654.jpg
16;18;249;159;107;17;0;Ford Mustang Convertible 2007;Ford;Convertible;07655.jpg
1;143;489;373;92;12;8;Dodge Magnum Wagon 2008;Dodge;Wagon;07656.jpg
36;61;235;145;34;4;1;BMW M3 Coupe 2012;BMW;Coupe;07657.jpg
50;240;986;540;153;27;1;Lamborghini Diablo Coupe 2001;Lamborghini;Coupe;07658.jpg
50;284;921;636;192;46;2;Volkswagen Beetle Hatchback 2012;Volkswagen;Hatchback;07659.jpg
68;122;980;690;90;12;6;Dodge Dakota Crew Cab 2010;Dodge;Truck;07660.jpg
66;114;597;407;4;1;4;Acura TL Type-S 2008;Acura;Sedan;07661.jpg
20;11;1007;717;131;22;5;Hyundai Santa Fe SUV 2012;Hyundai;SUV;07662.jpg
13;35;250;153;3;1;4;Acura TL Sedan 2012;Acura;Sedan;07663.jpg
15;56;243;183;69;9;6;Chevrolet Silverado 2500HD Regular Cab 2012;Chevrolet;Truck;07664.jpg
68;117;618;382;51;8;4;Cadillac CTS-V Sedan 2012;Cadillac;Sedan;07665.jpg
89;128;515;361;6;1;4;Acura Integra Type R 2001;Acura;Sedan;07666.jpg
20;201;1007;650;146;26;5;Jeep Wrangler SUV 2012;Jeep;SUV;07667.jpg
222;33;535;347;180;42;1;Spyker C8 Coupe 2009;Spyker;Coupe;07668.jpg
78;169;913;563;29;4;4;BMW 3 Series Sedan 2012;BMW;Sedan;07669.jpg
35;121;485;272;59;9;0;Chevrolet Camaro Convertible 2012;Chevrolet;Convertible;07670.jpg
151;347;1513;1072;170;36;2;Nissan Juke Hatchback 2012;Nissan;Hatchback;07671.jpg
85;86;672;442;36;4;0;BMW M6 Convertible 2010;BMW;Convertible;07672.jpg
394;259;920;609;45;6;0;Bugatti Veyron 16.4 Convertible 2009;Bugatti;Convertible;07673.jpg
90;82;914;360;105;16;4;Fisker Karma Sedan 2012;Fisker;Sedan;07674.jpg
732;282;1633;963;164;34;4;Mercedes-Benz E-Class Sedan 2012;Mercedes-Benz;Sedan;07675.jpg
18;99;368;237;68;9;0;Chevrolet TrailBlazer SS 2009;Chevrolet;Convertible;07676.jpg
14;32;633;440;109;17;5;Ford Expedition EL SUV 2009;Ford;SUV;07677.jpg
519;438;1460;1152;33;4;5;BMW X6 SUV 2012;BMW;SUV;07678.jpg
97;150;493;310;43;5;1;Bentley Continental GT Coupe 2007;Bentley;Coupe;07679.jpg
34;105;433;322;70;9;6;Chevrolet Silverado 1500 Classic Extended Cab 2007;Chevrolet;Truck;07680.jpg
15;31;249;152;13;3;1;Audi A5 Coupe 2012;Audi;Coupe;07681.jpg
245;245;1379;791;120;18;5;GMC Yukon Hybrid SUV 2012;GMC;SUV;07682.jpg
99;131;566;439;195;47;5;Volvo XC90 SUV 2007;Volvo;SUV;07683.jpg
14;18;148;107;1;0;5;AM General Hummer SUV 2000;AM;SUV;07684.jpg
162;466;1950;1202;120;18;5;GMC Yukon Hybrid SUV 2012;GMC;SUV;07685.jpg
41;95;597;396;109;17;5;Ford Expedition EL SUV 2009;Ford;SUV;07686.jpg
31;69;288;157;129;21;4;Honda Accord Sedan 2012;Honda;Sedan;07687.jpg
160;332;1112;708;164;34;4;Mercedes-Benz E-Class Sedan 2012;Mercedes-Benz;Sedan;07688.jpg
10;12;474;184;27;4;0;BMW 1 Series Convertible 2012;BMW;Convertible;07689.jpg
52;49;449;243;101;15;1;Ferrari FF Coupe 2012;Ferrari;Coupe;07690.jpg
13;49;250;168;141;23;1;Infiniti G Coupe IPL 2012;Infiniti;Coupe;07691.jpg
3;47;300;207;42;5;1;Bentley Continental GT Coupe 2012;Bentley;Coupe;07692.jpg
21;57;554;278;17;3;4;Audi 100 Sedan 1994;Audi;Sedan;07693.jpg
22;60;604;384;163;34;1;Mercedes-Benz SL-Class Coupe 2009;Mercedes-Benz;Coupe;07694.jpg
27;122;671;390;129;21;4;Honda Accord Sedan 2012;Honda;Sedan;07695.jpg
42;4;750;469;6;1;4;Acura Integra Type R 2001;Acura;Sedan;07696.jpg
36;80;622;441;143;24;5;Isuzu Ascender SUV 2008;Isuzu;SUV;07697.jpg
72;125;508;271;180;42;1;Spyker C8 Coupe 2009;Spyker;Coupe;07698.jpg
12;45;639;421;54;9;6;Chevrolet Silverado 1500 Hybrid Crew Cab 2012;Chevrolet;Truck;07699.jpg
62;378;1228;880;81;10;0;Chrysler PT Cruiser Convertible 2008;Chrysler;Convertible;07700.jpg
34;82;600;398;165;34;4;Mercedes-Benz S-Class Sedan 2012;Mercedes-Benz;Sedan;07701.jpg
59;50;588;418;194;47;4;Volvo 240 Sedan 1993;Volvo;Sedan;07702.jpg
151;120;393;267;65;9;6;Chevrolet Avalanche Crew Cab 2012;Chevrolet;Truck;07703.jpg
19;43;301;146;9;2;1;Aston Martin V8 Vantage Coupe 2012;Aston;Coupe;07704.jpg
55;63;577;398;117;17;4;Ford Fiesta Sedan 2012;Ford;Sedan;07705.jpg
89;134;1194;699;4;1;4;Acura TL Type-S 2008;Acura;Sedan;07706.jpg
42;38;615;417;184;43;4;Suzuki SX4 Sedan 2012;Suzuki;Sedan;07707.jpg
31;90;543;385;125;20;6;HUMMER H2 SUT Crew Cab 2009;HUMMER;Truck;07708.jpg
3;116;475;341;38;4;0;BMW Z4 Convertible 2012;BMW;Convertible;07709.jpg
1;59;400;240;155;28;5;Land Rover LR2 SUV 2012;Land Rover;SUV;07710.jpg
410;20;794;300;145;26;5;Jeep Patriot SUV 2012;Jeep;SUV;07711.jpg
36;18;1009;767;164;34;4;Mercedes-Benz E-Class Sedan 2012;Mercedes-Benz;Sedan;07712.jpg
44;17;235;167;67;9;4;Chevrolet Malibu Hybrid Sedan 2010;Chevrolet;Sedan;07713.jpg
7;104;613;408;79;10;4;Chrysler 300 SRT-8 2010;Chrysler;Sedan;07714.jpg
63;137;730;417;182;43;4;Suzuki Kizashi Sedan 2012;Suzuki;Sedan;07715.jpg
13;74;450;333;111;17;6;Ford Ranger SuperCab 2011;Ford;Truck;07716.jpg
52;72;333;284;157;30;0;MINI Cooper Roadster Convertible 2012;MINI Cooper;Convertible;07717.jpg
4;58;423;321;33;4;5;BMW X6 SUV 2012;BMW;SUV;07718.jpg
258;349;966;786;146;26;5;Jeep Wrangler SUV 2012;Jeep;SUV;07719.jpg
74;79;549;311;154;28;5;Land Rover Range Rover SUV 2012;Land Rover;SUV;07720.jpg
87;18;944;717;30;4;8;BMW 3 Series Wagon 2012;BMW;Wagon;07721.jpg
224;57;457;366;166;34;7;Mercedes-Benz Sprinter Van 2012;Mercedes-Benz;Van;07722.jpg
257;205;697;438;130;22;2;Hyundai Veloster Hatchback 2012;Hyundai;Hatchback;07723.jpg
30;137;601;503;105;16;4;Fisker Karma Sedan 2012;Fisker;Sedan;07724.jpg
18;94;397;300;188;45;4;Toyota Corolla Sedan 2012;Toyota;Sedan;07725.jpg
135;208;982;617;66;9;4;Chevrolet Cobalt SS 2010;Chevrolet;Sedan;07726.jpg
76;96;447;294;15;3;1;Audi R8 Coupe 2012;Audi;Coupe;07727.jpg
76;171;507;352;185;44;4;Tesla Model S Sedan 2012;Tesla;Sedan;07728.jpg
51;9;384;309;143;24;5;Isuzu Ascender SUV 2008;Isuzu;SUV;07729.jpg
90;163;547;439;120;18;5;GMC Yukon Hybrid SUV 2012;GMC;SUV;07730.jpg
1;17;408;242;35;4;4;BMW M5 Sedan 2010;BMW;Sedan;07731.jpg
15;18;245;181;113;17;6;Ford F-150 Regular Cab 2012;Ford;Truck;07732.jpg
9;14;296;223;155;28;5;Land Rover LR2 SUV 2012;Land Rover;SUV;07733.jpg
432;174;804;348;79;10;4;Chrysler 300 SRT-8 2010;Chrysler;Sedan;07734.jpg
28;34;1022;756;81;10;0;Chrysler PT Cruiser Convertible 2008;Chrysler;Convertible;07735.jpg
11;15;1261;932;153;27;1;Lamborghini Diablo Coupe 2001;Lamborghini;Coupe;07736.jpg
17;43;290;201;84;12;8;Dodge Caliber Wagon 2007;Dodge;Wagon;07737.jpg
20;93;618;392;121;18;5;GMC Acadia SUV 2012;GMC;SUV;07738.jpg
144;101;991;588;46;6;1;Bugatti Veyron 16.4 Coupe 2009;Bugatti;Coupe;07739.jpg
78;244;1218;696;11;2;1;Aston Martin Virage Coupe 2012;Aston;Coupe;07740.jpg
26;64;574;431;166;34;7;Mercedes-Benz Sprinter Van 2012;Mercedes-Benz;Van;07741.jpg
37;64;364;228;141;23;1;Infiniti G Coupe IPL 2012;Infiniti;Coupe;07742.jpg
36;61;560;309;179;42;0;Spyker C8 Convertible 2009;Spyker;Convertible;07743.jpg
22;22;422;199;125;20;6;HUMMER H2 SUT Crew Cab 2009;HUMMER;Truck;07744.jpg
24;148;528;343;66;9;4;Chevrolet Cobalt SS 2010;Chevrolet;Sedan;07745.jpg
13;77;282;198;156;29;4;Lincoln Town Car Sedan 2011;Lincoln;Sedan;07746.jpg
1;15;640;319;161;34;0;Mercedes-Benz 300-Class Convertible 1993;Mercedes-Benz;Convertible;07747.jpg
102;237;934;644;167;35;4;Mitsubishi Lancer Sedan 2012;Mitsubishi;Sedan;07748.jpg
15;34;350;203;55;9;0;Chevrolet Corvette Convertible 2012;Chevrolet;Convertible;07749.jpg
43;16;383;302;124;20;6;HUMMER H3T Crew Cab 2010;HUMMER;Truck;07750.jpg
139;148;473;333;29;4;4;BMW 3 Series Sedan 2012;BMW;Sedan;07751.jpg
18;149;621;354;4;1;4;Acura TL Type-S 2008;Acura;Sedan;07752.jpg
110;149;1503;1079;145;26;5;Jeep Patriot SUV 2012;Jeep;SUV;07753.jpg
14;32;263;190;42;5;1;Bentley Continental GT Coupe 2012;Bentley;Coupe;07754.jpg
94;307;969;733;129;21;4;Honda Accord Sedan 2012;Honda;Sedan;07755.jpg
30;81;372;244;73;9;4;Chevrolet Malibu Sedan 2007;Chevrolet;Sedan;07756.jpg
42;78;572;341;120;18;5;GMC Yukon Hybrid SUV 2012;GMC;SUV;07757.jpg
27;13;500;366;158;31;0;Maybach Landaulet Convertible 2012;Maybach;Convertible;07758.jpg
31;121;476;315;36;4;0;BMW M6 Convertible 2010;BMW;Convertible;07759.jpg
51;73;606;329;140;22;4;Hyundai Azera Sedan 2012;Hyundai;Sedan;07760.jpg
1;145;1126;735;123;19;0;Geo Metro Convertible 1993;Geo;Convertible;07761.jpg
134;55;553;420;94;12;5;Dodge Durango SUV 2012;Dodge;SUV;07762.jpg
30;39;210;157;77;10;0;Chrysler Sebring Convertible 2010;Chrysler;Convertible;07763.jpg
49;129;458;334;36;4;0;BMW M6 Convertible 2010;BMW;Convertible;07764.jpg
71;35;587;375;14;3;1;Audi TTS Coupe 2012;Audi;Coupe;07765.jpg
27;180;670;401;46;6;1;Bugatti Veyron 16.4 Coupe 2009;Bugatti;Coupe;07766.jpg
7;2;259;178;33;4;5;BMW X6 SUV 2012;BMW;SUV;07767.jpg
16;181;999;667;98;13;2;Eagle Talon Hatchback 1998;Eagle;Hatchback;07768.jpg
17;62;425;314;7;1;2;Acura ZDX Hatchback 2012;Acura;Hatchback;07769.jpg
92;105;649;332;189;45;5;Toyota 4Runner SUV 2012;Toyota;SUV;07770.jpg
117;181;684;537;147;26;5;Jeep Liberty SUV 2012;Jeep;SUV;07771.jpg
55;1;685;531;115;17;4;Ford Focus Sedan 2007;Ford;Sedan;07772.jpg
55;127;526;378;131;22;5;Hyundai Santa Fe SUV 2012;Hyundai;SUV;07773.jpg
1;79;300;202;17;3;4;Audi 100 Sedan 1994;Audi;Sedan;07774.jpg
39;55;203;164;106;17;6;Ford F-450 Super Duty Crew Cab 2012;Ford;Truck;07775.jpg
51;118;465;360;122;18;6;GMC Canyon Extended Cab 2012;GMC;Truck;07776.jpg
132;121;484;315;173;38;4;Porsche Panamera Sedan 2012;Porsche;Sedan;07777.jpg
47;70;542;351;43;5;1;Bentley Continental GT Coupe 2007;Bentley;Coupe;07778.jpg
1;163;1597;817;191;46;2;Volkswagen Golf Hatchback 1991;Volkswagen;Hatchback;07779.jpg
66;188;541;399;67;9;4;Chevrolet Malibu Hybrid Sedan 2010;Chevrolet;Sedan;07780.jpg
1;15;212;159;88;12;7;Dodge Sprinter Cargo Van 2009;Dodge;Van;07781.jpg
5;23;474;324;85;12;3;Dodge Caravan Minivan 1997;Dodge;Minivan;07782.jpg
24;24;256;153;104;15;1;Ferrari 458 Italia Coupe 2012;Ferrari;Coupe;07783.jpg
17;47;252;177;68;9;0;Chevrolet TrailBlazer SS 2009;Chevrolet;Convertible;07784.jpg
62;49;274;176;95;12;5;Dodge Durango SUV 2007;Dodge;SUV;07785.jpg
82;1;570;384;121;18;5;GMC Acadia SUV 2012;GMC;SUV;07786.jpg
24;125;636;440;81;10;0;Chrysler PT Cruiser Convertible 2008;Chrysler;Convertible;07787.jpg
55;147;894;566;192;46;2;Volkswagen Beetle Hatchback 2012;Volkswagen;Hatchback;07788.jpg
7;10;491;298;44;5;4;Bentley Continental Flying Spur Sedan 2007;Bentley;Sedan;07789.jpg
12;21;631;385;102;15;0;Ferrari California Convertible 2012;Ferrari;Convertible;07790.jpg
57;164;1005;504;171;36;1;Nissan 240SX Coupe 1998;Nissan;Coupe;07791.jpg
61;73;587;405;186;45;5;Toyota Sequoia SUV 2012;Toyota;SUV;07792.jpg
51;99;566;359;31;4;0;BMW 6 Series Convertible 2007;BMW;Convertible;07793.jpg
13;16;254;172;121;18;5;GMC Acadia SUV 2012;GMC;SUV;07794.jpg
60;143;609;425;143;24;5;Isuzu Ascender SUV 2008;Isuzu;SUV;07795.jpg
110;126;813;404;173;38;4;Porsche Panamera Sedan 2012;Porsche;Sedan;07796.jpg
28;50;389;255;44;5;4;Bentley Continental Flying Spur Sedan 2007;Bentley;Sedan;07797.jpg
7;108;339;233;161;34;0;Mercedes-Benz 300-Class Convertible 1993;Mercedes-Benz;Convertible;07798.jpg
65;1;431;308;179;42;0;Spyker C8 Convertible 2009;Spyker;Convertible;07799.jpg
30;200;680;452;6;1;4;Acura Integra Type R 2001;Acura;Sedan;07800.jpg
87;170;942;683;81;10;0;Chrysler PT Cruiser Convertible 2008;Chrysler;Convertible;07801.jpg
8;32;299;220;73;9;4;Chevrolet Malibu Sedan 2007;Chevrolet;Sedan;07802.jpg
12;32;265;169;80;10;0;Chrysler Crossfire Convertible 2008;Chrysler;Convertible;07803.jpg
152;177;575;365;92;12;8;Dodge Magnum Wagon 2008;Dodge;Wagon;07804.jpg
11;30;249;165;27;4;0;BMW 1 Series Convertible 2012;BMW;Convertible;07805.jpg
42;72;584;410;178;41;2;Scion xD Hatchback 2012;Scion;Hatchback;07806.jpg
4;70;321;215;177;40;4;Rolls-Royce Phantom Sedan 2012;Rolls-Royce;Sedan;07807.jpg
32;128;423;287;193;47;2;Volvo C30 Hatchback 2012;Volvo;Hatchback;07808.jpg
24;98;590;343;73;9;4;Chevrolet Malibu Sedan 2007;Chevrolet;Sedan;07809.jpg
50;89;575;383;154;28;5;Land Rover Range Rover SUV 2012;Land Rover;SUV;07810.jpg
26;30;246;165;148;26;5;Jeep Grand Cherokee SUV 2012;Jeep;SUV;07811.jpg
33;26;221;165;38;4;0;BMW Z4 Convertible 2012;BMW;Convertible;07812.jpg
27;95;395;274;111;17;6;Ford Ranger SuperCab 2011;Ford;Truck;07813.jpg
14;67;616;353;173;38;4;Porsche Panamera Sedan 2012;Porsche;Sedan;07814.jpg
119;168;697;423;189;45;5;Toyota 4Runner SUV 2012;Toyota;SUV;07815.jpg
77;125;601;399;132;22;5;Hyundai Tucson SUV 2012;Hyundai;SUV;07816.jpg
70;332;1548;1044;161;34;0;Mercedes-Benz 300-Class Convertible 1993;Mercedes-Benz;Convertible;07817.jpg
20;56;616;350;91;12;6;Dodge Dakota Club Cab 2007;Dodge;Truck;07818.jpg
141;61;880;715;184;43;4;Suzuki SX4 Sedan 2012;Suzuki;Sedan;07819.jpg
99;301;1167;680;112;17;1;Ford GT Coupe 2006;Ford;Coupe;07820.jpg
35;27;605;429;172;37;1;Plymouth Neon Coupe 1999;Plymouth;Coupe;07821.jpg
2;40;259;166;19;3;2;Audi TT Hatchback 2011;Audi;Hatchback;07822.jpg
21;23;244;149;190;46;2;Volkswagen Golf Hatchback 2012;Volkswagen;Hatchback;07823.jpg
25;101;615;297;73;9;4;Chevrolet Malibu Sedan 2007;Chevrolet;Sedan;07824.jpg
51;44;481;269;162;34;4;Mercedes-Benz C-Class Sedan 2012;Mercedes-Benz;Sedan;07825.jpg
17;112;390;238;152;27;1;Lamborghini Gallardo LP 570-4 Superleggera 2012;Lamborghini;Coupe;07826.jpg
27;106;407;275;175;40;0;Rolls-Royce Phantom Drophead Coupe Convertible 2012;Rolls-Royce;Convertible;07827.jpg
41;133;990;642;119;18;7;GMC Savana Van 2012;GMC;Van;07828.jpg
7;162;621;388;102;15;0;Ferrari California Convertible 2012;Ferrari;Convertible;07829.jpg
27;9;471;280;110;17;5;Ford Edge SUV 2012;Ford;SUV;07830.jpg
4;34;250;148;57;9;1;Chevrolet Corvette Ron Fellows Edition Z06 2007;Chevrolet;Coupe;07831.jpg
40;76;584;315;96;12;4;Dodge Charger Sedan 2012;Dodge;Sedan;07832.jpg
135;132;535;330;7;1;2;Acura ZDX Hatchback 2012;Acura;Hatchback;07833.jpg
47;86;554;377;176;40;4;Rolls-Royce Ghost Sedan 2012;Rolls-Royce;Sedan;07834.jpg
259;71;1258;833;157;30;0;MINI Cooper Roadster Convertible 2012;MINI Cooper;Convertible;07835.jpg
14;77;489;287;93;12;1;Dodge Challenger SRT8 2011;Dodge;Coupe;07836.jpg
253;313;1372;919;112;17;1;Ford GT Coupe 2006;Ford;Coupe;07837.jpg
88;220;500;430;148;26;5;Jeep Grand Cherokee SUV 2012;Jeep;SUV;07838.jpg
3;1;122;96;174;39;3;Ram C/V Cargo Van Minivan 2012;Ram;Minivan;07839.jpg
54;8;595;349;105;16;4;Fisker Karma Sedan 2012;Fisker;Sedan;07840.jpg
52;62;559;271;29;4;4;BMW 3 Series Sedan 2012;BMW;Sedan;07841.jpg
128;89;928;575;77;10;0;Chrysler Sebring Convertible 2010;Chrysler;Convertible;07842.jpg
14;54;481;323;117;17;4;Ford Fiesta Sedan 2012;Ford;Sedan;07843.jpg
37;71;668;441;120;18;5;GMC Yukon Hybrid SUV 2012;GMC;SUV;07844.jpg
78;185;933;505;171;36;1;Nissan 240SX Coupe 1998;Nissan;Coupe;07845.jpg
78;289;669;633;196;48;0;smart fortwo Convertible 2012;smart;Convertible;07846.jpg
36;89;670;351;156;29;4;Lincoln Town Car Sedan 2011;Lincoln;Sedan;07847.jpg
142;52;639;475;50;7;5;Buick Enclave SUV 2012;Buick;SUV;07848.jpg
60;99;625;380;102;15;0;Ferrari California Convertible 2012;Ferrari;Convertible;07849.jpg
157;180;1022;565;59;9;0;Chevrolet Camaro Convertible 2012;Chevrolet;Convertible;07850.jpg
77;277;1160;763;164;34;4;Mercedes-Benz E-Class Sedan 2012;Mercedes-Benz;Sedan;07851.jpg
1;168;948;503;74;9;6;Chevrolet Silverado 1500 Extended Cab 2012;Chevrolet;Truck;07852.jpg
16;50;418;310;52;8;5;Cadillac SRX SUV 2012;Cadillac;SUV;07853.jpg
91;337;1014;749;21;3;0;Audi S5 Convertible 2012;Audi;Convertible;07854.jpg
42;106;336;266;95;12;5;Dodge Durango SUV 2007;Dodge;SUV;07855.jpg
142;397;1477;835;156;29;4;Lincoln Town Car Sedan 2011;Lincoln;Sedan;07856.jpg
73;1;487;343;166;34;7;Mercedes-Benz Sprinter Van 2012;Mercedes-Benz;Van;07857.jpg
40;103;626;378;194;47;4;Volvo 240 Sedan 1993;Volvo;Sedan;07858.jpg
49;173;991;620;172;37;1;Plymouth Neon Coupe 1999;Plymouth;Coupe;07859.jpg
58;73;570;387;6;1;4;Acura Integra Type R 2001;Acura;Sedan;07860.jpg
143;438;1954;1293;62;9;5;Chevrolet Tahoe Hybrid SUV 2012;Chevrolet;SUV;07861.jpg
27;50;228;162;123;19;0;Geo Metro Convertible 1993;Geo;Convertible;07862.jpg
34;116;955;589;74;9;6;Chevrolet Silverado 1500 Extended Cab 2012;Chevrolet;Truck;07863.jpg
98;183;949;686;132;22;5;Hyundai Tucson SUV 2012;Hyundai;SUV;07864.jpg
7;51;290;181;153;27;1;Lamborghini Diablo Coupe 2001;Lamborghini;Coupe;07865.jpg
42;70;820;461;191;46;2;Volkswagen Golf Hatchback 1991;Volkswagen;Hatchback;07866.jpg
133;318;1129;812;45;6;0;Bugatti Veyron 16.4 Convertible 2009;Bugatti;Convertible;07867.jpg
56;30;212;172;69;9;6;Chevrolet Silverado 2500HD Regular Cab 2012;Chevrolet;Truck;07868.jpg
8;54;255;135;92;12;8;Dodge Magnum Wagon 2008;Dodge;Wagon;07869.jpg
1;57;244;187;104;15;1;Ferrari 458 Italia Coupe 2012;Ferrari;Coupe;07870.jpg
27;75;619;421;75;9;6;Chevrolet Silverado 1500 Regular Cab 2012;Chevrolet;Truck;07871.jpg
71;105;323;265;148;26;5;Jeep Grand Cherokee SUV 2012;Jeep;SUV;07872.jpg
25;50;625;431;145;26;5;Jeep Patriot SUV 2012;Jeep;SUV;07873.jpg
29;18;242;192;48;7;5;Buick Rainier SUV 2007;Buick;SUV;07874.jpg
5;126;633;361;111;17;6;Ford Ranger SuperCab 2011;Ford;Truck;07875.jpg
7;39;295;160;56;9;1;Chevrolet Corvette ZR1 2012;Chevrolet;Coupe;07876.jpg
250;172;1594;980;160;33;1;McLaren MP4-12C Coupe 2012;McLaren;Coupe;07877.jpg
13;71;417;242;24;3;4;Audi S4 Sedan 2007;Audi;Sedan;07878.jpg
138;268;1953;1088;19;3;2;Audi TT Hatchback 2011;Audi;Hatchback;07879.jpg
8;13;622;267;26;4;4;BMW ActiveHybrid 5 Sedan 2012;BMW;Sedan;07880.jpg
30;49;482;314;130;22;2;Hyundai Veloster Hatchback 2012;Hyundai;Hatchback;07881.jpg
241;358;1597;898;160;33;1;McLaren MP4-12C Coupe 2012;McLaren;Coupe;07882.jpg
11;78;967;675;95;12;5;Dodge Durango SUV 2007;Dodge;SUV;07883.jpg
44;88;538;432;166;34;7;Mercedes-Benz Sprinter Van 2012;Mercedes-Benz;Van;07884.jpg
28;84;433;288;21;3;0;Audi S5 Convertible 2012;Audi;Convertible;07885.jpg
70;100;657;324;137;22;4;Hyundai Genesis Sedan 2012;Hyundai;Sedan;07886.jpg
27;48;279;175;134;22;4;Hyundai Sonata Hybrid Sedan 2012;Hyundai;Sedan;07887.jpg
712;346;1375;706;164;34;4;Mercedes-Benz E-Class Sedan 2012;Mercedes-Benz;Sedan;07888.jpg
40;67;275;160;24;3;4;Audi S4 Sedan 2007;Audi;Sedan;07889.jpg
54;74;1391;934;192;46;2;Volkswagen Beetle Hatchback 2012;Volkswagen;Hatchback;07890.jpg
9;114;568;313;152;27;1;Lamborghini Gallardo LP 570-4 Superleggera 2012;Lamborghini;Coupe;07891.jpg
13;170;612;413;50;7;5;Buick Enclave SUV 2012;Buick;SUV;07892.jpg
37;50;272;188;162;34;4;Mercedes-Benz C-Class Sedan 2012;Mercedes-Benz;Sedan;07893.jpg
170;381;885;735;50;7;5;Buick Enclave SUV 2012;Buick;SUV;07894.jpg
31;6;494;272;196;48;0;smart fortwo Convertible 2012;smart;Convertible;07895.jpg
10;12;783;437;35;4;4;BMW M5 Sedan 2010;BMW;Sedan;07896.jpg
18;141;603;367;2;1;4;Acura RL Sedan 2012;Acura;Sedan;07897.jpg
107;123;554;422;93;12;1;Dodge Challenger SRT8 2011;Dodge;Coupe;07898.jpg
55;181;1237;583;93;12;1;Dodge Challenger SRT8 2011;Dodge;Coupe;07899.jpg
78;83;594;419;194;47;4;Volvo 240 Sedan 1993;Volvo;Sedan;07900.jpg
60;58;536;389;38;4;0;BMW Z4 Convertible 2012;BMW;Convertible;07901.jpg
1;337;835;712;147;26;5;Jeep Liberty SUV 2012;Jeep;SUV;07902.jpg
42;95;640;356;159;32;5;Mazda Tribute SUV 2011;Mazda;SUV;07903.jpg
74;50;315;157;74;9;6;Chevrolet Silverado 1500 Extended Cab 2012;Chevrolet;Truck;07904.jpg
15;41;383;184;107;17;0;Ford Mustang Convertible 2007;Ford;Convertible;07905.jpg
68;134;524;425;119;18;7;GMC Savana Van 2012;GMC;Van;07906.jpg
6;16;272;167;68;9;0;Chevrolet TrailBlazer SS 2009;Chevrolet;Convertible;07907.jpg
79;150;531;326;49;7;4;Buick Verano Sedan 2012;Buick;Sedan;07908.jpg
103;72;649;402;100;14;0;FIAT 500 Convertible 2012;FIAT;Convertible;07909.jpg
24;51;276;192;51;8;4;Cadillac CTS-V Sedan 2012;Cadillac;Sedan;07910.jpg
43;53;455;319;74;9;6;Chevrolet Silverado 1500 Extended Cab 2012;Chevrolet;Truck;07911.jpg
42;29;602;406;96;12;4;Dodge Charger Sedan 2012;Dodge;Sedan;07912.jpg
138;38;559;294;81;10;0;Chrysler PT Cruiser Convertible 2008;Chrysler;Convertible;07913.jpg
53;276;1330;723;161;34;0;Mercedes-Benz 300-Class Convertible 1993;Mercedes-Benz;Convertible;07914.jpg
48;171;678;400;136;22;4;Hyundai Accent Sedan 2012;Hyundai;Sedan;07915.jpg
78;153;594;421;4;1;4;Acura TL Type-S 2008;Acura;Sedan;07916.jpg
45;55;590;391;188;45;4;Toyota Corolla Sedan 2012;Toyota;Sedan;07917.jpg
13;22;477;357;116;17;7;Ford E-Series Wagon Van 2012;Ford;Van;07918.jpg
1;2;476;415;171;36;1;Nissan 240SX Coupe 1998;Nissan;Coupe;07919.jpg
10;122;371;256;141;23;1;Infiniti G Coupe IPL 2012;Infiniti;Coupe;07920.jpg
32;122;486;286;47;7;4;Buick Regal GS 2012;Buick;Sedan;07921.jpg
24;152;460;314;34;4;1;BMW M3 Coupe 2012;BMW;Coupe;07922.jpg
44;282;1151;867;95;12;5;Dodge Durango SUV 2007;Dodge;SUV;07923.jpg
7;143;994;733;94;12;5;Dodge Durango SUV 2012;Dodge;SUV;07924.jpg
73;141;702;435;55;9;0;Chevrolet Corvette Convertible 2012;Chevrolet;Convertible;07925.jpg
155;18;637;493;172;37;1;Plymouth Neon Coupe 1999;Plymouth;Coupe;07926.jpg
36;112;526;357;119;18;7;GMC Savana Van 2012;GMC;Van;07927.jpg
116;122;969;621;159;32;5;Mazda Tribute SUV 2011;Mazda;SUV;07928.jpg
26;49;591;432;184;43;4;Suzuki SX4 Sedan 2012;Suzuki;Sedan;07929.jpg
23;100;577;381;16;3;4;Audi V8 Sedan 1994;Audi;Sedan;07930.jpg
35;168;959;614;56;9;1;Chevrolet Corvette ZR1 2012;Chevrolet;Coupe;07931.jpg
20;74;984;548;173;38;4;Porsche Panamera Sedan 2012;Porsche;Sedan;07932.jpg
116;185;546;413;108;17;3;Ford Freestar Minivan 2007;Ford;Minivan;07933.jpg
189;213;499;378;183;43;2;Suzuki SX4 Hatchback 2012;Suzuki;Hatchback;07934.jpg
49;30;747;484;179;42;0;Spyker C8 Convertible 2009;Spyker;Convertible;07935.jpg
53;275;2769;1378;167;35;4;Mitsubishi Lancer Sedan 2012;Mitsubishi;Sedan;07936.jpg
45;90;582;407;109;17;5;Ford Expedition EL SUV 2009;Ford;SUV;07937.jpg
20;61;421;306;24;3;4;Audi S4 Sedan 2007;Audi;Sedan;07938.jpg
51;30;572;328;189;45;5;Toyota 4Runner SUV 2012;Toyota;SUV;07939.jpg
180;48;805;460;47;7;4;Buick Regal GS 2012;Buick;Sedan;07940.jpg
111;94;421;289;157;30;0;MINI Cooper Roadster Convertible 2012;MINI Cooper;Convertible;07941.jpg
2;6;300;213;131;22;5;Hyundai Santa Fe SUV 2012;Hyundai;SUV;07942.jpg
13;75;421;243;62;9;5;Chevrolet Tahoe Hybrid SUV 2012;Chevrolet;SUV;07943.jpg
29;158;745;354;158;31;0;Maybach Landaulet Convertible 2012;Maybach;Convertible;07944.jpg
15;42;291;174;128;21;1;Honda Accord Coupe 2012;Honda;Coupe;07945.jpg
26;69;227;194;143;24;5;Isuzu Ascender SUV 2008;Isuzu;SUV;07946.jpg
92;87;593;383;89;12;5;Dodge Journey SUV 2012;Dodge;SUV;07947.jpg
18;261;633;464;44;5;4;Bentley Continental Flying Spur Sedan 2007;Bentley;Sedan;07948.jpg
31;71;1775;1010;191;46;2;Volkswagen Golf Hatchback 1991;Volkswagen;Hatchback;07949.jpg
62;118;422;353;120;18;5;GMC Yukon Hybrid SUV 2012;GMC;SUV;07950.jpg
60;135;657;336;49;7;4;Buick Verano Sedan 2012;Buick;Sedan;07951.jpg
30;60;280;158;128;21;1;Honda Accord Coupe 2012;Honda;Coupe;07952.jpg
24;67;432;327;77;10;0;Chrysler Sebring Convertible 2010;Chrysler;Convertible;07953.jpg
5;29;265;166;56;9;1;Chevrolet Corvette ZR1 2012;Chevrolet;Coupe;07954.jpg
21;56;623;376;117;17;4;Ford Fiesta Sedan 2012;Ford;Sedan;07955.jpg
15;64;290;158;51;8;4;Cadillac CTS-V Sedan 2012;Cadillac;Sedan;07956.jpg
29;79;1260;647;181;43;4;Suzuki Aerio Sedan 2007;Suzuki;Sedan;07957.jpg
44;36;2313;1495;192;46;2;Volkswagen Beetle Hatchback 2012;Volkswagen;Hatchback;07958.jpg
1;57;150;136;157;30;0;MINI Cooper Roadster Convertible 2012;MINI Cooper;Convertible;07959.jpg
2;24;288;129;2;1;4;Acura RL Sedan 2012;Acura;Sedan;07960.jpg
8;61;295;156;128;21;1;Honda Accord Coupe 2012;Honda;Coupe;07961.jpg
73;219;533;371;129;21;4;Honda Accord Sedan 2012;Honda;Sedan;07962.jpg
86;158;537;401;69;9;6;Chevrolet Silverado 2500HD Regular Cab 2012;Chevrolet;Truck;07963.jpg
21;22;248;183;42;5;1;Bentley Continental GT Coupe 2012;Bentley;Coupe;07964.jpg
6;55;265;150;82;11;8;Daewoo Nubira Wagon 2002;Daewoo;Wagon;07965.jpg
79;469;1537;1198;1;0;5;AM General Hummer SUV 2000;AM;SUV;07966.jpg
42;48;405;299;95;12;5;Dodge Durango SUV 2007;Dodge;SUV;07967.jpg
91;142;417;295;52;8;5;Cadillac SRX SUV 2012;Cadillac;SUV;07968.jpg
173;139;960;576;62;9;5;Chevrolet Tahoe Hybrid SUV 2012;Chevrolet;SUV;07969.jpg
22;71;280;166;171;36;1;Nissan 240SX Coupe 1998;Nissan;Coupe;07970.jpg
51;78;444;349;99;14;2;FIAT 500 Abarth 2012;FIAT;Hatchback;07971.jpg
40;70;574;317;107;17;0;Ford Mustang Convertible 2007;Ford;Convertible;07972.jpg
67;204;614;480;82;11;8;Daewoo Nubira Wagon 2002;Daewoo;Wagon;07973.jpg
6;87;256;194;53;8;6;Cadillac Escalade EXT Crew Cab 2007;Cadillac;Truck;07974.jpg
74;150;370;324;175;40;0;Rolls-Royce Phantom Drophead Coupe Convertible 2012;Rolls-Royce;Convertible;07975.jpg
36;162;982;675;13;3;1;Audi A5 Coupe 2012;Audi;Coupe;07976.jpg
213;31;842;397;168;36;2;Nissan Leaf Hatchback 2012;Nissan;Hatchback;07977.jpg
68;238;872;525;151;27;1;Lamborghini Aventador Coupe 2012;Lamborghini;Coupe;07978.jpg
62;83;449;274;82;11;8;Daewoo Nubira Wagon 2002;Daewoo;Wagon;07979.jpg
49;177;774;544;70;9;6;Chevrolet Silverado 1500 Classic Extended Cab 2007;Chevrolet;Truck;07980.jpg
104;111;453;309;93;12;1;Dodge Challenger SRT8 2011;Dodge;Coupe;07981.jpg
21;111;626;317;176;40;4;Rolls-Royce Ghost Sedan 2012;Rolls-Royce;Sedan;07982.jpg
23;33;467;232;93;12;1;Dodge Challenger SRT8 2011;Dodge;Coupe;07983.jpg
150;137;441;289;179;42;0;Spyker C8 Convertible 2009;Spyker;Convertible;07984.jpg
73;81;674;446;119;18;7;GMC Savana Van 2012;GMC;Van;07985.jpg
42;165;789;498;145;26;5;Jeep Patriot SUV 2012;Jeep;SUV;07986.jpg
38;224;947;519;187;45;4;Toyota Camry Sedan 2012;Toyota;Sedan;07987.jpg
52;4;485;257;134;22;4;Hyundai Sonata Hybrid Sedan 2012;Hyundai;Sedan;07988.jpg
10;32;292;181;190;46;2;Volkswagen Golf Hatchback 2012;Volkswagen;Hatchback;07989.jpg
42;75;509;372;43;5;1;Bentley Continental GT Coupe 2007;Bentley;Coupe;07990.jpg
13;18;533;283;154;28;5;Land Rover Range Rover SUV 2012;Land Rover;SUV;07991.jpg
47;106;880;447;137;22;4;Hyundai Genesis Sedan 2012;Hyundai;Sedan;07992.jpg
20;112;604;348;103;15;0;Ferrari 458 Italia Convertible 2012;Ferrari;Convertible;07993.jpg
6;26;254;120;31;4;0;BMW 6 Series Convertible 2007;BMW;Convertible;07994.jpg
16;37;247;184;108;17;3;Ford Freestar Minivan 2007;Ford;Minivan;07995.jpg
6;6;245;180;171;36;1;Nissan 240SX Coupe 1998;Nissan;Coupe;07996.jpg
67;69;412;256;142;23;5;Infiniti QX56 SUV 2011;Infiniti;SUV;07997.jpg
6;82;245;181;76;10;5;Chrysler Aspen SUV 2009;Chrysler;SUV;07998.jpg
1;96;631;363;70;9;6;Chevrolet Silverado 1500 Classic Extended Cab 2007;Chevrolet;Truck;07999.jpg
99;200;1103;668;162;34;4;Mercedes-Benz C-Class Sedan 2012;Mercedes-Benz;Sedan;08000.jpg
24;18;627;434;149;26;5;Jeep Compass SUV 2012;Jeep;SUV;08001.jpg
57;111;691;413;161;34;0;Mercedes-Benz 300-Class Convertible 1993;Mercedes-Benz;Convertible;08002.jpg
20;58;243;162;131;22;5;Hyundai Santa Fe SUV 2012;Hyundai;SUV;08003.jpg
90;175;626;411;30;4;8;BMW 3 Series Wagon 2012;BMW;Wagon;08004.jpg
131;124;537;329;3;1;4;Acura TL Sedan 2012;Acura;Sedan;08005.jpg
30;146;666;378;140;22;4;Hyundai Azera Sedan 2012;Hyundai;Sedan;08006.jpg
27;147;1240;836;36;4;0;BMW M6 Convertible 2010;BMW;Convertible;08007.jpg
349;229;1237;907;66;9;4;Chevrolet Cobalt SS 2010;Chevrolet;Sedan;08008.jpg
12;339;1437;1073;162;34;4;Mercedes-Benz C-Class Sedan 2012;Mercedes-Benz;Sedan;08009.jpg
35;73;372;248;17;3;4;Audi 100 Sedan 1994;Audi;Sedan;08010.jpg
10;6;250;110;1;0;5;AM General Hummer SUV 2000;AM;SUV;08011.jpg
60;136;1165;617;150;27;1;Lamborghini Reventon Coupe 2008;Lamborghini;Coupe;08012.jpg
28;229;1022;679;119;18;7;GMC Savana Van 2012;GMC;Van;08013.jpg
6;40;400;246;12;3;0;Audi RS 4 Convertible 2008;Audi;Convertible;08014.jpg
80;517;1235;901;40;5;4;Bentley Arnage Sedan 2009;Bentley;Sedan;08015.jpg
69;50;204;156;5;1;4;Acura TSX Sedan 2012;Acura;Sedan;08016.jpg
16;14;247;170;65;9;6;Chevrolet Avalanche Crew Cab 2012;Chevrolet;Truck;08017.jpg
181;51;427;232;6;1;4;Acura Integra Type R 2001;Acura;Sedan;08018.jpg
24;27;616;346;138;22;4;Hyundai Sonata Sedan 2012;Hyundai;Sedan;08019.jpg
32;194;584;452;87;12;6;Dodge Ram Pickup 3500 Quad Cab 2009;Dodge;Truck;08020.jpg
49;264;976;669;28;4;1;BMW 1 Series Coupe 2012;BMW;Coupe;08021.jpg
58;141;701;446;152;27;1;Lamborghini Gallardo LP 570-4 Superleggera 2012;Lamborghini;Coupe;08022.jpg
50;177;976;632;141;23;1;Infiniti G Coupe IPL 2012;Infiniti;Coupe;08023.jpg
152;195;595;446;159;32;5;Mazda Tribute SUV 2011;Mazda;SUV;08024.jpg
1;20;140;82;119;18;7;GMC Savana Van 2012;GMC;Van;08025.jpg
208;157;811;583;24;3;4;Audi S4 Sedan 2007;Audi;Sedan;08026.jpg
8;61;500;273;13;3;1;Audi A5 Coupe 2012;Audi;Coupe;08027.jpg
85;59;774;522;13;3;1;Audi A5 Coupe 2012;Audi;Coupe;08028.jpg
22;26;281;182;106;17;6;Ford F-450 Super Duty Crew Cab 2012;Ford;Truck;08029.jpg
111;101;350;281;99;14;2;FIAT 500 Abarth 2012;FIAT;Hatchback;08030.jpg
12;16;117;71;1;0;5;AM General Hummer SUV 2000;AM;SUV;08031.jpg
42;107;481;313;34;4;1;BMW M3 Coupe 2012;BMW;Coupe;08032.jpg
48;68;488;273;36;4;0;BMW M6 Convertible 2010;BMW;Convertible;08033.jpg
83;68;561;373;73;9;4;Chevrolet Malibu Sedan 2007;Chevrolet;Sedan;08035.jpg
41;392;984;719;187;45;4;Toyota Camry Sedan 2012;Toyota;Sedan;08036.jpg
55;210;1007;665;71;9;7;Chevrolet Express Van 2007;Chevrolet;Van;08037.jpg
16;91;257;177;80;10;0;Chrysler Crossfire Convertible 2008;Chrysler;Convertible;08038.jpg
417;32;1664;1262;147;26;5;Jeep Liberty SUV 2012;Jeep;SUV;08039.jpg
88;21;928;601;57;9;1;Chevrolet Corvette Ron Fellows Edition Z06 2007;Chevrolet;Coupe;08040.jpg
14;44;241;154;165;34;4;Mercedes-Benz S-Class Sedan 2012;Mercedes-Benz;Sedan;08041.jpg
77;229;588;433;50;7;5;Buick Enclave SUV 2012;Buick;SUV;08042.jpg
1;146;533;357;17;3;4;Audi 100 Sedan 1994;Audi;Sedan;08043.jpg
32;121;651;410;10;2;0;Aston Martin Virage Convertible 2012;Aston;Convertible;08044.jpg
40;97;614;456;139;22;2;Hyundai Elantra Touring Hatchback 2012;Hyundai;Hatchback;08045.jpg
168;162;633;416;188;45;4;Toyota Corolla Sedan 2012;Toyota;Sedan;08046.jpg
226;481;1531;1126;79;10;4;Chrysler 300 SRT-8 2010;Chrysler;Sedan;08047.jpg
31;86;456;410;36;4;0;BMW M6 Convertible 2010;BMW;Convertible;08048.jpg
65;40;477;387;64;9;7;Chevrolet Express Cargo Van 2007;Chevrolet;Van;08049.jpg
79;191;595;476;94;12;5;Dodge Durango SUV 2012;Dodge;SUV;08050.jpg
82;92;1178;753;11;2;1;Aston Martin Virage Coupe 2012;Aston;Coupe;08051.jpg
36;201;1918;933;154;28;5;Land Rover Range Rover SUV 2012;Land Rover;SUV;08052.jpg
35;96;434;315;24;3;4;Audi S4 Sedan 2007;Audi;Sedan;08053.jpg
31;71;541;284;117;17;4;Ford Fiesta Sedan 2012;Ford;Sedan;08054.jpg
228;564;1436;1025;22;3;1;Audi S5 Coupe 2012;Audi;Coupe;08055.jpg
62;98;583;416;119;18;7;GMC Savana Van 2012;GMC;Van;08056.jpg
5;43;258;181;143;24;5;Isuzu Ascender SUV 2008;Isuzu;SUV;08057.jpg
10;48;292;219;32;4;5;BMW X5 SUV 2007;BMW;SUV;08058.jpg
89;69;332;274;121;18;5;GMC Acadia SUV 2012;GMC;SUV;08059.jpg
40;44;1253;885;145;26;5;Jeep Patriot SUV 2012;Jeep;SUV;08060.jpg
14;41;547;343;166;34;7;Mercedes-Benz Sprinter Van 2012;Mercedes-Benz;Van;08061.jpg
6;30;258;170;54;9;6;Chevrolet Silverado 1500 Hybrid Crew Cab 2012;Chevrolet;Truck;08062.jpg
35;119;766;460;121;18;5;GMC Acadia SUV 2012;GMC;SUV;08063.jpg
20;69;576;480;132;22;5;Hyundai Tucson SUV 2012;Hyundai;SUV;08064.jpg
134;15;530;317;148;26;5;Jeep Grand Cherokee SUV 2012;Jeep;SUV;08065.jpg
49;197;594;409;115;17;4;Ford Focus Sedan 2007;Ford;Sedan;08066.jpg
70;102;569;360;150;27;1;Lamborghini Reventon Coupe 2008;Lamborghini;Coupe;08067.jpg
201;77;634;294;37;4;5;BMW X3 SUV 2012;BMW;SUV;08068.jpg
42;33;390;276;155;28;5;Land Rover LR2 SUV 2012;Land Rover;SUV;08069.jpg
34;17;223;94;62;9;5;Chevrolet Tahoe Hybrid SUV 2012;Chevrolet;SUV;08070.jpg
12;89;453;353;193;47;2;Volvo C30 Hatchback 2012;Volvo;Hatchback;08071.jpg
1;63;500;265;126;21;3;Honda Odyssey Minivan 2012;Honda;Minivan;08072.jpg
40;119;575;349;42;5;1;Bentley Continental GT Coupe 2012;Bentley;Coupe;08073.jpg
70;502;977;951;63;9;4;Chevrolet Sonic Sedan 2012;Chevrolet;Sedan;08074.jpg
90;47;807;499;63;9;4;Chevrolet Sonic Sedan 2012;Chevrolet;Sedan;08075.jpg
44;271;970;532;105;16;4;Fisker Karma Sedan 2012;Fisker;Sedan;08076.jpg
44;90;550;298;66;9;4;Chevrolet Cobalt SS 2010;Chevrolet;Sedan;08077.jpg
85;141;1201;622;182;43;4;Suzuki Kizashi Sedan 2012;Suzuki;Sedan;08078.jpg
80;93;932;558;114;17;6;Ford F-150 Regular Cab 2007;Ford;Truck;08079.jpg
20;146;629;384;75;9;6;Chevrolet Silverado 1500 Regular Cab 2012;Chevrolet;Truck;08080.jpg
19;25;287;217;23;3;4;Audi S4 Sedan 2012;Audi;Sedan;08081.jpg
9;87;490;357;37;4;5;BMW X3 SUV 2012;BMW;SUV;08082.jpg
111;231;917;634;164;34;4;Mercedes-Benz E-Class Sedan 2012;Mercedes-Benz;Sedan;08083.jpg
111;58;451;312;130;22;2;Hyundai Veloster Hatchback 2012;Hyundai;Hatchback;08084.jpg
92;107;632;416;10;2;0;Aston Martin Virage Convertible 2012;Aston;Convertible;08085.jpg
41;60;318;268;12;3;0;Audi RS 4 Convertible 2008;Audi;Convertible;08086.jpg
5;14;84;55;123;19;0;Geo Metro Convertible 1993;Geo;Convertible;08087.jpg
30;42;241;159;190;46;2;Volkswagen Golf Hatchback 2012;Volkswagen;Hatchback;08088.jpg
42;13;246;171;129;21;4;Honda Accord Sedan 2012;Honda;Sedan;08089.jpg
19;180;596;439;90;12;6;Dodge Dakota Crew Cab 2010;Dodge;Truck;08090.jpg
55;91;614;439;95;12;5;Dodge Durango SUV 2007;Dodge;SUV;08091.jpg
11;168;626;385;87;12;6;Dodge Ram Pickup 3500 Quad Cab 2009;Dodge;Truck;08092.jpg
85;273;493;425;102;15;0;Ferrari California Convertible 2012;Ferrari;Convertible;08093.jpg
59;85;615;411;54;9;6;Chevrolet Silverado 1500 Hybrid Crew Cab 2012;Chevrolet;Truck;08094.jpg
268;269;641;454;45;6;0;Bugatti Veyron 16.4 Convertible 2009;Bugatti;Convertible;08095.jpg
25;118;319;232;8;2;0;Aston Martin V8 Vantage Convertible 2012;Aston;Convertible;08096.jpg
39;138;649;339;55;9;0;Chevrolet Corvette Convertible 2012;Chevrolet;Convertible;08097.jpg
10;12;445;251;181;43;4;Suzuki Aerio Sedan 2007;Suzuki;Sedan;08098.jpg
17;42;297;158;116;17;7;Ford E-Series Wagon Van 2012;Ford;Van;08099.jpg
23;68;626;450;81;10;0;Chrysler PT Cruiser Convertible 2008;Chrysler;Convertible;08100.jpg
63;85;587;394;168;36;2;Nissan Leaf Hatchback 2012;Nissan;Hatchback;08101.jpg
222;337;1764;942;164;34;4;Mercedes-Benz E-Class Sedan 2012;Mercedes-Benz;Sedan;08102.jpg
78;164;741;495;189;45;5;Toyota 4Runner SUV 2012;Toyota;SUV;08103.jpg
31;61;551;425;187;45;4;Toyota Camry Sedan 2012;Toyota;Sedan;08104.jpg
30;80;1740;694;85;12;3;Dodge Caravan Minivan 1997;Dodge;Minivan;08105.jpg
33;73;396;307;151;27;1;Lamborghini Aventador Coupe 2012;Lamborghini;Coupe;08106.jpg
95;174;1215;770;79;10;4;Chrysler 300 SRT-8 2010;Chrysler;Sedan;08107.jpg
11;42;249;156;60;9;8;Chevrolet HHR SS 2010;Chevrolet;Wagon;08108.jpg
52;135;422;284;155;28;5;Land Rover LR2 SUV 2012;Land Rover;SUV;08109.jpg
22;13;289;200;186;45;5;Toyota Sequoia SUV 2012;Toyota;SUV;08110.jpg
148;85;1504;1036;170;36;2;Nissan Juke Hatchback 2012;Nissan;Hatchback;08111.jpg
44;51;253;144;97;12;4;Dodge Charger SRT-8 2009;Dodge;Sedan;08112.jpg
50;53;431;305;117;17;4;Ford Fiesta Sedan 2012;Ford;Sedan;08113.jpg
12;137;540;368;166;34;7;Mercedes-Benz Sprinter Van 2012;Mercedes-Benz;Van;08114.jpg
25;46;775;555;163;34;1;Mercedes-Benz SL-Class Coupe 2009;Mercedes-Benz;Coupe;08116.jpg
107;151;932;656;75;9;6;Chevrolet Silverado 1500 Regular Cab 2012;Chevrolet;Truck;08117.jpg
21;127;628;413;32;4;5;BMW X5 SUV 2007;BMW;SUV;08118.jpg
27;53;242;148;67;9;4;Chevrolet Malibu Hybrid Sedan 2010;Chevrolet;Sedan;08119.jpg
37;111;582;391;128;21;1;Honda Accord Coupe 2012;Honda;Coupe;08120.jpg
20;32;280;188;153;27;1;Lamborghini Diablo Coupe 2001;Lamborghini;Coupe;08121.jpg
15;42;475;318;52;8;5;Cadillac SRX SUV 2012;Cadillac;SUV;08122.jpg
65;55;437;271;178;41;2;Scion xD Hatchback 2012;Scion;Hatchback;08123.jpg
10;54;374;212;40;5;4;Bentley Arnage Sedan 2009;Bentley;Sedan;08124.jpg
24;85;225;159;55;9;0;Chevrolet Corvette Convertible 2012;Chevrolet;Convertible;08125.jpg
69;60;603;345;117;17;4;Ford Fiesta Sedan 2012;Ford;Sedan;08126.jpg
38;29;380;177;5;1;4;Acura TSX Sedan 2012;Acura;Sedan;08127.jpg
61;138;768;526;112;17;1;Ford GT Coupe 2006;Ford;Coupe;08128.jpg
529;463;1306;808;46;6;1;Bugatti Veyron 16.4 Coupe 2009;Bugatti;Coupe;08129.jpg
46;31;572;417;46;6;1;Bugatti Veyron 16.4 Coupe 2009;Bugatti;Coupe;08130.jpg
19;77;619;398;119;18;7;GMC Savana Van 2012;GMC;Van;08131.jpg
53;65;424;269;153;27;1;Lamborghini Diablo Coupe 2001;Lamborghini;Coupe;08132.jpg
57;236;881;569;3;1;4;Acura TL Sedan 2012;Acura;Sedan;08133.jpg
26;26;300;222;124;20;6;HUMMER H3T Crew Cab 2010;HUMMER;Truck;08134.jpg
53;44;430;293;85;12;3;Dodge Caravan Minivan 1997;Dodge;Minivan;08135.jpg
54;122;942;590;187;45;4;Toyota Camry Sedan 2012;Toyota;Sedan;08136.jpg
30;287;999;658;17;3;4;Audi 100 Sedan 1994;Audi;Sedan;08137.jpg
50;155;637;392;181;43;4;Suzuki Aerio Sedan 2007;Suzuki;Sedan;08138.jpg
117;84;583;403;188;45;4;Toyota Corolla Sedan 2012;Toyota;Sedan;08139.jpg
3;44;423;336;78;10;3;Chrysler Town and Country Minivan 2012;Chrysler;Minivan;08140.jpg
138;150;706;523;196;48;0;smart fortwo Convertible 2012;smart;Convertible;08141.jpg
26;246;660;449;163;34;1;Mercedes-Benz SL-Class Coupe 2009;Mercedes-Benz;Coupe;08142.jpg
78;526;1489;908;112;17;1;Ford GT Coupe 2006;Ford;Coupe;08143.jpg
